Material_ID,Material_Key,Standard,Yield_Strength_MPa,Ultimate_Strength_MPa,Elongation_percent,Brinell_Hardness_HB,Youngs_Modulus_MPa,Shear_Modulus_MPa,Poissons_Ratio,Density_kg_m3,Reference_Temperature_C,Yield_Strength_at_T_MPa,UTS_at_T_MPa,Thermal_Conductivity_W_mK,CTE_1_per_K,Material_Cost_INR_per_kg,Embodied_Carbon_kgCO2e_per_kg,Specific_Strength_MPa_m3_per_kg,Specific_Stiffness_MPa_m3_per_kg,Strength_to_Cost_MPa_per_INRkg,Strength_to_Weight_Index
D8894772B88F495093C43AF905AB6373,ANSI Steel SAE 1015 as-rolled,ANSI,314,421,39,126,207000,79000,0.3,7860,20,314,421,42.6,1.22E-05,68,1.91,0.039949109,26.33587786,4.617647059,39.94910941
05982AC66F064F9EBC709E7A4164613A,ANSI Steel SAE 1015 normalized,ANSI,324,424,37,121,207000,79000,0.3,7860,20,324,424,42.6,1.22E-05,68,1.91,0.041221374,26.33587786,4.764705882,41.22137405
356D6E63FF9A49A3AB23BF66BAC85DC3,ANSI Steel SAE 1015 annealed,ANSI,284,386,37,111,207000,79000,0.3,7860,20,284,386,42.6,1.22E-05,68,1.91,0.036132316,26.33587786,4.176470588,36.13231552
1C758F8714AC4E0D9BD8D8AE1625AECD,ANSI Steel SAE 1020 as-rolled,ANSI,331,448,36,143,207000,79000,0.3,7860,20,331,448,42.6,1.22E-05,68,1.91,0.042111959,26.33587786,4.867647059,42.11195929
DCE10036FC1946FC8C9108D598D116AD,ANSI Steel SAE 1020 normalized,ANSI,346,441,35.8,131,207000,79000,0.3,7860,20,346,441,42.6,1.22E-05,68,1.91,0.044020356,26.33587786,5.088235294,44.02035623
2EC038241908434FA714FEEBE24DDEFE,ANSI Steel SAE 1020 annealed,ANSI,295,395,36.5,111,207000,79000,0.3,7860,20,295,395,42.6,1.22E-05,68,1.91,0.037531807,26.33587786,4.338235294,37.53180662
356B183DD9E34A1C80A5028D43B9E149,ANSI Steel SAE 1022 as-rolled,ANSI,359,503,35,149,207000,79000,0.3,7860,20,359,503,42.6,1.22E-05,68,1.91,0.0456743,26.33587786,5.279411765,45.67430025
95CB82FA86314D8490932A9E740744E3,ANSI Steel SAE 1022 normalized,ANSI,359,483,34,143,207000,79000,0.3,7860,20,359,483,42.6,1.22E-05,68,1.91,0.0456743,26.33587786,5.279411765,45.67430025
942333E2D11B4C2CA0B9DFD6D1CE38E0,ANSI Steel SAE 1022 annealed,ANSI,317,450,35,137,207000,79000,0.3,7860,20,317,450,42.6,1.22E-05,68,1.91,0.040330789,26.33587786,4.661764706,40.3307888
5E035DD0692F47E3A92EB298101AA124,ANSI Steel SAE 1030 as-rolled,ANSI,345,552,32,179,207000,79000,0.3,7860,20,345,552,42.6,1.22E-05,68,1.91,0.04389313,26.33587786,5.073529412,43.89312977
8C9BE76E417841C3B821D4776B498039,ANSI Steel SAE 1030 normalized,ANSI,345,517,32,149,207000,79000,0.3,7860,20,345,517,42.6,1.22E-05,68,1.91,0.04389313,26.33587786,5.073529412,43.89312977
39E235137DD74F3CA35EA024AFD04964,ANSI Steel SAE 1030 annealed,ANSI,341,464,31,126,207000,79000,0.3,7860,20,341,464,42.6,1.22E-05,68,1.91,0.043384224,26.33587786,5.014705882,43.38422392
436484F7350147F7A2982D1410FB03CC,ANSI Steel SAE 1030 tempered at 400 F,ANSI,648,848,17,495,207000,79000,0.3,7860,20,648,848,42.6,1.22E-05,68,1.91,0.082442748,26.33587786,9.529411765,82.44274809
65BF7EFEEAE24296AC60198D15FCEFD6,ANSI Steel SAE 1040 as-rolled,ANSI,414,621,25,201,207000,79000,0.3,7860,20,414,621,42.6,1.22E-05,68,1.91,0.052671756,26.33587786,6.088235294,52.67175573
E9134C5FCB8C41569B3B50315A4D13A5,ANSI Steel SAE 1040 normalized,ANSI,374,590,28,170,207000,79000,0.3,7860,20,374,590,42.6,1.22E-05,68,1.91,0.047582697,26.33587786,5.5,47.5826972
CEEFEC39D52C4CBC9FD7A599BF6E4078,ANSI Steel SAE 1040 annealed,ANSI,353,519,30,149,207000,79000,0.3,7860,20,353,519,42.6,1.22E-05,68,1.91,0.044910941,26.33587786,5.191176471,44.91094148
C3F57A34049943E98579CCEF761EE90D,ANSI Steel SAE 1040 tempered at 400 F,ANSI,593,779,19,262,207000,79000,0.3,7860,20,593,779,42.6,1.22E-05,68,1.91,0.075445293,26.33587786,8.720588235,75.44529262
6BB34C63B60749ADA2E4522BE8B284E2,ANSI Steel SAE 1050 as-rolled,ANSI,414,724,20,229,207000,79000,0.3,7860,20,414,724,42.6,1.22E-05,68,1.91,0.052671756,26.33587786,6.088235294,52.67175573
5D7646BB490A4A41A0C059C46224189F,ANSI Steel SAE 1050 normalized,ANSI,427,748,20,217,207000,79000,0.3,7860,20,427,748,42.6,1.22E-05,68,1.91,0.0543257,26.33587786,6.279411765,54.32569975
4DD78B764534417698C437FBECD1B914,ANSI Steel SAE 1050 annealed,ANSI,365,636,23.7,187,207000,79000,0.3,7860,20,365,636,42.6,1.22E-05,68,1.91,0.046437659,26.33587786,5.367647059,46.43765903
60F13C35666C4904BB693C60FFC8297E,ANSI Steel SAE 1050 tempered at 600 F,ANSI,724,979,14,321,207000,79000,0.3,7860,20,724,979,42.6,1.22E-05,68,1.91,0.092111959,26.33587786,10.64705882,92.11195929
EC7B0B89340448B2A2A9AA29CC77DFB8,ANSI Steel SAE 1060 as-rolled,ANSI,483,814,17,241,207000,79000,0.3,7860,20,483,814,42.6,1.22E-05,68,1.91,0.061450382,26.33587786,7.102941176,61.45038168
EDF9BFB1E0D14FADAAFE02B8B7157D69,ANSI Steel SAE 1060 normalized,ANSI,421,776,18,229,207000,79000,0.3,7860,20,421,776,42.6,1.22E-05,68,1.91,0.053562341,26.33587786,6.191176471,53.56234097
2A8B4A39AA164951BF57C49A2FD5A8C0,ANSI Steel SAE 1060 annealed,ANSI,372,626,22.5,179,207000,79000,0.3,7860,20,372,626,42.6,1.22E-05,68,1.91,0.047328244,26.33587786,5.470588235,47.32824427
51BB6C68630743439C326AAF86EA0D7C,ANSI Steel SAE 1060 tempered at 600 F,ANSI,779,1103,13,321,207000,79000,0.3,7860,20,779,1103,42.6,1.22E-05,68,1.91,0.099109415,26.33587786,11.45588235,99.10941476
677DEA95360F4ED08E9D8BA76BD75254,ANSI Steel SAE 1080 as-rolled,ANSI,586,965,12,293,207000,79000,0.3,7860,20,586,965,42.6,1.22E-05,68,1.91,0.074554707,26.33587786,8.617647059,74.55470738
E675A2F2E21E40B8830C1B3F23114D89,ANSI Steel SAE 1080 normalized,ANSI,524,1010,11,293,207000,79000,0.3,7860,20,524,1010,42.6,1.22E-05,68,1.91,0.066666667,26.33587786,7.705882353,66.66666667
4D3E61A5DD21432FA051902D9F8B4567,ANSI Steel SAE 1080 annealed,ANSI,376,615,24.7,174,207000,79000,0.3,7860,20,376,615,42.6,1.22E-05,68,1.91,0.04783715,26.33587786,5.529411765,47.83715013
CE4812A480FD405E8E0DAA0516695E81,ANSI Steel SAE 1080 tempered at 600 F,ANSI,979,1303,12,388,207000,79000,0.3,7860,20,979,1303,42.6,1.22E-05,68,1.91,0.124554707,26.33587786,14.39705882,124.5547074
683B75ED3E71416BA59C281AA8342B0A,ANSI Steel SAE 1095 as-rolled,ANSI,572,965,9,293,207000,79000,0.3,7860,20,572,965,42.6,1.22E-05,68,1.91,0.072773537,26.33587786,8.411764706,72.7735369
5624C3966397415184BEEE0B6D6EEF68,ANSI Steel SAE 1095 normalized,ANSI,500,1014,9.5,293,207000,79000,0.3,7860,20,500,1014,42.6,1.22E-05,68,1.91,0.063613232,26.33587786,7.352941176,63.61323155
388DD3EB93E1425BACFFD7A927F1E4B1,ANSI Steel SAE 1095 annealed,ANSI,379,657,13,192,207000,79000,0.3,7860,20,379,657,42.6,1.22E-05,68,1.91,0.04821883,26.33587786,5.573529412,48.21882952
18E85A7791694976A24C8E052BD13769,ANSI Steel SAE 1095 tempered at 400 F,ANSI,827,1289,10,401,207000,79000,0.3,7860,20,827,1289,42.6,1.22E-05,68,1.91,0.105216285,26.33587786,12.16176471,105.216285
76D2C71250F34F3BB4E20D9795D8FDF9,ANSI Steel SAE 1117 as-rolled,ANSI,305,487,33,143,207000,79000,0.3,7860,20,305,487,42.6,1.22E-05,68,1.91,0.038804071,26.33587786,4.485294118,38.80407125
8F59F91D01774EAD9862D688E8862F62,ANSI Steel SAE 1117 normalized,ANSI,303,467,33.5,137,207000,79000,0.3,7860,20,303,467,42.6,1.22E-05,68,1.91,0.038549618,26.33587786,4.455882353,38.54961832
5412CBE18E014D6CA2349F98FDCB7CF1,ANSI Steel SAE 1117 annealed,ANSI,279,429,32.8,121,207000,79000,0.3,7860,20,279,429,42.6,1.22E-05,68,1.91,0.035496183,26.33587786,4.102941176,35.49618321
B31ADD3ACE6D429EAED969BF1A48FCE8,ANSI Steel SAE 1118 as-rolled,ANSI,316,521,32,149,207000,79000,0.3,7860,20,316,521,42.6,1.22E-05,68,1.91,0.040203562,26.33587786,4.647058824,40.20356234
14E4B51BED3342A7936E3D09E5E5B406,ANSI Steel SAE 1118 normalized,ANSI,319,477,33.5,143,207000,79000,0.3,7860,20,319,477,42.6,1.22E-05,68,1.91,0.040585242,26.33587786,4.691176471,40.58524173
AEFFF966ED4E441BB320C8A8A4365FFA,ANSI Steel SAE 1118 annealed,ANSI,284,450,34.5,131,207000,79000,0.3,7860,20,284,450,42.6,1.22E-05,68,1.91,0.036132316,26.33587786,4.176470588,36.13231552
CF27002A1B9448539D2074C9C99A411A,ANSI Steel SAE 1137 as-rolled,ANSI,379,627,28,192,207000,79000,0.3,7860,20,379,627,42.6,1.22E-05,68,1.91,0.04821883,26.33587786,5.573529412,48.21882952
B9823642AF7E4A239F39B049736B33CF,ANSI Steel SAE 1137 normalized,ANSI,396,669,22.5,197,207000,79000,0.3,7860,20,396,669,42.6,1.22E-05,68,1.91,0.050381679,26.33587786,5.823529412,50.38167939
F9E819061E7A4AC799912C9C718136E0,ANSI Steel SAE 1137 annealed,ANSI,345,584,26.8,174,207000,79000,0.3,7860,20,345,584,42.6,1.22E-05,68,1.91,0.04389313,26.33587786,5.073529412,43.89312977
4955B1FBC76643B0A1C62062B4DDDEEB,ANSI Steel SAE 1137 tempered at 400 F,ANSI,938,1082,5,352,207000,79000,0.3,7860,20,938,1082,42.6,1.22E-05,68,1.91,0.119338422,26.33587786,13.79411765,119.3384224
B0802701EBB749C9AE296C2ACFA172FE,ANSI Steel SAE 1141 as-rolled,ANSI,359,676,22,192,207000,79000,0.3,7860,20,359,676,42.6,1.22E-05,68,1.91,0.0456743,26.33587786,5.279411765,45.67430025
55104F2A46594921B7EA1A69A87AB996,ANSI Steel SAE 1141 normalized,ANSI,405,707,22.7,201,207000,79000,0.3,7860,20,405,707,42.6,1.22E-05,68,1.91,0.051526718,26.33587786,5.955882353,51.52671756
53A2EC1C4EA24F5AB1E229C4D9E61828,ANSI Steel SAE 1141 annealed,ANSI,353,598,25.5,163,207000,79000,0.3,7860,20,353,598,42.6,1.22E-05,68,1.91,0.044910941,26.33587786,5.191176471,44.91094148
F013E5DB6E4247368996B896F7B42124,ANSI Steel SAE 1141 tempered at 400 F,ANSI,1213,1634,6,461,207000,79000,0.3,7860,20,1213,1634,42.6,1.22E-05,68,1.91,0.1543257,26.33587786,17.83823529,154.3256997
E766C49F05B941258F0D26D634F9B09C,ANSI Steel SAE 1144 as-rolled,ANSI,421,703,21,212,207000,79000,0.3,7860,20,421,703,42.6,1.22E-05,68,1.91,0.053562341,26.33587786,6.191176471,53.56234097
A6957B64C23249A9B9098108B8822ABD,ANSI Steel SAE 1144 normalized,ANSI,400,667,21,197,207000,79000,0.3,7860,20,400,667,42.6,1.22E-05,68,1.91,0.050890585,26.33587786,5.882352941,50.89058524
70DFA279BC8646BB9186C383AC15A1B7,ANSI Steel SAE 1144 annealed,ANSI,346,584,24.8,167,207000,79000,0.3,7860,20,346,584,42.6,1.22E-05,68,1.91,0.044020356,26.33587786,5.088235294,44.02035623
1EA0C63CE8E646B48BDD0A2CEB4F84AD,ANSI Steel SAE 1144 tempered at 400 F,ANSI,627,876,17,277,207000,79000,0.3,7860,20,627,876,42.6,1.22E-05,68,1.91,0.079770992,26.33587786,9.220588235,79.77099237
DD26C8179B3E480496DF925718220483,ANSI Steel SAE 1340 normalized,ANSI,558,836,22,248,207000,79000,0.3,7860,20,558,836,42.6,1.22E-05,68,1.91,0.070992366,26.33587786,8.205882353,70.99236641
279530D698244B6A8D45448148B661C9,ANSI Steel SAE 1340 annealed,ANSI,436,703,25.5,207,207000,79000,0.3,7860,20,436,703,42.6,1.22E-05,68,1.91,0.055470738,26.33587786,6.411764706,55.47073791
D39EB1FD3E0241B599A4E47F81CFAA23,ANSI Steel SAE 1340 tempered at 400 F,ANSI,1593,1806,11,505,207000,79000,0.3,7860,20,1593,1806,42.6,1.22E-05,68,1.91,0.202671756,26.33587786,23.42647059,202.6717557
62DAD57F176D4491BCBF13927AB5486D,ANSI Steel SAE 3140 normalized,ANSI,600,891,19.7,262,207000,79000,0.3,7860,20,600,891,42.6,1.22E-05,68,1.91,0.076335878,26.33587786,8.823529412,76.33587786
849657544E284411BDFD5159978EE22F,ANSI Steel SAE 3140 annealed,ANSI,422,689,24.5,197,207000,79000,0.3,7860,20,422,689,42.6,1.22E-05,68,1.91,0.053689567,26.33587786,6.205882353,53.68956743
EF66164C6CFE430B937654F70E12D7EC,ANSI Steel SAE 4037 tempered at 400 F,ANSI,758,1027,6,310,207000,79000,0.3,7860,20,758,1027,42.6,1.22E-05,68,1.91,0.096437659,26.33587786,11.14705882,96.43765903
1351D7DC9B18472F95F575337A1358B6,ANSI Steel SAE 4042 tempered at 400 F,ANSI,1662,1800,12,516,207000,79000,0.3,7860,20,1662,1800,42.6,1.22E-05,68,1.91,0.211450382,26.33587786,24.44117647,211.4503817
E20EC626F1E841248C34272843C62F7B,ANSI Steel SAE 4130 normalized,ANSI,436,669,25.5,197,207000,79000,0.3,7860,20,436,669,42.6,1.22E-05,68,1.91,0.055470738,26.33587786,6.411764706,55.47073791
99C77C3670B54339B60D684BA6E81764,ANSI Steel SAE 4130 annealed,ANSI,360,560,28.2,156,207000,79000,0.3,7860,20,360,560,42.6,1.22E-05,68,1.91,0.045801527,26.33587786,5.294117647,45.80152672
8638842ED9F44FA2AD535A9429DE4BB3,ANSI Steel SAE 4130 tempered at 400 F,ANSI,1462,1627,10,467,207000,79000,0.3,7860,20,1462,1627,42.6,1.22E-05,68,1.91,0.186005089,26.33587786,21.5,186.0050891
676EAF141CD24D92A7C598DFB07ADD96,ANSI Steel SAE 4140 normalized,ANSI,655,1020,17.7,302,207000,79000,0.3,7860,20,655,1020,42.6,1.22E-05,68,1.91,0.083333333,26.33587786,9.632352941,83.33333333
F9992EBE68824E398334E26710CE817F,ANSI Steel SAE 4140 annealed,ANSI,417,655,25.7,197,207000,79000,0.3,7860,20,417,655,42.6,1.22E-05,68,1.91,0.053053435,26.33587786,6.132352941,53.05343511
A7414D9AC1834478929B86F5EA58628D,ANSI Steel SAE 4140 tempered at 400 F,ANSI,1641,1772,8,510,207000,79000,0.3,7860,20,1641,1772,42.6,1.22E-05,68,1.91,0.208778626,26.33587786,24.13235294,208.778626
0CAC547704BE468E93FC049EC957CCBA,ANSI Steel SAE 4150 normalized,ANSI,734,1155,11.7,321,207000,79000,0.3,7860,20,734,1155,42.6,1.22E-05,68,1.91,0.093384224,26.33587786,10.79411765,93.38422392
76B0AE8D9FC84B19B8C9777F23F7535C,ANSI Steel SAE 4150 annealed,ANSI,379,729,20.2,197,207000,79000,0.3,7860,20,379,729,42.6,1.22E-05,68,1.91,0.04821883,26.33587786,5.573529412,48.21882952
0A6487FACA444912BA9AD9187C817B9C,ANSI Steel SAE 4150 tempered at 400 F,ANSI,1724,1931,10,530,207000,79000,0.3,7860,20,1724,1931,42.6,1.22E-05,68,1.91,0.219338422,26.33587786,25.35294118,219.3384224
900569479B7A433ABE2D53767A0878F2,ANSI Steel SAE 4320 normalized,ANSI,464,793,20.8,235,207000,79000,0.3,7860,20,464,793,42.6,1.22E-05,68,1.91,0.059033079,26.33587786,6.823529412,59.03307888
77BFFA21FE4744069205BF8C549141D0,ANSI Steel SAE 4320 annealed,ANSI,425,579,29,163,207000,79000,0.3,7860,20,425,579,42.6,1.22E-05,68,1.91,0.054071247,26.33587786,6.25,54.07124682
689FB068F4FA47B2B368C374BFC50C29,ANSI Steel SAE 4340 normalized,ANSI,862,1279,12.2,363,207000,79000,0.3,7860,20,862,1279,42.6,1.22E-05,68,1.91,0.109669211,26.33587786,12.67647059,109.6692112
51C972EA2EF04A728F9F537C74F69671,ANSI Steel SAE 4340 annealed,ANSI,472,745,22,217,207000,79000,0.3,7860,20,472,745,42.6,1.22E-05,68,1.91,0.060050891,26.33587786,6.941176471,60.05089059
40312809F59B4904AE2865372AD4C1F5,ANSI Steel SAE 4340 tempered at 400 F,ANSI,1675,1875,10,520,207000,79000,0.3,7860,20,1675,1875,42.6,1.22E-05,68,1.91,0.213104326,26.33587786,24.63235294,213.1043257
642039B632684DBB8C35AB46B2B30047,ANSI Steel SAE 4620 normalized,ANSI,366,574,29,174,207000,79000,0.3,7860,20,366,574,42.6,1.22E-05,68,1.91,0.046564885,26.33587786,5.382352941,46.5648855
1A42AEA1CB5F426E8C626FFC15F9C53A,ANSI Steel SAE 4620 annealed,ANSI,372,512,31.3,149,207000,79000,0.3,7860,20,372,512,42.6,1.22E-05,68,1.91,0.047328244,26.33587786,5.470588235,47.32824427
86D694E8101348BEB38DD49AC88C20A3,ANSI Steel SAE 4820 normalized,ANSI,484,755,24,229,207000,79000,0.3,7860,20,484,755,42.6,1.22E-05,68,1.91,0.061577608,26.33587786,7.117647059,61.57760814
B46E961340E14196B2580DEBF16E0369,ANSI Steel SAE 4820 annealed,ANSI,464,681,22.3,197,207000,79000,0.3,7860,20,464,681,42.6,1.22E-05,68,1.91,0.059033079,26.33587786,6.823529412,59.03307888
4DA8385C719D4A69826B2611122C2C1A,ANSI Steel SAE 5046 tempered at 400 F,ANSI,1407,1744,9,482,207000,79000,0.3,7860,20,1407,1744,42.6,1.22E-05,68,1.91,0.179007634,26.33587786,20.69117647,179.0076336
DF94587BEC0E447E89452D80240483C5,ANSI Steel SAE 5130 tempered at 400 F,ANSI,1517,1613,10,475,207000,79000,0.3,7860,20,1517,1613,42.6,1.22E-05,68,1.91,0.193002545,26.33587786,22.30882353,193.0025445
EFD90FA98D684823B2FE7D7E03959C7A,ANSI Steel SAE 5140 normalized,ANSI,472,793,22.7,229,207000,79000,0.3,7860,20,472,793,42.6,1.22E-05,217.831,1.91,0.060050891,26.33587786,2.166817395,60.05089059
93C8A8F26610442C9E6E373AF55A4FBE,ANSI Steel SAE 5140 annealed,ANSI,293,572,28.6,167,207000,79000,0.3,7860,20,293,572,42.6,1.22E-05,217.831,1.91,0.037277354,26.33587786,1.345079442,37.27735369
48166F06C0144B878E9104A65AC6F831,ANSI Steel SAE 5140 tempered at 400 F,ANSI,1641,1793,9,490,207000,79000,0.3,7860,20,1641,1793,42.6,1.22E-05,217.831,1.91,0.208778626,26.33587786,7.53336302,208.778626
E84590929F054F399D4B890715AA82DB,ANSI Steel SAE 5150 normalized,ANSI,529,870,20.7,255,207000,79000,0.3,7860,20,529,870,42.6,1.22E-05,217.831,1.91,0.067302799,26.33587786,2.42848814,67.30279898
C3EA5AD0DAE341A6AB3B8CD6EC191D50,ANSI Steel SAE 5150 annealed,ANSI,357,676,22,197,207000,79000,0.3,7860,20,357,676,42.6,1.22E-05,217.831,1.91,0.045419847,26.33587786,1.638885191,45.41984733
59714293436F4E3AAFB6C7C21BCB8D6A,ANSI Steel SAE 5150 tempered at 400 F,ANSI,1731,1944,5,525,207000,79000,0.3,7860,20,1731,1944,42.6,1.22E-05,217.831,1.91,0.220229008,26.33587786,7.946527354,220.2290076
C500FBB2FE424BD6A5C3804013E041E4,ANSI Steel SAE 5160 normalized,ANSI,531,957,17.5,269,207000,79000,0.3,7860,20,531,957,42.6,1.22E-05,68,1.91,0.067557252,26.33587786,7.808823529,67.55725191
23FDAACF3EE5449195F65F16F609D4D6,ANSI Steel SAE 5160 annealed,ANSI,276,722,17.2,197,207000,79000,0.3,7860,20,276,722,42.6,1.22E-05,68,1.91,0.035114504,26.33587786,4.058823529,35.11450382
D7C18C6812084E65B3E2719ECC60765C,ANSI Steel SAE 5160 tempered at 400 F,ANSI,1793,2220,4,627,207000,79000,0.3,7860,20,1793,2220,42.6,1.22E-05,68,1.91,0.228117048,26.33587786,26.36764706,228.1170483
995316D125324A8E8A692E5E13334E99,ANSI Steel SAE 6150 normalized,ANSI,615,939,21.8,269,207000,79000,0.3,7860,20,615,939,42.6,1.22E-05,68,1.91,0.078244275,26.33587786,9.044117647,78.24427481
C66C891B7F304727A2A4BF6AC6BB527B,ANSI Steel SAE 6150 annealed,ANSI,412,667,23,197,207000,79000,0.3,7860,20,412,667,42.6,1.22E-05,68,1.91,0.052417303,26.33587786,6.058823529,52.4173028
59CA95AEB9D94C1EAAAD627C601EE5AE,ANSI Steel SAE 6150 tempered at 400 F,ANSI,1689,1931,8,538,207000,79000,0.3,7860,20,1689,1931,42.6,1.22E-05,68,1.91,0.214885496,26.33587786,24.83823529,214.8854962
2E4BC847E6B54D21BC69AD30393DCFEE,ANSI Steel SAE 8620 normalized,ANSI,357,633,26.3,183,207000,79000,0.3,7860,20,357,633,42.6,1.22E-05,68,1.91,0.045419847,26.33587786,5.25,45.41984733
8F16966CB0284A36BAFD4E01AAC804F9,ANSI Steel SAE 8620 annealed,ANSI,385,536,31.3,149,207000,79000,0.3,7860,20,385,536,42.6,1.22E-05,68,1.91,0.048982188,26.33587786,5.661764706,48.9821883
52B681AD628C42C88D4E60ED8D4307A9,ANSI Steel SAE 8630 normalized,ANSI,429,650,23.5,187,207000,79000,0.3,7860,20,429,650,42.6,1.22E-05,68,1.91,0.054580153,26.33587786,6.308823529,54.58015267
EC86DACF22434C808E85D14845FA25F3,ANSI Steel SAE 8630 annealed,ANSI,372,564,29,156,207000,79000,0.3,7860,20,372,564,42.6,1.22E-05,68,1.91,0.047328244,26.33587786,5.470588235,47.32824427
FF15759DE83F481EB447ED12A677851D,ANSI Steel SAE 8630 tempered at 400 F,ANSI,1503,1641,9,465,207000,79000,0.3,7860,20,1503,1641,42.6,1.22E-05,68,1.91,0.191221374,26.33587786,22.10294118,191.221374
D18C57467E3D439EA62473DC3D8DB6BA,ANSI Steel SAE 8640 tempered at 400 F,ANSI,1669,1862,10,505,207000,79000,0.3,7860,20,1669,1862,42.6,1.22E-05,68,1.91,0.212340967,26.33587786,24.54411765,212.3409669
C863DF7515C14B09922C8387B8C52638,ANSI Steel SAE 8650 normalized,ANSI,688,1024,14,302,207000,79000,0.3,7860,20,688,1024,42.6,1.22E-05,68,1.91,0.087531807,26.33587786,10.11764706,87.53180662
5CBE1648872F4095BBE8A4464F646437,ANSI Steel SAE 8650 annealed,ANSI,386,715,22.5,212,207000,79000,0.3,7860,20,386,715,42.6,1.22E-05,68,1.91,0.049109415,26.33587786,5.676470588,49.10941476
0DB6991D187947A39B15B06AB9FEEB79,ANSI Steel SAE 8650 tempered at 400 F,ANSI,1675,1937,10,525,207000,79000,0.3,7860,20,1675,1937,42.6,1.22E-05,68,1.91,0.213104326,26.33587786,24.63235294,213.1043257
D15269446FEB40C29A5E661991D4DBB0,ANSI Steel SAE 8660 tempered at 800 F,ANSI,1551,1634,13,460,207000,79000,0.3,7860,20,1551,1634,42.6,1.22E-05,68,1.91,0.197328244,26.33587786,22.80882353,197.3282443
B75417F6D216424D9AF09771B2C39A85,ANSI Steel SAE 8740 normalized,ANSI,607,929,16,269,207000,79000,0.3,7860,20,607,929,42.6,1.22E-05,68,1.91,0.077226463,26.33587786,8.926470588,77.2264631
32D908D930EC4DA3889F7D26D7E72E31,ANSI Steel SAE 8740 annealed,ANSI,415,695,22.2,201,207000,79000,0.3,7860,20,415,695,42.6,1.22E-05,68,1.91,0.052798982,26.33587786,6.102941176,52.79898219
0B638593127147AAB0EA387D1DFCC653,ANSI Steel SAE 8740 tempered at 400 F,ANSI,1655,1999,10,578,207000,79000,0.3,7860,20,1655,1999,42.6,1.22E-05,68,1.91,0.210559796,26.33587786,24.33823529,210.5597964
ACEBB80CDC354F8BBF91798E38C663BF,ANSI Steel SAE 9255 normalized,ANSI,579,933,19.7,269,207000,79000,0.3,7860,20,579,933,42.6,1.22E-05,68,1.91,0.073664122,26.33587786,8.514705882,73.66412214
98B29985B2BF47A8BDB224B16BFCEBDD,ANSI Steel SAE 9255 annealed,ANSI,486,774,21.7,229,207000,79000,0.3,7860,20,486,774,42.6,1.22E-05,68,1.91,0.061832061,26.33587786,7.147058824,61.83206107
AB075783A9CC46C7A8F374F08BBB7357,ANSI Steel SAE 9255 tempered at 400 F,ANSI,2048,2103,1,601,207000,79000,0.3,7860,20,2048,2103,42.6,1.22E-05,68,1.91,0.260559796,26.33587786,30.11764706,260.5597964
85C5BB31FDEC427E8300403ED6E64D9C,ANSI Steel SAE 9260 tempered at 800 F,ANSI,1503,1758,8,470,207000,79000,0.3,7860,20,1503,1758,42.6,1.22E-05,68,1.91,0.191221374,26.33587786,22.10294118,191.221374
05FFFC93A5EB4E2A954734D2738D4CB8,ANSI Steel SAE 9310 normalized,ANSI,571,907,18.8,269,207000,79000,0.3,7860,20,571,907,42.6,1.22E-05,68,1.91,0.07264631,26.33587786,8.397058824,72.64631043
985D533CFF4B4019B57BE92CB46A9C2C,ANSI Steel SAE 9310 annealed,ANSI,440,820,17.3,241,207000,79000,0.3,7860,20,440,820,42.6,1.22E-05,68,1.91,0.055979644,26.33587786,6.470588235,55.97964377
511DB36A18F840F493E796205FB3375F,ANSI Steel SAE 30201 annealed,ANSI,379,793,55,194,193000,743000,0.3,8030,20,379,793,42.6,1.22E-05,217.831,1.91,0.047198007,24.03486924,1.739880917,47.19800747
C820422DF6594CE48208EE78C63F88C3,ANSI Steel SAE 30201 1/4-hard,ANSI,517,862,20,251,193000,743000,0.3,8030,20,517,862,42.6,1.22E-05,217.831,1.91,0.064383562,24.03486924,2.373399562,64.38356164
082215F3E66545348DCC7F2A8D2D29E0,ANSI Steel SAE 30201 1/2-hard,ANSI,758,1034,10,245,193000,743000,0.3,8030,20,758,1034,42.6,1.22E-05,217.831,1.91,0.094396015,24.03486924,3.479761834,94.39601494
630B52F32CF347E3A846427EFDFC32CB,ANSI Steel SAE 30201 3/4-hard,ANSI,931,1207,5,333,193000,743000,0.3,8030,20,931,1207,42.6,1.22E-05,217.831,1.91,0.115940224,24.03486924,4.273955498,115.9402242
C51342B8B71E4AA6972005DB91BE8E62,ANSI Steel SAE 30201 Full-hard,ANSI,965,1276,4,379,193000,743000,0.3,8030,20,965,1276,42.6,1.22E-05,217.831,1.91,0.120174346,24.03486924,4.430039801,120.1743462
C9648FA9B9F249499DC713C2748A77D0,ANSI Steel SAE 30202 annealed,ANSI,379,724,55,181,193000,743000,0.3,8030,20,379,724,42.6,1.22E-05,157.5,1.91,0.047198007,24.03486924,2.406349206,47.19800747
2FD9E4EDBF2244D6BE185B798FB83793,ANSI Steel SAE 30202 1/4-hard,ANSI,517,862,12,244,193000,743000,0.3,8030,20,517,862,42.6,1.22E-05,157.5,1.91,0.064383562,24.03486924,3.282539683,64.38356164
51B16BB19AD34DAA92DD3659C2FDB3F8,ANSI Steel SAE 30301 annealed,ANSI,276,758,60,165,193000,743000,0.3,8030,20,276,758,42.6,1.22E-05,217.831,1.91,0.034371108,24.03486924,1.26703729,34.37110834
819598B841CD48E3902451D26CCB333E,ANSI Steel SAE 30301 1/4-hard,ANSI,517,862,25,245,193000,743000,0.3,8030,20,517,862,42.6,1.22E-05,217.831,1.91,0.064383562,24.03486924,2.373399562,64.38356164
77A7B865F48C4497B581FFF6BF6F18C4,ANSI Steel SAE 30301 1/2-hard,ANSI,758,1034,15,253,193000,743000,0.3,8030,20,758,1034,42.6,1.22E-05,217.831,1.91,0.094396015,24.03486924,3.479761834,94.39601494
B4C8C7C886D34158A666A42E042213ED,ANSI Steel SAE 30301 3/4-hard,ANSI,931,1207,12,331,193000,743000,0.3,8030,20,931,1207,42.6,1.22E-05,217.831,1.91,0.115940224,24.03486924,4.273955498,115.9402242
5E71D9C8D57F4992BE9F12922A94BEE1,ANSI Steel SAE 30301 Full-hard,ANSI,965,1276,8,378,193000,743000,0.3,8030,20,965,1276,42.6,1.22E-05,217.831,1.91,0.120174346,24.03486924,4.430039801,120.1743462
0517E01F31F644EAB31FCB2999A64AC3,ANSI Steel SAE 30302 annealed,ANSI,255,621,55,155,193000,743000,0.3,8030,20,255,621,42.6,1.22E-05,217.831,1.91,0.031755915,24.03486924,1.170632279,31.75591532
0E625643E5534CC0B92EDAB787824020,ANSI Steel SAE 30302 1/4-hard,ANSI,517,862,12,244,193000,743000,0.3,8030,20,517,862,42.6,1.22E-05,217.831,1.91,0.064383562,24.03486924,2.373399562,64.38356164
8FC17E7034DB4529A188DB7DC6720D73,ANSI Steel SAE 30302B annealed,ANSI,276,655,50,165,193000,743000,0.3,8030,20,276,655,42.6,1.22E-05,217.831,1.91,0.034371108,24.03486924,1.26703729,34.37110834
6CCBB0F496D64C6EA71B2E75C76FA0F5,ANSI Steel SAE 30303 annealed,ANSI,241,621,50,160,193000,743000,0.3,8030,20,241,621,42.6,1.22E-05,217.831,1.91,0.030012453,24.03486924,1.106362272,30.0124533
6E889E820D974516A9CF03B271A6C03E,ANSI Steel SAE 30304 annealed,ANSI,241,586,55,150,193000,743000,0.3,8030,20,241,586,42.6,1.22E-05,217.831,1.91,0.030012453,24.03486924,1.106362272,30.0124533
BC6CFCE37E9B4DA0B864F2FB40722808,ANSI Steel SAE 30304L annealed,ANSI,207,552,55,140,193000,743000,0.3,8030,20,207,552,42.6,1.22E-05,225,1.91,0.025778331,24.03486924,0.92,25.77833126
373B847B50794DA990E9FBADAFB020CD,ANSI Steel SAE 30305 annealed,ANSI,255,586,55,156,193000,743000,0.3,8030,20,255,586,42.6,1.22E-05,217.831,1.91,0.031755915,24.03486924,1.170632279,31.75591532
FDAA4C64583B482C801BA7EE173FD876,ANSI Steel SAE 30308 annealed,ANSI,241,586,55,150,193000,743000,0.3,8030,20,241,586,42.6,1.22E-05,217.831,1.91,0.030012453,24.03486924,1.106362272,30.0124533
AE5E236D6CD94CEA887FB09A4669D04B,ANSI Steel SAE 30309 annealed,ANSI,276,621,45,165,193000,743000,0.3,8030,20,276,621,42.6,1.22E-05,380,1.91,0.034371108,24.03486924,0.726315789,34.37110834
BC2959E1EF8C408EA2F6D02DD321BFE8,ANSI Steel SAE 30310 annealed,ANSI,276,655,45,170,193000,743000,0.3,8030,20,276,655,42.6,1.22E-05,380,1.91,0.034371108,24.03486924,0.726315789,34.37110834
7387DCA5E54C41EDBF5501E86C56DCAF,ANSI Steel SAE 30314 annealed,ANSI,345,689,45,170,193000,743000,0.3,8030,20,345,689,42.6,1.22E-05,217.831,1.91,0.042963885,24.03486924,1.583796613,42.96388543
03A4FAFAA2354ABBA7C8AA7225DDD6C6,ANSI Steel SAE 30316 annealed,ANSI,241,586,55,150,193000,743000,0.3,8030,20,241,586,42.6,1.22E-05,230.597,1.91,0.030012453,24.03486924,1.045113336,30.0124533
795E6C75AF4C48EDA86F32FDC34DA73D,ANSI Steel SAE 30316L annealed,ANSI,207,538,55,145,193000,743000,0.3,8030,20,207,538,42.6,1.22E-05,322.5,1.91,0.025778331,24.03486924,0.641860465,25.77833126
5E210758EF6941ED925F476D4D0E1D1C,ANSI Steel SAE 30317 annealed,ANSI,276,621,50,160,193000,743000,0.3,8030,20,276,621,42.6,1.22E-05,217.831,1.91,0.034371108,24.03486924,1.26703729,34.37110834
A1E7F46F815F4E4FAE46A7231BB5099D,ANSI Steel SAE 30321 annealed,ANSI,241,600,55,150,193000,743000,0.3,8030,20,241,600,42.6,1.22E-05,310,1.91,0.030012453,24.03486924,0.777419355,30.0124533
C82FBBCDC40E4B2CB87AA5D1B4333084,ANSI Steel SAE 30347 annealed,ANSI,241,634,50,160,193000,743000,0.3,8030,20,241,634,42.6,1.22E-05,360,1.91,0.030012453,24.03486924,0.669444444,30.0124533
D6F2306ABB324C57A10425AA5F95B3A9,ANSI Steel SAE 30348 annealed,ANSI,241,634,50,160,193000,743000,0.3,8030,20,241,634,42.6,1.22E-05,217.831,1.91,0.030012453,24.03486924,1.106362272,30.0124533
9BB2104B1A754907AD9BA3021C49F1C7,ANSI Steel SAE 51403 annealed,ANSI,276,517,30,155,200000,769000,0.3,8030,20,276,517,42.6,1.22E-05,217.831,1.91,0.034371108,24.90660025,1.26703729,34.37110834
C6E2E39527334C8E894612FC38DCBC0E,ANSI Steel SAE 51403 tempered at 400 F,ANSI,1000,1310,15,390,200000,769000,0.3,8030,20,1000,1310,42.6,1.22E-05,217.831,1.91,0.124533001,24.90660025,4.59071482,124.5330012
823FEBE6673A4112996EE5B4F5AB5DD7,ANSI Steel SAE 51405 annealed,ANSI,276,483,30,150,200000,769000,0.3,8030,20,276,483,42.6,1.22E-05,217.831,1.91,0.034371108,24.90660025,1.26703729,34.37110834
80978696C32542F782EBAAEF63DF6C2B,ANSI Steel SAE 51410 annealed,ANSI,276,517,30,155,200000,769000,0.3,8030,20,276,517,42.6,1.22E-05,230,1.91,0.034371108,24.90660025,1.2,34.37110834
4B8B7D0FFB4940A999524B05A37F4FE9,ANSI Steel SAE 51410 tempered at 400 F,ANSI,1000,1310,15,390,200000,769000,0.3,8030,20,1000,1310,42.6,1.22E-05,230,1.91,0.124533001,24.90660025,4.347826087,124.5330012
0F4ED5D8DDDA49878B98737B31EE7704,ANSI Steel SAE 51414 annealed,ANSI,655,827,17,235,200000,769000,0.3,8030,20,655,827,42.6,1.22E-05,217.831,1.91,0.081569116,24.90660025,3.006918207,81.56911582
368F676CFAE249A7B63D9784E030FBF3,ANSI Steel SAE 51414 tempered at 400 F,ANSI,1034,1379,15,415,200000,769000,0.3,8030,20,1034,1379,42.6,1.22E-05,217.831,1.91,0.128767123,24.90660025,4.746799124,128.7671233
0B4576C8E3494CA59998B37C43635B84,ANSI Steel SAE 51416 annealed,ANSI,276,517,30,155,200000,769000,0.3,8030,20,276,517,42.6,1.22E-05,217.831,1.91,0.034371108,24.90660025,1.26703729,34.37110834
DF6116BAEBB94C7CB67DC8A355A4AD9A,ANSI Steel SAE 51416 tempered at 400 F,ANSI,1000,1310,15,390,200000,769000,0.3,8030,20,1000,1310,42.6,1.22E-05,217.831,1.91,0.124533001,24.90660025,4.59071482,124.5330012
020644C15E8441C981E4E8FF82DD281C,ANSI Steel SAE 51420 annealed,ANSI,345,655,25,195,200000,769000,0.3,8030,20,345,655,42.6,1.22E-05,250,1.91,0.042963885,24.90660025,1.38,42.96388543
DFDD071158E2431C82CD795AB2DC3DC9,ANSI Steel SAE 51420 tempered at 600 F,ANSI,1344,1586,8,500,200000,769000,0.3,8030,20,1344,1586,42.6,1.22E-05,250,1.91,0.167372354,24.90660025,5.376,167.3723537
B588F89B72494AD89979B5A898971A81,ANSI Steel SAE 51430 annealed,ANSI,310,517,30,155,200000,769000,0.3,8030,20,310,517,42.6,1.22E-05,175,1.91,0.03860523,24.90660025,1.771428571,38.60523039
D07DDC26D233420EA0F49B857B60E5F4,ANSI Steel SAE 51430F annealed,ANSI,379,552,25,170,200000,769000,0.3,8030,20,379,552,42.6,1.22E-05,175,1.91,0.047198007,24.90660025,2.165714286,47.19800747
DBB66391CD104B1EA25903F80285091D,ANSI Steel SAE 51431 annealed,ANSI,655,862,20,260,200000,769000,0.3,8030,20,655,862,42.6,1.22E-05,217.831,1.91,0.081569116,24.90660025,3.006918207,81.56911582
988683DFB80F4128A10413EB124AFC62,ANSI Steel SAE 51431 tempered at 400 F,ANSI,1069,1413,15,415,200000,769000,0.3,8030,20,1069,1413,42.6,1.22E-05,217.831,1.91,0.133125778,24.90660025,4.907474143,133.1257783
D970A9AC0D854EBB97207E5C6EB2D265,ANSI Steel SAE 51440A annealed,ANSI,414,724,20,215,200000,769000,0.3,8030,20,414,724,42.6,1.22E-05,217.831,1.91,0.051556663,24.90660025,1.900555936,51.55666252
C027925F385841D0AD1F968DEBCD254E,ANSI Steel SAE 51440A tempered at 600 F,ANSI,1655,1793,5,510,200000,769000,0.3,8030,20,1655,1793,42.6,1.22E-05,217.831,1.91,0.206102117,24.90660025,7.597633027,206.1021171
FA49D603FF3347E4B5CC986E959A8EFC,ANSI Steel SAE 51440C annealed,ANSI,448,758,13,230,200000,769000,0.3,8030,20,448,758,42.6,1.22E-05,217.831,1.91,0.055790785,24.90660025,2.056640239,55.79078456
DBA461E8D56645BC9FF0B36FE711A2A2,ANSI Steel SAE 51440C tempered at 600 F,ANSI,1896,1965,2,580,200000,769000,0.3,8030,20,1896,1965,42.6,1.22E-05,217.831,1.91,0.23611457,24.90660025,8.703995299,236.1145704
D23675EDD65E421BB310370F720AB7D0,ANSI Steel SAE 51446 annealed,ANSI,345,552,23,170,200000,769000,0.3,8030,20,345,552,42.6,1.22E-05,217.831,1.91,0.042963885,24.90660025,1.583796613,42.96388543
56F7E502ED9C4D97A0FE7DA3746354EA,ANSI Steel SAE 51501 annealed,ANSI,207,483,28,160,200000,769000,0.3,8030,20,207,483,42.6,1.22E-05,217.831,1.91,0.025778331,24.90660025,0.950277968,25.77833126
814DE2AA2A454B22AA6F8FC935716E8C,ANSI Steel SAE 51502 annealed,ANSI,207,483,30,150,200000,769000,0.3,8030,20,207,483,42.6,1.22E-05,217.831,1.91,0.025778331,24.90660025,0.950277968,25.77833126
1A53531B65474FC4B0AFD796A607847B,ANSI Grey cast iron class 20,ANSI,138,138,8.9,219,80000,32000,0.25,7160,20,138,138,26.9,1.28E-05,85,1.8,0.019273743,11.17318436,1.623529412,19.27374302
67B793906A16472EAA330F83B53F2B8B,ANSI Grey cast iron class 25,ANSI,172,172,8.2,218,98000,39000,0.25,7160,20,172,172,26.9,1.28E-05,85,1.8,0.024022346,13.68715084,2.023529412,24.02234637
54D9A9F3004F4D2993FB2D4A4BA00F7E,ANSI Grey cast iron class 30,ANSI,207,207,9,212,100000,40000,0.25,7160,20,207,207,26.9,1.28E-05,85,1.8,0.028910615,13.96648045,2.435294118,28.91061453
C656AC5B4EDA4BDC9317FA1E80FAA176,ANSI Grey cast iron class 35,ANSI,241,241,8.9,223,110000,44000,0.25,7160,20,241,241,26.9,1.28E-05,85,1.8,0.033659218,15.36312849,2.835294118,33.65921788
9F8C072E415F470F9371F8204FCD29FD,ANSI Grey cast iron class 40,ANSI,276,276,8.1,219,117000,47000,0.25,7160,20,276,276,26.9,1.28E-05,85,1.8,0.038547486,16.34078212,3.247058824,38.54748603
DC242B42288B4E17A62AF551DFAE29B0,ANSI Grey cast iron class 50,ANSI,345,345,7.4,217,124000,50000,0.25,7160,20,345,345,26.9,1.28E-05,85,1.8,0.048184358,17.31843575,4.058823529,48.18435754
623ABE2B6CFA4DAFA2B7AA4D494B6BDE,ANSI Grey cast iron class 60,ANSI,414,414,5.6,221,137000,55000,0.25,7160,20,414,414,26.9,1.28E-05,85,1.8,0.057821229,19.13407821,4.870588235,57.82122905
09EB41BD19C947EDBB7978D6AA9CA9FC,ANSI Malleable cast iron,ANSI,207,276,13.7,151,172000,68000,0.27,7160,20,207,276,26.9,1.28E-05,85,1.8,0.028910615,24.02234637,2.435294118,28.91061453
FF3F801C63B4429E979B9E84FE006818,ANSI Malleable cast iron,ANSI,317,414,8.7,187,172000,68000,0.27,7160,20,317,414,26.9,1.28E-05,85,1.8,0.044273743,24.02234637,3.729411765,44.27374302
10602E22027C46F39CCD78971940298D,ANSI Malleable cast iron,ANSI,427,552,5.9,231,172000,68000,0.27,7160,20,427,552,26.9,1.28E-05,85,1.8,0.059636872,24.02234637,5.023529412,59.63687151
9C42EE2F144D41B88593917BD5613DC9,ANSI Malleable cast iron,ANSI,538,689,5.9,250,172000,68000,0.27,7160,20,538,689,26.9,1.28E-05,85,1.8,0.075139665,24.02234637,6.329411765,75.1396648
CFC0876E42824F0B863D89CE76BB772A,ANSI Nodular cast iron,ANSI,276,414,8,184,159000,66000,0.2,7160,20,276,414,23.7,1.35E-05,85,1.8,0.038547486,22.20670391,3.247058824,38.54748603
83A69C294D084DF6BF26418BF8FEAC5A,ANSI Nodular cast iron,ANSI,365,552,5.6,222,159000,66000,0.2,7160,20,365,552,23.7,1.35E-05,85,1.8,0.050977654,22.20670391,4.294117647,50.97765363
8D21E01514AC4A40BDF16CF6E6EF5597,ANSI Nodular cast iron,ANSI,455,689,4.6,258,159000,66000,0.2,7160,20,455,689,23.7,1.35E-05,85,1.8,0.063547486,22.20670391,5.352941176,63.54748603
0E7E6F42B8364BB198D862DA0B262E35,ANSI Nodular cast iron,ANSI,552,827,6.2,255,159000,66000,0.2,7160,20,552,827,23.7,1.35E-05,85,1.8,0.077094972,22.20670391,6.494117647,77.09497207
B9CF1F99A73C47B8AB2698249F843DD3,ANSI Copper Alloy C80100,ANSI,62,172,40,142,108000,40000,0.35,8930,20,62,172,388,1.70E-05,800,4,0.006942889,12.09406495,0.0775,6.942889138
0E041E89343849A7BE8C850C10A34091,ANSI High-Copper Alloy C81300,ANSI,248,365,11,202,108000,40000,0.35,8930,20,248,365,388,1.70E-05,800,4,0.027771557,12.09406495,0.31,27.77155655
D0553F51250E456AA8B54835AB572E33,ANSI High-Copper Alloy C81500,ANSI,276,352,17,192,108000,40000,0.35,8930,20,276,352,388,1.70E-05,800,4,0.030907055,12.09406495,0.345,30.90705487
0D8DE0B29EF24661BA704748332A5BC4,ANSI High-Copper Alloy C81700,ANSI,469,634,8,226,108000,40000,0.35,8930,20,469,634,388,1.70E-05,800,4,0.052519597,12.09406495,0.58625,52.51959686
840F372D379146F68A91A79126A11145,ANSI Red brass C83300,ANSI,69,221,35,144,100000,37000,0.34,8500,20,69,221,116,2.05E-05,600,4,0.008117647,11.76470588,0.115,8.117647059
8C254890422F48F38E9B0EF4A3F3AA85,ANSI Red brass C83400,ANSI,69,241,30,153,100000,37000,0.34,8500,20,69,241,116,2.05E-05,600,4,0.008117647,11.76470588,0.115,8.117647059
72620708CE07415AB164155A108F2696,ANSI Red brass C83600,ANSI,117,255,30,155,100000,37000,0.34,8500,20,117,255,116,2.05E-05,600,4,0.013764706,11.76470588,0.195,13.76470588
52E2C8E7BE1A46CF8600AF45032B557A,ANSI Red brass C83800,ANSI,110,241,25,170,100000,37000,0.34,8500,20,110,241,116,2.05E-05,600,4,0.012941176,11.76470588,0.183333333,12.94117647
49CD50A5574645B2AF1A104282B874FA,ANSI Semi-red Brass C84200,ANSI,97,241,27,161,100000,37000,0.34,8500,20,97,241,116,2.05E-05,600,4,0.011411765,11.76470588,0.161666667,11.41176471
7EA0EEC4B6944E33BE865E010AD9E1FE,ANSI Semi-red Brass C84400,ANSI,97,234,26,164,100000,37000,0.34,8500,20,97,234,116,2.05E-05,600,4,0.011411765,11.76470588,0.161666667,11.41176471
4752F3A9E6C843D6AD2FD79532E5DA03,ANSI Semi-red Brass C84500,ANSI,97,241,28,158,100000,37000,0.34,8500,20,97,241,116,2.05E-05,600,4,0.011411765,11.76470588,0.161666667,11.41176471
C2C45302018642DF8C107C2BB95112C6,ANSI Semi-red Brass C84800,ANSI,97,241,30,153,100000,37000,0.34,8500,20,97,241,116,2.05E-05,600,4,0.011411765,11.76470588,0.161666667,11.41176471
47F50A9EA5EA431BA6969263CD54D141,ANSI Yellow Brass C85200,ANSI,90,262,35,145,100000,37000,0.34,8500,20,90,262,116,2.05E-05,600,4,0.010588235,11.76470588,0.15,10.58823529
DD97A6D584FD4B61AD281DA8F28B12DD,ANSI Yellow Brass C85400,ANSI,83,234,35,145,100000,37000,0.34,8500,20,83,234,116,2.05E-05,600,4,0.009764706,11.76470588,0.138333333,9.764705882
CCEAA2C520AA479FB737388690EFAF73,ANSI Yellow Brass C85500,ANSI,159,414,40,148,100000,37000,0.34,8500,20,159,414,116,2.05E-05,600,4,0.018705882,11.76470588,0.265,18.70588235
90BBFEA4894D4DD8862B8D5371A7B002,ANSI Yellow Brass C85700,ANSI,124,345,40,146,100000,37000,0.34,8500,20,124,345,116,2.05E-05,600,4,0.014588235,11.76470588,0.206666667,14.58823529
BFE334ACA0B54774859C664D0E3426AB,ANSI Yellow Brass C85800,ANSI,207,379,15,195,100000,37000,0.34,8500,20,207,379,116,2.05E-05,600,4,0.024352941,11.76470588,0.345,24.35294118
DE3571FA018D40DCAF02BC37995A5363,ANSI Manganese Bronze C86100,ANSI,345,655,20,199,120000,45000,0.31,8800,20,345,655,388,1.70E-05,650,4,0.039204545,13.63636364,0.530769231,39.20454545
4FD004DD88A4473183268E6E46EAE803,ANSI Manganese Bronze C86200,ANSI,331,655,20,201,120000,45000,0.31,8800,20,331,655,388,1.70E-05,650,4,0.037613636,13.63636364,0.509230769,37.61363636
28162DEB693D4A308083CCA71154EF44,ANSI Manganese Bronze C86300,ANSI,572,793,15,231,120000,45000,0.31,8800,20,572,793,388,1.70E-05,650,4,0.065,13.63636364,0.88,65
ACC010BBCB3E454E97BF8A4C4E3CC68C,ANSI Manganese Bronze C86400,ANSI,172,448,20,206,120000,45000,0.31,8800,20,172,448,388,1.70E-05,650,4,0.019545455,13.63636364,0.264615385,19.54545455
5CFBDD9CC5CC4DA5958A7A687DD79517,ANSI Manganese Bronze C86500,ANSI,193,490,30,164,120000,45000,0.31,8800,20,193,490,388,1.70E-05,650,4,0.021931818,13.63636364,0.296923077,21.93181818
48D71221F8034321AFCDF00564E7EE5E,ANSI Manganese Bronze C86700,ANSI,290,586,20,200,120000,45000,0.31,8800,20,290,586,388,1.70E-05,650,4,0.032954545,13.63636364,0.446153846,32.95454545
2A00A95E6A7346C09D15CE4A04792CB8,ANSI Manganese Bronze C86800,ANSI,262,565,22,194,120000,45000,0.31,8800,20,262,565,388,1.70E-05,650,4,0.029772727,13.63636364,0.403076923,29.77272727
BFBDD1F0C3134BE38D0F28016F8C2EB7,ANSI Silicon Brass C87200,ANSI,172,379,30,165,120000,45000,0.31,8800,20,172,379,116,2.05E-05,600,4,0.019545455,13.63636364,0.286666667,19.54545455
543461221FE44E8892BD2EAABA2C454B,ANSI Silicon Bronze C87400,ANSI,165,379,30,165,120000,45000,0.31,8800,20,165,379,388,1.70E-05,650,4,0.01875,13.63636364,0.253846154,18.75
06423909CD5E4B179CE6A6F996E2C553,ANSI Silicon Bronze C87500,ANSI,207,462,21,202,120000,45000,0.31,8800,20,207,462,388,1.70E-05,650,4,0.023522727,13.63636364,0.318461538,23.52272727
A4FEDB7FBA8B4AC590AA9563FD3D184F,ANSI Silicon Bronze C87600,ANSI,221,455,20,202,120000,45000,0.31,8800,20,221,455,388,1.70E-05,650,4,0.025113636,13.63636364,0.34,25.11363636
139BCFF222284DBD98BAA9E3F857BB56,ANSI Silicon Bronze C87800,ANSI,345,586,25,182,120000,45000,0.31,8800,20,345,586,388,1.70E-05,650,4,0.039204545,13.63636364,0.530769231,39.20454545
85923B91FFE5458286C4CB03007E6211,ANSI Silicon Bronze C87900,ANSI,241,483,25,181,120000,45000,0.31,8800,20,241,483,388,1.70E-05,650,4,0.027386364,13.63636364,0.370769231,27.38636364
B254908C64FD4FEC8043D0EC958A5787,ANSI Tin Bronze C90200,ANSI,110,262,30,163,120000,45000,0.31,8800,20,110,262,73,2.40E-05,650,4,0.0125,13.63636364,0.169230769,12.5
3F835BA072C846D8909CCB0913244F68,ANSI Tin Bronze C90300,ANSI,145,310,30,164,120000,45000,0.31,8800,20,145,310,73,2.40E-05,650,4,0.016477273,13.63636364,0.223076923,16.47727273
D853C626418E4F92AC4CA6DD96300058,ANSI Tin Bronze C90500,ANSI,152,310,25,183,120000,45000,0.31,8800,20,152,310,73,2.40E-05,650,4,0.017272727,13.63636364,0.233846154,17.27272727
168BB968EE264903AF3F5CF520FC04B7,ANSI Tin Bronze C90700,ANSI,152,303,20,204,120000,45000,0.31,8800,20,152,303,73,2.40E-05,650,4,0.017272727,13.63636364,0.233846154,17.27272727
FDA4A4CF34C3484089B5C890AE92A129,ANSI Tin Bronze C90900,ANSI,138,276,15,216,120000,45000,0.31,8800,20,138,276,73,2.40E-05,650,4,0.015681818,13.63636364,0.212307692,15.68181818
C19D25CCB1694F929A72BF66861D3185,ANSI Tin Bronze C91000,ANSI,172,221,2,218,120000,45000,0.31,8800,20,172,221,73,2.40E-05,650,4,0.019545455,13.63636364,0.264615385,19.54545455
ADF81B163E9E47BBB5FBFC742B0DD5DA,ANSI Tin Bronze C91100,ANSI,172,241,2,220,120000,45000,0.31,8800,20,172,241,73,2.40E-05,650,4,0.019545455,13.63636364,0.264615385,19.54545455
34F910C00BDB47C7BE63F86065FCE685,ANSI Tin Bronze C91300,ANSI,207,241,0.5,215,120000,45000,0.31,8800,20,207,241,73,2.40E-05,650,4,0.023522727,13.63636364,0.318461538,23.52272727
653438ABB233404C846F4A75BB658CDA,ANSI Tin Bronze C91600,ANSI,152,303,16,214,120000,45000,0.31,8800,20,152,303,73,2.40E-05,650,4,0.017272727,13.63636364,0.233846154,17.27272727
44C1B61500B7478FAFA99E1F94505A59,ANSI Tin Bronze C91700,ANSI,152,303,16,214,120000,45000,0.31,8800,20,152,303,73,2.40E-05,650,4,0.017272727,13.63636364,0.233846154,17.27272727
B6DC3EA524CE4DF890E15A703E481415,ANSI Leaded Tin Bronze C92200,ANSI,138,276,30,164,120000,45000,0.31,8800,20,138,276,34.9,2.90E-05,650,4,0.015681818,13.63636364,0.212307692,15.68181818
5922217CDFA04199B1611AF54C155E32,ANSI Leaded Tin Bronze C92300,ANSI,138,276,25,183,120000,45000,0.31,8800,20,138,276,34.9,2.90E-05,650,4,0.015681818,13.63636364,0.212307692,15.68181818
E8DC0675A7AE4CF1AF0F7A407140E88D,ANSI Leaded Tin Bronze C92500,ANSI,138,303,20,205,120000,45000,0.31,8800,20,138,303,34.9,2.90E-05,650,4,0.015681818,13.63636364,0.212307692,15.68181818
C90F115B8C8049999FF4D66D1E627DB0,ANSI Leaded Tin Bronze C92600,ANSI,138,303,30,164,120000,45000,0.31,8800,20,138,303,34.9,2.90E-05,650,4,0.015681818,13.63636364,0.212307692,15.68181818
F28DCCD7B2454F398F9D5233A3D5E232,ANSI Leaded Tin Bronze C92700,ANSI,145,290,20,204,120000,45000,0.31,8800,20,145,290,34.9,2.90E-05,650,4,0.016477273,13.63636364,0.223076923,16.47727273
291AACC414564C1B95431B7BCEA28BCD,ANSI Leaded Tin Bronze C92800,ANSI,207,276,1,215,120000,45000,0.31,8800,20,207,276,34.9,2.90E-05,650,4,0.023522727,13.63636364,0.318461538,23.52272727
C54141AC30F74D0081501D67CFEEB99B,ANSI Leaded Tin Bronze C92900,ANSI,179,324,20,201,120000,45000,0.31,8800,20,179,324,34.9,2.90E-05,650,4,0.020340909,13.63636364,0.275384615,20.34090909
BC5A694EF6BE4BCFB6F8C13646C96D50,ANSI High Leaded Tin Bronze C93200,ANSI,124,241,20,204,120000,45000,0.31,8800,20,124,241,34.9,2.90E-05,650,4,0.014090909,13.63636364,0.190769231,14.09090909
E790E6AB328B41C596708723469882CD,ANSI High Leaded Tin Bronze C93400,ANSI,110,221,20,202,120000,45000,0.31,8800,20,110,221,34.9,2.90E-05,650,4,0.0125,13.63636364,0.169230769,12.5
EBFFE24015C94EADBCDE92E27DC178C6,ANSI High Leaded Tin Bronze C93500,ANSI,110,221,20,202,120000,45000,0.31,8800,20,110,221,34.9,2.90E-05,650,4,0.0125,13.63636364,0.169230769,12.5
8240CB5CC4CF4AB8A062B5AD55531810,ANSI High Leaded Tin Bronze C93700,ANSI,124,241,20,204,120000,45000,0.31,8800,20,124,241,34.9,2.90E-05,650,4,0.014090909,13.63636364,0.190769231,14.09090909
34B98918283F448F81AF9D34973B4999,ANSI High Leaded Tin Bronze C93800,ANSI,110,207,18,206,120000,45000,0.31,8800,20,110,207,34.9,2.90E-05,650,4,0.0125,13.63636364,0.169230769,12.5
716F36482DE6420A8BAF4267CDD3A18D,ANSI High Leaded Tin Bronze C93900,ANSI,152,221,7,221,120000,45000,0.31,8800,20,152,221,34.9,2.90E-05,650,4,0.017272727,13.63636364,0.233846154,17.27272727
F0F15E0A8B114DCEB171FEB7376EC6BE,ANSI High Leaded Tin Bronze C94300,ANSI,90,186,15,208,120000,45000,0.31,8800,20,90,186,34.9,2.90E-05,650,4,0.010227273,13.63636364,0.138461538,10.22727273
05627635D32842E2A786C8108410CFC6,ANSI High Leaded Tin Bronze C94400,ANSI,110,221,18,207,120000,45000,0.31,8800,20,110,221,34.9,2.90E-05,650,4,0.0125,13.63636364,0.169230769,12.5
439B189A5C5C4E01B127DFC674D23059,ANSI High Leaded Tin Bronze C94500,ANSI,83,172,12,213,120000,45000,0.31,8800,20,83,172,34.9,2.90E-05,650,4,0.009431818,13.63636364,0.127692308,9.431818182
6BB2AE9CD6FA40E4A0E8044C9351F761,ANSI Nickel-Tin Bronze C94700,ANSI,159,345,35,155,120000,45000,0.31,8800,20,159,345,73,2.40E-05,650,4,0.018068182,13.63636364,0.244615385,18.06818182
9D9A67ECF3374DD687CF35CF019DDD43,ANSI Nickel-Tin Bronze C94800,ANSI,159,310,35,155,120000,45000,0.31,8800,20,159,310,73,2.40E-05,650,4,0.018068182,13.63636364,0.244615385,18.06818182
1C140125E5C549199970D39D5DDD3F7E,ANSI Aluminum Bronze C95200,ANSI,186,552,35,160,120000,45000,0.32,8800,20,186,552,167,2.36E-05,359,4,0.021136364,13.63636364,0.51810585,21.13636364
E8AFEF8067534C838F4E98D1B82B89CA,ANSI Aluminum Bronze C95300,ANSI,186,517,25,177,120000,45000,0.32,8800,20,186,517,167,2.36E-05,359,4,0.021136364,13.63636364,0.51810585,21.13636364
E5546C9A520043CBA3FCC30711919129,ANSI Aluminum Bronze C95400,ANSI,241,586,18,205,120000,45000,0.32,8800,20,241,586,167,2.36E-05,359,4,0.027386364,13.63636364,0.671309192,27.38636364
B565BE7A443340169C74BBBF4658AA0A,ANSI Aluminum Bronze C95500,ANSI,303,689,12,222,120000,45000,0.32,8800,20,303,689,167,2.36E-05,359,4,0.034431818,13.63636364,0.844011142,34.43181818
66BBEB82DD3A4103BB8E1CC8C993E643,ANSI Aluminum Bronze C95600,ANSI,234,517,18,201,120000,45000,0.32,8800,20,234,517,167,2.36E-05,359,4,0.026590909,13.63636364,0.651810585,26.59090909
73276228ABF345D98BEC32D08820704E,ANSI Aluminum Bronze C95700,ANSI,310,655,26,186,120000,45000,0.32,8800,20,310,655,167,2.36E-05,359,4,0.035227273,13.63636364,0.863509749,35.22727273
A8376D14D9934FAE864A885300C4540E,ANSI Aluminum Bronze C95800,ANSI,262,655,25,187,120000,45000,0.32,8800,20,262,655,167,2.36E-05,359,4,0.029772727,13.63636364,0.729805014,29.77272727
987E68DD26F641D1B216E0B46B3A26F1,ANSI Copper-Nickel C96200,ANSI,172,310,20,188,100000,37000,0.34,8500,20,172,310,388,1.70E-05,800,4,0.020235294,11.76470588,0.215,20.23529412
9C2FF8FE2C124FE7B1E12F6F574F53C5,ANSI Copper-Nickel C96300,ANSI,379,517,10,209,100000,37000,0.34,8500,20,379,517,388,1.70E-05,800,4,0.044588235,11.76470588,0.47375,44.58823529
4355834A3E9D473A83F58029DAE26274,ANSI Copper-Nickel C96400,ANSI,255,469,28,162,100000,37000,0.34,8500,20,255,469,388,1.70E-05,800,4,0.03,11.76470588,0.31875,30
420B7197C68B4B92951A2BA9DE0637F6,ANSI Copper-Nickel C96600,ANSI,483,758,7,229,100000,37000,0.34,8500,20,483,758,388,1.70E-05,800,4,0.056823529,11.76470588,0.60375,56.82352941
D24E0619F681498A913BE1B0160F75CF,ANSI Nickel Silver C97300,ANSI,117,241,20,189,100000,37000,0.34,8500,20,117,241,388,1.70E-05,800,4,0.013764706,11.76470588,0.14625,13.76470588
7A4078EC8928471FBD876FC0E8426A4B,ANSI Nickel Silver C97400,ANSI,117,262,20,189,100000,37000,0.34,8500,20,117,262,388,1.70E-05,800,4,0.013764706,11.76470588,0.14625,13.76470588
143657E1185C4AC99BA5A79C48EC459D,ANSI Nickel Silver C97600,ANSI,165,310,20,189,100000,37000,0.34,8500,20,165,310,388,1.70E-05,800,4,0.019411765,11.76470588,0.20625,19.41176471
A161E15E3741491D88ADB1A0ED84A96E,ANSI Nickel Silver C97800,ANSI,207,379,15,195,100000,37000,0.34,8500,20,207,379,388,1.70E-05,800,4,0.024352941,11.76470588,0.25875,24.35294118
91625CF659564EABA1F6FDD65C55AD06,ANSI Special Alloy C99300,ANSI,379,655,2,228,100000,37000,0.34,8500,20,379,655,388,1.70E-05,68,4,0.044588235,11.76470588,5.573529412,44.58823529
14B3583D3BC44CEBB4D6B57344D6EBE6,ANSI Special Alloy C99400,ANSI,234,455,25,175,100000,37000,0.34,8500,20,234,455,388,1.70E-05,68,4,0.027529412,11.76470588,3.441176471,27.52941176
FF03C11DCB5042278E421E37C2FA97BE,ANSI Special Alloy C99500,ANSI,276,483,12,205,100000,37000,0.34,8500,20,276,483,388,1.70E-05,68,4,0.032470588,11.76470588,4.058823529,32.47058824
BAB9AA2219D04A829C3F82AE71DF3E04,ANSI Special Alloy C99700,ANSI,172,379,25,179,100000,37000,0.34,8500,20,172,379,388,1.70E-05,68,4,0.020235294,11.76470588,2.529411765,20.23529412
88279DA54CA34E9C9506121FFA495E4D,ANSI Special Alloy C99750,ANSI,221,448,30,157,100000,37000,0.34,8500,20,221,448,388,1.70E-05,68,4,0.026,11.76470588,3.25,26
06F4EFE939A64FD8AD2256FDA4F3B3DF,ANSI Copper Alloy C10100,ANSI,69,221,55,143,108000,40000,0.35,8930,20,69,221,388,1.70E-05,800,4,0.007726764,12.09406495,0.08625,7.726763718
AAA4629A8B474F07827208FFE8153C69,ANSI Copper Alloy C15000,ANSI,41,200,54,142,108000,40000,0.35,8930,20,41,200,388,1.70E-05,800,4,0.004591265,12.09406495,0.05125,4.591265398
6E881FC61E034889B2B3CC52E5C0ABEF,ANSI Copper Alloy C15500,ANSI,124,276,40,146,108000,40000,0.35,8930,20,124,276,388,1.70E-05,800,4,0.013885778,12.09406495,0.155,13.88577828
B91821A1CD9F498D81C12D9229DDF8AA,ANSI Copper Alloy C15715,ANSI,303,359,27,162,108000,40000,0.35,8930,20,303,359,388,1.70E-05,800,4,0.033930571,12.09406495,0.37875,33.93057111
67E375202A84473684CF2DAE610BDCE0,ANSI Copper Alloy C15720,ANSI,372,441,25,171,108000,40000,0.35,8930,20,372,441,388,1.70E-05,800,4,0.041657335,12.09406495,0.465,41.65733483
29899B14DC1146D583C49A2FBB944DBC,ANSI Copper Alloy C15760,ANSI,448,483,22,194,108000,40000,0.35,8930,20,448,483,388,1.70E-05,800,4,0.050167973,12.09406495,0.56,50.16797312
8312CDE800BD425CA0C6728B50EB2691,ANSI Copper Alloy C16200,ANSI,48,241,57,143,108000,40000,0.35,8930,20,48,241,388,1.70E-05,800,4,0.00537514,12.09406495,0.06,5.375139978
ABA48E213AE447AD801250CCFCE78813,ANSI Copper Alloy C16500,ANSI,97,276,53,144,108000,40000,0.35,8930,20,97,276,388,1.70E-05,800,4,0.010862262,12.09406495,0.12125,10.86226204
01E640A28CDF470F9544E5D6DFDAB4FD,ANSI Copper Alloy C17000,ANSI,221,483,45,152,108000,40000,0.35,8930,20,221,483,388,1.70E-05,800,4,0.02474804,12.09406495,0.27625,24.74804031
D383785060D8424FB39199B9E7FCCAC0,ANSI Copper Alloy C17300,ANSI,172,469,48,152,108000,40000,0.35,8930,20,172,469,388,1.70E-05,800,4,0.019260918,12.09406495,0.215,19.26091825
66C69B28EC3E4FA6B58701B14FAEF367,ANSI Copper Alloy C17500,ANSI,172,310,28,160,108000,40000,0.35,8930,20,172,310,388,1.70E-05,800,4,0.019260918,12.09406495,0.215,19.26091825
44E9D2704D564789B73E4D393F652CFD,ANSI Copper Alloy C18200,ANSI,97,234,40,144,108000,40000,0.35,8930,20,97,234,388,1.70E-05,800,4,0.010862262,12.09406495,0.12125,10.86226204
7348C728921E478388135514793ACEE7,ANSI Copper Alloy C18900,ANSI,62,262,48,144,108000,40000,0.35,8930,20,62,262,388,1.70E-05,800,4,0.006942889,12.09406495,0.0775,6.942889138
25D0039141B24A909409D7384E25F716,ANSI Copper Alloy C19000,ANSI,138,262,50,146,108000,40000,0.35,8930,20,138,262,388,1.70E-05,800,4,0.015453527,12.09406495,0.1725,15.45352744
01309A47EC11439BBBC345E2ADACADEC,ANSI Copper Alloy C19100,ANSI,69,248,27,162,108000,40000,0.35,8930,20,69,248,388,1.70E-05,800,4,0.007726764,12.09406495,0.08625,7.726763718
A6E0574CEBF04A5DA507F595533FAA8B,ANSI Copper Alloy C19200,ANSI,76,255,40,144,108000,40000,0.35,8930,20,76,255,388,1.70E-05,800,4,0.008510638,12.09406495,0.095,8.510638298
50C517B22B0446C3869E95AED3668A25,ANSI Copper Alloy C19400,ANSI,165,310,32,151,108000,40000,0.35,8930,20,165,310,388,1.70E-05,800,4,0.018477044,12.09406495,0.20625,18.47704367
A704046CDCFD4380BA01F6281D0BA4A2,ANSI Copper Alloy C19500,ANSI,448,552,15,210,108000,40000,0.35,8930,20,448,552,388,1.70E-05,800,4,0.050167973,12.09406495,0.56,50.16797312
5EC4C301DD884ADC90001D28806DA196,ANSI Copper Alloy C21000,ANSI,69,234,45,144,108000,40000,0.35,8930,20,69,234,388,1.70E-05,800,4,0.007726764,12.09406495,0.08625,7.726763718
231251F25A9D4FD7A39EDC87D614639C,ANSI Commercial bronze C22000,ANSI,69,255,50,146,105000,40000,0.32,8800,20,69,255,388,1.70E-05,650,4,0.007840909,11.93181818,0.106153846,7.840909091
6A26D0014A7E413EB7CE1DCC3BE4FEF1,ANSI Red brass C23000,ANSI,69,269,55,145,105000,40000,0.32,8800,20,69,269,116,2.05E-05,600,4,0.007840909,11.93181818,0.115,7.840909091
ED07348F13104EACB33DC29DF30B76E0,ANSI Low brass C24000,ANSI,83,290,55,145,105000,40000,0.32,8800,20,83,290,116,2.05E-05,600,4,0.009431818,11.93181818,0.138333333,9.431818182
ECFD6B4BA60149FFA5FF8C79D7715EE2,ANSI Cartridge brass C26000,ANSI,76,303,66,145,105000,40000,0.32,8800,20,76,303,116,2.05E-05,600,4,0.008636364,11.93181818,0.126666667,8.636363636
B96C2F6EEB044EA38DA1DD30F0862E4C,ANSI Yellow brass C26800,ANSI,97,317,65,146,105000,40000,0.32,8800,20,97,317,116,2.05E-05,600,4,0.011022727,11.93181818,0.161666667,11.02272727
AE2F32E30D034471B73966074E78AB99,ANSI Muntz metal C28000,ANSI,145,372,52,149,105000,40000,0.32,8800,20,145,372,116,2.05E-05,68,4,0.016477273,11.93181818,2.132352941,16.47727273
2379783731BA42F5A1C8590FFADF56E7,ANSI Leaded commercial bronze C31400,ANSI,83,255,45,146,105000,40000,0.32,8800,20,83,255,34.9,2.90E-05,650,4,0.009431818,11.93181818,0.127692308,9.431818182
70F7C60D28C1438D9F1F84621F175578,ANSI Low-leaded brass C33000,ANSI,103,324,60,146,105000,40000,0.32,8800,20,103,324,116,2.05E-05,600,4,0.011704545,11.93181818,0.171666667,11.70454545
E4FA2318F091409A9972B1AA1064763A,ANSI High-leaded brass C34200,ANSI,117,338,52,148,105000,40000,0.32,8800,20,117,338,116,2.05E-05,600,4,0.013295455,11.93181818,0.195,13.29545455
C2D164067DA748D8ADDFB23E9A1B402D,ANSI Medium-leaded brass C35000,ANSI,90,310,66,145,105000,40000,0.32,8800,20,90,310,116,2.05E-05,600,4,0.010227273,11.93181818,0.15,10.22727273
1C1570732C8642FA9251598E595DB4BF,ANSI Leaded Muntz metal C36500 As hot rolled,ANSI,138,372,45,149,105000,40000,0.32,8800,20,138,372,116,2.05E-05,68,4,0.015681818,11.93181818,2.029411765,15.68181818
523FE598A3D449BD9943D5E0A779752E,ANSI Architectural bronze C38500 As extruded,ANSI,138,414,30,161,105000,40000,0.32,8800,20,138,414,388,1.70E-05,650,4,0.015681818,11.93181818,0.212307692,15.68181818
AB6D77E7E62F4AB9AB97C6651F1FBEEF,ANSI Copper Alloy C40500,ANSI,83,269,49,146,105000,40000,0.32,8800,20,83,269,388,1.70E-05,800,4,0.009431818,11.93181818,0.10375,9.431818182
7434A393DE784E54A8EF0BAC874176EE,ANSI Copper Alloy C40800,ANSI,90,290,43,146,105000,40000,0.32,8800,20,90,290,388,1.70E-05,800,4,0.010227273,11.93181818,0.1125,10.22727273
4A075CF11C3C4C5C8185E166EF549B94,ANSI Copper Alloy C41100,ANSI,76,269,43,146,105000,40000,0.32,8800,20,76,269,388,1.70E-05,800,4,0.008636364,11.93181818,0.095,8.636363636
4541DA54473A41CD8C66170E9BB44FF0,ANSI Copper Alloy C41300,ANSI,83,283,45,146,105000,40000,0.32,8800,20,83,283,388,1.70E-05,800,4,0.009431818,11.93181818,0.10375,9.431818182
BF30475757D84DCBA632A47C3316EBBE,ANSI Copper Alloy C41500,ANSI,117,317,44,147,105000,40000,0.32,8800,20,117,317,388,1.70E-05,800,4,0.013295455,11.93181818,0.14625,13.29545455
10D141A9545047199449C9E75B7A46D5,ANSI Copper Alloy C42200,ANSI,103,296,46,146,105000,40000,0.32,8800,20,103,296,388,1.70E-05,800,4,0.011704545,11.93181818,0.12875,11.70454545
76F1CA4056D2432586B668056696B027,ANSI Copper Alloy C42500,ANSI,124,310,49,148,105000,40000,0.32,8800,20,124,310,388,1.70E-05,800,4,0.014090909,11.93181818,0.155,14.09090909
59F0D33D89BF45E6B1A4189B8366A5FB,ANSI Copper Alloy C43000,ANSI,124,317,55,147,105000,40000,0.32,8800,20,124,317,388,1.70E-05,800,4,0.014090909,11.93181818,0.155,14.09090909
1685F2A660A04C3F9F06CAA16E3CA15A,ANSI Copper Alloy C43400,ANSI,103,310,49,146,105000,40000,0.32,8800,20,103,310,388,1.70E-05,800,4,0.011704545,11.93181818,0.12875,11.70454545
6034F99B6D72422FAAE1BE805884946B,ANSI Copper Alloy C43500,ANSI,110,317,46,147,105000,40000,0.32,8800,20,110,317,388,1.70E-05,800,4,0.0125,11.93181818,0.1375,12.5
0C1A2059F9C54B4184B792FDACC373EF,ANSI Copper Alloy C44300,ANSI,124,331,65,147,105000,40000,0.32,8800,20,124,331,388,1.70E-05,800,4,0.014090909,11.93181818,0.155,14.09090909
D02392212A1149A2932151894D961760,ANSI Copper Alloy C46400,ANSI,172,379,50,149,105000,40000,0.32,8800,20,172,379,388,1.70E-05,800,4,0.019545455,11.93181818,0.215,19.54545455
9622979E589E467F9722C75940FBC236,ANSI Copper Alloy C48200,ANSI,172,386,43,149,105000,40000,0.32,8800,20,172,386,388,1.70E-05,800,4,0.019545455,11.93181818,0.215,19.54545455
49E22F723EA8477FB5896CE6222F9482,ANSI Copper Alloy C48500,ANSI,172,393,40,150,105000,40000,0.32,8800,20,172,393,388,1.70E-05,800,4,0.019545455,11.93181818,0.215,19.54545455
F72D6ECD6CFC43C1B1695D07B50DE81D,ANSI Copper Alloy C50500,ANSI,97,276,48,146,105000,40000,0.32,8800,20,97,276,388,1.70E-05,800,4,0.011022727,11.93181818,0.12125,11.02272727
2170D77797604F41A9D0309FD8486ECF,ANSI Copper Alloy C51000,ANSI,131,324,64,148,105000,40000,0.32,8800,20,131,324,388,1.70E-05,800,4,0.014886364,11.93181818,0.16375,14.88636364
1CDE63BB5BE44CE895E151A74A122F87,ANSI Copper Alloy C51100,ANSI,345,317,48,146,105000,40000,0.32,8800,20,345,317,388,1.70E-05,800,4,0.039204545,11.93181818,0.43125,39.20454545
F8D8C7E9308D44A09568B4F2883693C2,ANSI Copper Alloy C52100,ANSI,165,379,70,149,105000,40000,0.32,8800,20,165,379,388,1.70E-05,800,4,0.01875,11.93181818,0.20625,18.75
75EBA115239C4D3E86D3D1DBF542925C,ANSI Copper Alloy C52400,ANSI,193,455,70,150,105000,40000,0.32,8800,20,193,455,388,1.70E-05,800,4,0.021931818,11.93181818,0.24125,21.93181818
67CDA87894BB4E1DB63A9CF08309F3ED,ANSI Copper Alloy C54400,ANSI,131,303,50,148,105000,40000,0.32,8800,20,131,303,388,1.70E-05,800,4,0.014886364,11.93181818,0.16375,14.88636364
07BDEB8F130D45C3B3C193E84DFA8D4E,ANSI Copper Alloy C60800,ANSI,186,414,55,147,105000,40000,0.32,8800,20,186,414,388,1.70E-05,800,4,0.021136364,11.93181818,0.2325,21.13636364
3AFD7A2C929B434989BF73A261280045,ANSI Copper Alloy C61000,ANSI,117,359,45,148,105000,40000,0.32,8800,20,117,359,388,1.70E-05,800,4,0.013295455,11.93181818,0.14625,13.29545455
5AE6A5EB75BE45A682E647E85C0E895F,ANSI Copper Alloy C61300,ANSI,207,483,42,153,105000,40000,0.32,8800,20,207,483,388,1.70E-05,800,4,0.023522727,11.93181818,0.25875,23.52272727
D1B3605E03044500A1F4ECCAFC35EF14,ANSI Copper Alloy C61400,ANSI,228,524,45,156,105000,40000,0.32,8800,20,228,524,388,1.70E-05,800,4,0.025909091,11.93181818,0.285,25.90909091
190F58293CEA418895431AC9C2CD01D8,ANSI Copper Alloy C61500,ANSI,152,483,55,155,105000,40000,0.32,8800,20,152,483,388,1.70E-05,800,4,0.017272727,11.93181818,0.19,17.27272727
D8E47D214FDC425FA8643CA7517481D6,ANSI Copper Alloy C61800,ANSI,269,552,28,169,105000,40000,0.32,8800,20,269,552,388,1.70E-05,800,4,0.030568182,11.93181818,0.33625,30.56818182
0281F74DF5284667A96A6C8C4CAA8520,ANSI Copper Alloy C61900,ANSI,338,634,30,178,105000,40000,0.32,8800,20,338,634,388,1.70E-05,800,4,0.038409091,11.93181818,0.4225,38.40909091
95CC9FAF89D14F8DB2E405722FE024BF,ANSI Copper Alloy C62300,ANSI,241,517,35,157,105000,40000,0.32,8800,20,241,517,388,1.70E-05,800,4,0.027386364,11.93181818,0.30125,27.38636364
B763EBACF6094717BB36F3A0FB48D263,ANSI Copper Alloy C62400,ANSI,276,621,18,205,105000,40000,0.32,8800,20,276,621,388,1.70E-05,800,4,0.031363636,11.93181818,0.345,31.36363636
6C73BC23E3704A5799CD258F739EE098,ANSI Copper Alloy C62500 As extruded,ANSI,379,689,21,199,105000,40000,0.32,8800,20,379,689,388,1.70E-05,800,4,0.043068182,11.93181818,0.47375,43.06818182
5B244F27FC35439F8EFFD275474DF067,ANSI Copper Alloy C63000,ANSI,345,621,20,192,105000,40000,0.32,8800,20,345,621,388,1.70E-05,800,4,0.039204545,11.93181818,0.43125,39.20454545
5A5BA7DDD93549E883DFC6A0AF67ADF9,ANSI Copper Alloy C63200,ANSI,310,621,25,183,105000,40000,0.32,8800,20,310,621,388,1.70E-05,800,4,0.035227273,11.93181818,0.3875,35.22727273
60C45065D8534EB7A110FCB18FC894BD,ANSI Copper Alloy C63800,ANSI,372,565,36,164,105000,40000,0.32,8800,20,372,565,388,1.70E-05,800,4,0.042272727,11.93181818,0.465,42.27272727
DA8CDEF6DBED4CF5BC72666158B84DD6,ANSI Copper Alloy C64200,ANSI,241,517,32,160,105000,40000,0.32,8800,20,241,517,388,1.70E-05,800,4,0.027386364,11.93181818,0.30125,27.38636364
D13277000764457BAB78F2140BD9048B,ANSI Copper Alloy C65100,ANSI,103,276,55,146,105000,40000,0.32,8800,20,103,276,388,1.70E-05,800,4,0.011704545,11.93181818,0.12875,11.70454545
C8965A5A03DD4721A2BFDE5C944DAFC8,ANSI Copper Alloy C65500,ANSI,145,386,63,150,105000,40000,0.32,8800,20,145,386,388,1.70E-05,800,4,0.016477273,11.93181818,0.18125,16.47727273
4768D96BCC3D46CAB715576A4933AAFA,ANSI Copper Alloy C66700,ANSI,83,316,60,146,105000,40000,0.32,8800,20,83,316,388,1.70E-05,800,4,0.009431818,11.93181818,0.10375,9.431818182
A21031D731FD4135BD126CFAB94AC7F6,ANSI Copper Alloy C67400,ANSI,234,483,28,165,105000,40000,0.32,8800,20,234,483,388,1.70E-05,800,4,0.026590909,11.93181818,0.2925,26.59090909
95D7AB7D0F384388BBF3901A37758795,ANSI Copper Alloy C67500,ANSI,207,448,33,152,105000,40000,0.32,8800,20,207,448,388,1.70E-05,800,4,0.023522727,11.93181818,0.25875,23.52272727
EE7AE57157734108A576C898FAC7D709,ANSI Copper Alloy C68700,ANSI,186,414,55,147,105000,40000,0.32,8800,20,186,414,388,1.70E-05,800,4,0.021136364,11.93181818,0.2325,21.13636364
B9E78501C5EF4F5296E3089F0FDC4D30,ANSI Copper Alloy C68800,ANSI,379,565,36,164,105000,40000,0.32,8800,20,379,565,388,1.70E-05,800,4,0.043068182,11.93181818,0.47375,43.06818182
34C9C38F8C544ABCB8F0BBFE1588C25E,ANSI Copper Alloy C69000,ANSI,359,565,35,164,105000,40000,0.32,8800,20,359,565,388,1.70E-05,800,4,0.040795455,11.93181818,0.44875,40.79545455
ABE229C0F8F2486F9E06160F08011EF9,ANSI Copper Alloy C69400,ANSI,276,552,25,177,105000,40000,0.32,8800,20,276,552,388,1.70E-05,800,4,0.031363636,11.93181818,0.345,31.36363636
6ADE5E6F707F4575B7AF265B8F10B6EF,ANSI Copper Alloy C70400,ANSI,276,262,46,144,105000,40000,0.32,8800,20,276,262,388,1.70E-05,800,4,0.031363636,11.93181818,0.345,31.36363636
B0C03D767AB14D0A96F819235CC69899,ANSI Copper Alloy C70600,ANSI,110,303,42,147,105000,40000,0.32,8800,20,110,303,388,1.70E-05,800,4,0.0125,11.93181818,0.1375,12.5
3DEA6C378C1C4C13A062CE6431709FF4,ANSI Copper Alloy C71000,ANSI,90,338,40,146,105000,40000,0.32,8800,20,90,338,388,1.70E-05,800,4,0.010227273,11.93181818,0.1125,10.22727273
67491C74D59C4C66931130EC631DD42B,ANSI Copper Alloy C71500,ANSI,138,372,45,149,105000,40000,0.32,8800,20,138,372,388,1.70E-05,800,4,0.015681818,11.93181818,0.1725,15.68181818
4B12052BDD66497A83A6729EE235114E,ANSI Copper Alloy C72200,ANSI,124,317,46,148,105000,40000,0.32,8800,20,124,317,388,1.70E-05,800,4,0.014090909,11.93181818,0.155,14.09090909
29F6C301BDAD49C0A7E5C5A1D24CAF89,ANSI Copper Alloy C72500,ANSI,152,379,35,152,105000,40000,0.32,8800,20,152,379,388,1.70E-05,800,4,0.017272727,11.93181818,0.19,17.27272727
8F2E56251AEC4837925EE620CE4015BB,ANSI Copper Alloy C73500,ANSI,103,345,37,146,105000,40000,0.32,8800,20,103,345,388,1.70E-05,800,4,0.011704545,11.93181818,0.12875,11.70454545
0D43AC38BD784A3FA53E84209FE33EBF,ANSI Copper Alloy C74500,ANSI,124,338,50,148,105000,40000,0.32,8800,20,124,338,388,1.70E-05,800,4,0.014090909,11.93181818,0.155,14.09090909
35DDFB3352474A7EBF817A55D9E09693,ANSI Copper Alloy C75200,ANSI,172,386,45,149,105000,40000,0.32,8800,20,172,386,388,1.70E-05,800,4,0.019545455,11.93181818,0.215,19.54545455
6B563D6EF61948EABB418F61322C2CD3,ANSI Copper Alloy C75400,ANSI,124,365,43,149,105000,40000,0.32,8800,20,124,365,388,1.70E-05,800,4,0.014090909,11.93181818,0.155,14.09090909
372107C8B92645B6A99976CB9DEC7F91,ANSI Copper Alloy C75700,ANSI,124,359,48,149,105000,40000,0.32,8800,20,124,359,388,1.70E-05,800,4,0.014090909,11.93181818,0.155,14.09090909
4EE0B4B7AC00413DBCA17156D942780A,ANSI Copper Alloy C76390,ANSI,586,621,6,226,105000,40000,0.32,8800,20,586,621,388,1.70E-05,800,4,0.066590909,11.93181818,0.7325,66.59090909
A8102CA2D64243448C3467CD1535BE27,ANSI Copper Alloy C77000,ANSI,186,414,40,148,105000,40000,0.32,8800,20,186,414,388,1.70E-05,800,4,0.021136364,11.93181818,0.2325,21.13636364
6AABCCDBF6E948EAA4B9DB70C0136E5F,ANSI Copper Alloy C78200,ANSI,159,365,40,149,105000,40000,0.32,8800,20,159,365,388,1.70E-05,800,4,0.018068182,11.93181818,0.19875,18.06818182
7C00F70F592B49B1A96250ADB31382DA,ANSI Aluminum Alloy 201.0 Cast (T7),ANSI,345,414,3,110,73000,26000,0.33,2700,20,345,414,167,2.36E-05,359,11.5,0.127777778,27.03703704,0.961002786,127.7777778
62F81F1848594190A576943A876CD761,ANSI Aluminum Alloy 204.0 Cast (T4),ANSI,193,310,6,75,73000,26000,0.33,2700,20,193,310,167,2.36E-05,359,11.5,0.071481481,27.03703704,0.537604457,71.48148148
DEA1EF7ABAE740B9B7094F9831A70306,ANSI Aluminum Alloy 208.0 Cast (F),ANSI,83,131,1.5,40,73000,26000,0.33,2700,20,83,131,167,2.36E-05,359,11.5,0.030740741,27.03703704,0.231197772,30.74074074
8C8645596B874571ACE68348F1C5C6C7,ANSI Aluminum Alloy 242.0 Cast (T61),ANSI,138,221,5.1,90,73000,26000,0.33,2700,20,138,221,167,2.36E-05,359,11.5,0.051111111,27.03703704,0.384401114,51.11111111
1C44918205244C60BCA2F6B74AD23757,ANSI Aluminum Alloy 242.0 Cast (T77),ANSI,90,165,1,60,73000,26000,0.33,2700,20,90,165,167,2.36E-05,359,11.5,0.033333333,27.03703704,0.250696379,33.33333333
105AF76EB446402CA701CB939C8F67A4,ANSI Aluminum Alloy 295.0 Cast (T4),ANSI,90,200,6,45,73000,26000,0.33,2700,20,90,200,167,2.36E-05,359,11.5,0.033333333,27.03703704,0.250696379,33.33333333
A79B003D7E0942CDB5D3A97058ECBA89,ANSI Aluminum Alloy 295.0 Cast (T6),ANSI,138,221,3,60,73000,26000,0.33,2700,20,138,221,167,2.36E-05,359,11.5,0.051111111,27.03703704,0.384401114,51.11111111
468AB518E1D049EBAB344DD014854FED,ANSI Aluminum Alloy 295.0 Cast (T62),ANSI,193,248,8.1,80,73000,26000,0.33,2700,20,193,248,167,2.36E-05,359,11.5,0.071481481,27.03703704,0.537604457,71.48148148
D8BE660AE16E47359F3394750A9AA57A,ANSI Aluminum Alloy 295.0 Cast (T7),ANSI,110,200,3,55,73000,26000,0.33,2700,20,110,200,167,2.36E-05,359,11.5,0.040740741,27.03703704,0.306406685,40.74074074
3810E1CDDDC64706B51EE3000ABDCDBF,ANSI Aluminum Alloy 319.0 Cast (F),ANSI,90,159,1.5,55,73000,26000,0.33,2700,20,90,159,167,2.36E-05,359,11.5,0.033333333,27.03703704,0.250696379,33.33333333
26BF5F98F3AF43DF8331501FE8AC635E,ANSI Aluminum Alloy 319.0 Cast (T6),ANSI,138,214,1.5,65,73000,26000,0.33,2700,20,138,214,167,2.36E-05,359,11.5,0.051111111,27.03703704,0.384401114,51.11111111
9CB3C44B0E4A4163B1392F025E0CA172,ANSI Aluminum Alloy 328.0 Cast (F),ANSI,97,172,1,45,73000,26000,0.33,2700,20,97,172,167,2.36E-05,359,11.5,0.035925926,27.03703704,0.270194986,35.92592593
8A4A278D33064C189E9B48E0E1EADDB2,ANSI Aluminum Alloy 328.0 Cast (T6),ANSI,145,234,1,65,73000,26000,0.33,2700,20,145,234,167,2.36E-05,359,11.5,0.053703704,27.03703704,0.403899721,53.7037037
92D6BAE2EFB5420CB4E01C47BF9E4A23,ANSI Aluminum Alloy 355.0 Cast (T51),ANSI,124,172,7.8,50,73000,26000,0.33,2700,20,124,172,167,2.36E-05,359,11.5,0.045925926,27.03703704,0.3454039,45.92592593
6D63602F7A194B078D3336F690923D6F,ANSI Aluminum Alloy 355.0 Cast (T6),ANSI,138,221,2,70,73000,26000,0.33,2700,20,138,221,167,2.36E-05,359,11.5,0.051111111,27.03703704,0.384401114,51.11111111
5A299D612BCE4EFE90703F9231970B6F,ANSI Aluminum Alloy 355.0 Cast (T71),ANSI,152,207,6.2,60,73000,26000,0.33,2700,20,152,207,167,2.36E-05,359,11.5,0.056296296,27.03703704,0.423398329,56.2962963
B4595D5339254240B2A7195BDCC5715F,ANSI Aluminum Alloy C355.0 Cast (T6),ANSI,172,248,2.5,75,73000,26000,0.33,2700,20,172,248,167,2.36E-05,359,11.5,0.063703704,27.03703704,0.479108635,63.7037037
A428051AEB9442DEB854900E61A87C6B,ANSI Aluminum Alloy 356.0 Cast (T51),ANSI,110,159,9.2,45,73000,26000,0.33,2700,20,110,159,167,2.36E-05,359,11.5,0.040740741,27.03703704,0.306406685,40.74074074
15B6270B5F4048DC8C9112BF04F765DA,ANSI Aluminum Alloy 356.0 Cast (T6),ANSI,138,207,3,55,73000,26000,0.33,2700,20,138,207,167,2.36E-05,359,11.5,0.051111111,27.03703704,0.384401114,51.11111111
CAF0E0DAB69D41FEAA0EE6AD7FBE6737,ANSI Aluminum Alloy 356.0 Cast (T7),ANSI,200,214,8.3,60,73000,26000,0.33,2700,20,200,214,167,2.36E-05,359,11.5,0.074074074,27.03703704,0.557103064,74.07407407
17E825F91A6C47CAA9DE0344EADECBDF,ANSI Aluminum Alloy 356.0 Cast (T71),ANSI,124,172,3,45,73000,26000,0.33,2700,20,124,172,167,2.36E-05,359,11.5,0.045925926,27.03703704,0.3454039,45.92592593
90FEE72CADA54A4781A00BCF488DF210,ANSI Aluminum Alloy A356.0 Cast (T6),ANSI,165,234,3.5,70,73000,26000,0.33,2700,20,165,234,167,2.36E-05,359,11.5,0.061111111,27.03703704,0.459610028,61.11111111
5C6F865A793941F595176AF958C8E54B,ANSI Aluminum Alloy 443.0 Cast (F),ANSI,48,117,3,25,73000,26000,0.33,2700,20,48,117,167,2.36E-05,359,11.5,0.017777778,27.03703704,0.133704735,17.77777778
20B9C268B8ED41FBBAC1F4D5E0512FC8,ANSI Aluminum Alloy B443.0 Cast (F),ANSI,41,117,3,25,73000,26000,0.33,2700,20,41,117,167,2.36E-05,359,11.5,0.015185185,27.03703704,0.114206128,15.18518519
A5630881BFF54E7ABF6CC4DC8D99EFD5,ANSI Aluminum Alloy 512.0 Cast (F),ANSI,69,117,16.4,35,73000,26000,0.33,2700,20,69,117,167,2.36E-05,359,11.5,0.025555556,27.03703704,0.192200557,25.55555556
BF57863D00B24108A999019D819DCB9E,ANSI Aluminum Alloy 514.0 Cast (F),ANSI,62,152,6,35,73000,26000,0.33,2700,20,62,152,167,2.36E-05,359,11.5,0.022962963,27.03703704,0.17270195,22.96296296
F39FE00A010D4669AEC56ABFFFE4864E,ANSI Aluminum Alloy 520.0 Cast (T4),ANSI,152,290,12,60,73000,26000,0.33,2700,20,152,290,167,2.36E-05,359,11.5,0.056296296,27.03703704,0.423398329,56.2962963
38F18004ECCF466FB38982B1B9B8E0DF,ANSI Aluminum Alloy 535.0 Cast (F or T5),ANSI,124,241,9,60,73000,26000,0.33,2700,20,124,241,167,2.36E-05,359,11.5,0.045925926,27.03703704,0.3454039,45.92592593
7BD395E702254018B16EFCB6BECD08C9,ANSI Aluminum Alloy 705.0 Cast (F or T5),ANSI,117,207,5,50,73000,26000,0.33,2700,20,117,207,167,2.36E-05,359,11.5,0.043333333,27.03703704,0.325905292,43.33333333
DD6D66E3AD6944819D0B4BCF87BECA66,ANSI Aluminum Alloy 707.0 Cast (T5),ANSI,152,228,2,70,73000,26000,0.33,2700,20,152,228,167,2.36E-05,359,11.5,0.056296296,27.03703704,0.423398329,56.2962963
4342454BAE6248AD835592F28160644B,ANSI Aluminum Alloy 707.0 Cast (T7),ANSI,207,255,1,65,73000,26000,0.33,2700,20,207,255,167,2.36E-05,359,11.5,0.076666667,27.03703704,0.576601671,76.66666667
61AC82C8D681453091E953E105A78E18,ANSI Aluminum Alloy 710.0 Cast (F or T5),ANSI,138,221,2,60,73000,26000,0.33,2700,20,138,221,167,2.36E-05,359,11.5,0.051111111,27.03703704,0.384401114,51.11111111
6C690A1404784BDF9CF6DF36A139D1FC,ANSI Aluminum Alloy 712.0 Cast (F or T5),ANSI,172,234,4,60,73000,26000,0.33,2700,20,172,234,167,2.36E-05,359,11.5,0.063703704,27.03703704,0.479108635,63.7037037
EC2C304A5C3C4082A6387A918ABFE8C6,ANSI Aluminum Alloy 713.0 Cast (F or T5),ANSI,152,221,3,60,73000,26000,0.33,2700,20,152,221,167,2.36E-05,359,11.5,0.056296296,27.03703704,0.423398329,56.2962963
6B100EE9FEEC471591F9FC761D314C99,ANSI Aluminum Alloy 771.0 Cast (T5),ANSI,262,290,1.5,85,73000,26000,0.33,2700,20,262,290,167,2.36E-05,359,11.5,0.097037037,27.03703704,0.729805014,97.03703704
14D1138649394E2EBE602BC61EE4F3DF,ANSI Aluminum Alloy 771.0 Cast (T51),ANSI,186,221,3,70,73000,26000,0.33,2700,20,186,221,167,2.36E-05,359,11.5,0.068888889,27.03703704,0.51810585,68.88888889
8302BCDA7D954584B93D3C1963411292,ANSI Aluminum Alloy 771.0 Cast (T52),ANSI,207,248,1.5,70,73000,26000,0.33,2700,20,207,248,167,2.36E-05,359,11.5,0.076666667,27.03703704,0.576601671,76.66666667
6B17ACFAE66D45CE8B0692D24C5670CE,ANSI Aluminum Alloy 771.0 Cast (T53),ANSI,186,248,1.5,71,73000,26000,0.33,2700,20,186,248,167,2.36E-05,359,11.5,0.068888889,27.03703704,0.51810585,68.88888889
6BF21F63D5BA4522A06ED2D49052D6F5,ANSI Aluminum Alloy 771.0 Cast (T6),ANSI,241,290,5,75,73000,26000,0.33,2700,20,241,290,167,2.36E-05,359,11.5,0.089259259,27.03703704,0.671309192,89.25925926
062A1B349356469D9AB1628A0455540B,ANSI Aluminum Alloy 771.0 Cast (T71),ANSI,310,331,2,105,73000,26000,0.33,2700,20,310,331,167,2.36E-05,359,11.5,0.114814815,27.03703704,0.863509749,114.8148148
005CF44A087645B28B41ADD1F88E43AD,ANSI Aluminum Alloy 852.0 Cast (T5),ANSI,124,165,7.9,45,73000,26000,0.33,2700,20,124,165,167,2.36E-05,359,11.5,0.045925926,27.03703704,0.3454039,45.92592593
8AC71DC21EE142328544183CD442AF32,ANSI Aluminum Alloy 1060-O Wrought,ANSI,28,69,43,19,73000,26000,0.33,2700,20,28,69,167,2.36E-05,359,11.5,0.01037037,27.03703704,0.077994429,10.37037037
D57A4923C2374F2D9911E3B898395782,ANSI Aluminum Alloy 1060-H12 Wrought,ANSI,76,83,16,23,73000,26000,0.33,2700,20,76,83,167,2.36E-05,359,11.5,0.028148148,27.03703704,0.211699164,28.14814815
BE910EFD1B2F449C83A93E83FFE2A651,ANSI Aluminum Alloy 1060-H14 Wrought,ANSI,90,97,12,26,73000,26000,0.33,2700,20,90,97,167,2.36E-05,359,11.5,0.033333333,27.03703704,0.250696379,33.33333333
021FB11DC8F84C6AAF259609335CED54,ANSI Aluminum Alloy 1060-H16 Wrought,ANSI,103,110,8,30,73000,26000,0.33,2700,20,103,110,167,2.36E-05,359,11.5,0.038148148,27.03703704,0.286908078,38.14814815
1C3EFE560C8E4DA4AB7C4B603E6804A7,ANSI Aluminum Alloy 1060-H18 Wrought,ANSI,124,131,6,35,73000,26000,0.33,2700,20,124,131,167,2.36E-05,359,11.5,0.045925926,27.03703704,0.3454039,45.92592593
99D8301C4CE9454B9E8A2F02B87A3040,ANSI Aluminum Alloy 1100-O Wrought,ANSI,34,90,35,23,73000,26000,0.33,2700,20,34,90,167,2.36E-05,359,11.5,0.012592593,27.03703704,0.094707521,12.59259259
55DB6797F5F442889758AAEFA6A4C4A6,ANSI Aluminum Alloy 1100-H12 Wrought,ANSI,103,110,12,28,73000,26000,0.33,2700,20,103,110,167,2.36E-05,359,11.5,0.038148148,27.03703704,0.286908078,38.14814815
CF7A241FE12942AD9BF001BB955544DE,ANSI Aluminum Alloy 1100-H14 Wrought,ANSI,117,124,9,32,73000,26000,0.33,2700,20,117,124,167,2.36E-05,359,11.5,0.043333333,27.03703704,0.325905292,43.33333333
66408FE2991746E8A2B0C75725AA50E4,ANSI Aluminum Alloy 1100-H16 Wrought,ANSI,138,145,6,38,73000,26000,0.33,2700,20,138,145,167,2.36E-05,359,11.5,0.051111111,27.03703704,0.384401114,51.11111111
02DD38B5C27C4DE7A182C5779E5B8671,ANSI Aluminum Alloy 1100-H18 Wrought,ANSI,152,165,5,44,73000,26000,0.33,2700,20,152,165,167,2.36E-05,359,11.5,0.056296296,27.03703704,0.423398329,56.2962963
F781FB361BF04BCB8CDE6E6891F4DB12,ANSI Aluminum Alloy 1350-O Wrought,ANSI,28,83,26,24,73000,26000,0.33,2700,20,28,83,167,2.36E-05,359,11.5,0.01037037,27.03703704,0.077994429,10.37037037
69AB3225467043BB9422CCCFF8D07476,ANSI Aluminum Alloy 1350-H12 Wrought,ANSI,83,97,17,27,73000,26000,0.33,2700,20,83,97,167,2.36E-05,359,11.5,0.030740741,27.03703704,0.231197772,30.74074074
96726D0423924121A8224F7F1C92C4C1,ANSI Aluminum Alloy 1350-H14 Wrought,ANSI,97,110,14.2,29,73000,26000,0.33,2700,20,97,110,167,2.36E-05,359,11.5,0.035925926,27.03703704,0.270194986,35.92592593
E602F053B40F4F358F6AD8B76AC34CDA,ANSI Aluminum Alloy 1350-H16 Wrought,ANSI,110,124,12.4,32,73000,26000,0.33,2700,20,110,124,167,2.36E-05,359,11.5,0.040740741,27.03703704,0.306406685,40.74074074
88089E52A15C43769B8058CDE66A96F8,ANSI Aluminum Alloy 1350-H19 Wrought,ANSI,165,186,6.7,52,73000,26000,0.33,2700,20,165,186,167,2.36E-05,359,11.5,0.061111111,27.03703704,0.459610028,61.11111111
6BECB8F0CF964FD5A1946049A0FE38B8,ANSI Aluminum Alloy 2011-T3 Wrought,ANSI,296,379,15,95,73000,26000,0.33,2700,20,296,379,167,2.36E-05,359,11.5,0.10962963,27.03703704,0.824512535,109.6296296
4D7E38C3239040EA871F8D4A82C6FBB2,ANSI Aluminum Alloy 2011-T8 Wrought,ANSI,310,407,12,100,73000,26000,0.33,2700,20,310,407,167,2.36E-05,359,11.5,0.114814815,27.03703704,0.863509749,114.8148148
255EE16C253142B4906D98E663B7E8B4,ANSI Aluminum Alloy 2014-O Wrought,ANSI,97,186,18,45,73000,26000,0.33,2700,20,97,186,167,2.36E-05,359,11.5,0.035925926,27.03703704,0.270194986,35.92592593
AB295509AC7747DCBC5A73BAC049CF88,ANSI Aluminum Alloy 2014-T4 Wrought,ANSI,290,427,20,105,73000,26000,0.33,2700,20,290,427,167,2.36E-05,359,11.5,0.107407407,27.03703704,0.807799443,107.4074074
6E3841E7D4EE465BBD7E0306DD6C49F4,ANSI Aluminum Alloy 2014-T451 Wrought,ANSI,290,427,20,105,73000,26000,0.33,2700,20,290,427,167,2.36E-05,359,11.5,0.107407407,27.03703704,0.807799443,107.4074074
2B8C530701354B338EFFFB2D0CB94346,ANSI Aluminum Alloy 2014-T6 Wrought,ANSI,414,483,13,135,73000,26000,0.33,2700,20,414,483,167,2.36E-05,359,11.5,0.153333333,27.03703704,1.153203343,153.3333333
16F33028BAF843A396FFC901C64AE6A5,ANSI Aluminum Alloy 2014-T651 Wrought,ANSI,414,483,13,135,73000,26000,0.33,2700,20,414,483,167,2.36E-05,359,11.5,0.153333333,27.03703704,1.153203343,153.3333333
D9C63E5BF4BC46C187B81D3001F1A2DD,ANSI Aluminum Alloy Alclad 2014-O Wrought,ANSI,69,172,21,45,73000,26000,0.33,2700,20,69,172,167,2.36E-05,359,11.5,0.025555556,27.03703704,0.192200557,25.55555556
F9E910B846F2467A9FD07A4BEB721A84,ANSI Aluminum Alloy Alclad 2014-T3 Wrought,ANSI,276,434,20,106,73000,26000,0.33,2700,20,276,434,167,2.36E-05,359,11.5,0.102222222,27.03703704,0.768802228,102.2222222
5D8DB051900749A7B1ADFBE634FD3A12,ANSI Aluminum Alloy Alclad 2014-T4 Wrought,ANSI,255,421,22,104,73000,26000,0.33,2700,20,255,421,167,2.36E-05,359,11.5,0.094444444,27.03703704,0.710306407,94.44444444
1A1483C744814748B83F72F80DBB6A15,ANSI Aluminum Alloy Alclad 2014-T451 Wrought,ANSI,255,421,22,104,73000,26000,0.33,2700,20,255,421,167,2.36E-05,359,11.5,0.094444444,27.03703704,0.710306407,94.44444444
792FAC9AFB8344FFA4A999E0228CF117,ANSI Aluminum Alloy Alclad 2014-T6 Wrought,ANSI,414,469,10,129,73000,26000,0.33,2700,20,414,469,167,2.36E-05,359,11.5,0.153333333,27.03703704,1.153203343,153.3333333
D67CD9BF622740E690A7D72B9214D496,ANSI Aluminum Alloy Alclad 2014-T651 Wrought,ANSI,414,469,10,129,73000,26000,0.33,2700,20,414,469,167,2.36E-05,359,11.5,0.153333333,27.03703704,1.153203343,153.3333333
CC9906BDE0FD4AB8995649F616253E13,ANSI Aluminum Alloy 2017-O Wrought,ANSI,69,179,22,45,73000,26000,0.33,2700,20,69,179,167,2.36E-05,359,11.5,0.025555556,27.03703704,0.192200557,25.55555556
4B241E1128CA42378C3C24AAEC2702A9,ANSI Aluminum Alloy 2017-T4 Wrought,ANSI,276,427,22,105,73000,26000,0.33,2700,20,276,427,167,2.36E-05,359,11.5,0.102222222,27.03703704,0.768802228,102.2222222
BF96378BC9AA40F299FA59617C0A324D,ANSI Aluminum Alloy 2017-T451 Wrought,ANSI,276,427,22,105,73000,26000,0.33,2700,20,276,427,167,2.36E-05,359,11.5,0.102222222,27.03703704,0.768802228,102.2222222
405A6156BC5142B593445A9CC89F8902,ANSI Aluminum Alloy 2018-T61 Wrought,ANSI,317,421,12,120,73000,26000,0.33,2700,20,317,421,167,2.36E-05,359,11.5,0.117407407,27.03703704,0.883008357,117.4074074
8B91F392A6D347E2B746DE29BE594EB0,ANSI Aluminum Alloy 2024-O Wrought,ANSI,76,186,20,47,73000,26000,0.33,2700,20,76,186,167,2.36E-05,359,11.5,0.028148148,27.03703704,0.211699164,28.14814815
2CB41DE4C057449083455182F7DBF563,ANSI Aluminum Alloy 2024-T3 Wrought,ANSI,345,483,18,120,73000,26000,0.33,2700,20,345,483,167,2.36E-05,359,11.5,0.127777778,27.03703704,0.961002786,127.7777778
AB5E4114289E4F7EBBEFEAF3FB7662E7,ANSI Aluminum Alloy 2024-T351 Wrought,ANSI,324,469,20,120,73000,26000,0.33,2700,20,324,469,167,2.36E-05,359,11.5,0.12,27.03703704,0.902506964,120
B6FBB1B1177A4474AE1A4E66B369B8C3,ANSI Aluminum Alloy 2024-T4 Wrought,ANSI,324,469,20,120,73000,26000,0.33,2700,20,324,469,167,2.36E-05,359,11.5,0.12,27.03703704,0.902506964,120
4E9C6BA333854A3684AD37467901D2C0,ANSI Aluminum Alloy 2024-T361 Wrought,ANSI,393,496,13,130,73000,26000,0.33,2700,20,393,496,167,2.36E-05,359,11.5,0.145555556,27.03703704,1.094707521,145.5555556
86827B9E3E3F433E94FE77AF080CEF52,ANSI Aluminum Alloy Alclad 2024-O Wrought,ANSI,76,179,20,46,73000,26000,0.33,2700,20,76,179,167,2.36E-05,359,11.5,0.028148148,27.03703704,0.211699164,28.14814815
09CE5118469D4565B0EFB5513E2A69FD,ANSI Aluminum Alloy Alclad 2024-T3 Wrought,ANSI,310,448,18,112,73000,26000,0.33,2700,20,310,448,167,2.36E-05,359,11.5,0.114814815,27.03703704,0.863509749,114.8148148
A1C6043FFA9C433180738ABD73A96E6E,ANSI Aluminum Alloy Alclad 2024-T351 Wrought,ANSI,290,441,19,107,73000,26000,0.33,2700,20,290,441,167,2.36E-05,359,11.5,0.107407407,27.03703704,0.807799443,107.4074074
1D1A7E63F60D4773899F29446044F073,ANSI Aluminum Alloy Alclad 2024-T4 Wrought,ANSI,290,441,19,107,73000,26000,0.33,2700,20,290,441,167,2.36E-05,359,11.5,0.107407407,27.03703704,0.807799443,107.4074074
ACB59543C3274139A6CEFC07FE045478,ANSI Aluminum Alloy Alclad 202024-T361 Wrought,ANSI,365,462,11,122,73000,26000,0.33,2700,20,365,462,167,2.36E-05,359,11.5,0.135185185,27.03703704,1.016713092,135.1851852
1414DC380FB344B1B396CC418EC4EDD0,ANSI Aluminum Alloy Alclad 2024-T81 Wrought,ANSI,414,448,6,122,73000,26000,0.33,2700,20,414,448,167,2.36E-05,359,11.5,0.153333333,27.03703704,1.153203343,153.3333333
9B2403171FF24B368344595EFF403960,ANSI Aluminum Alloy Alclad 2024-T851 Wrought,ANSI,414,448,6,122,73000,26000,0.33,2700,20,414,448,167,2.36E-05,359,11.5,0.153333333,27.03703704,1.153203343,153.3333333
5C0EE4442D524AE99BC35672E1C25BB7,ANSI Aluminum Alloy Alclad 2024-T861 Wrought,ANSI,455,483,6,137,73000,26000,0.33,2700,20,455,483,167,2.36E-05,359,11.5,0.168518519,27.03703704,1.267409471,168.5185185
57534C1F07A94114A3269FA6C5792760,ANSI Aluminum Alloy 2025-T6 Wrought,ANSI,255,400,19,110,73000,26000,0.33,2700,20,255,400,167,2.36E-05,359,11.5,0.094444444,27.03703704,0.710306407,94.44444444
D2F2BA9861DA4898A839BE8D56489385,ANSI Aluminum Alloy 2036-T4 Wrought,ANSI,193,338,24,81,73000,26000,0.33,2700,20,193,338,167,2.36E-05,359,11.5,0.071481481,27.03703704,0.537604457,71.48148148
8D0801D6A6E24797BFB36CA7895DB18A,ANSI Aluminum Alloy 2117-T4 Wrought,ANSI,165,296,27,70,73000,26000,0.33,2700,20,165,296,167,2.36E-05,359,11.5,0.061111111,27.03703704,0.459610028,61.11111111
8A9C68278B934E03AFE2F74996788396,ANSI Aluminum Alloy 2218-T72 Wrought,ANSI,255,331,11,95,73000,26000,0.33,2700,20,255,331,167,2.36E-05,359,11.5,0.094444444,27.03703704,0.710306407,94.44444444
3CF88A03E24E477FA29505DC1A6D2A0F,ANSI Aluminum Alloy 2219-O Wrought,ANSI,76,172,18,46,73000,26000,0.33,2700,20,76,172,167,2.36E-05,359,11.5,0.028148148,27.03703704,0.211699164,28.14814815
D0186B1AEFB246088D92742E0F1516AF,ANSI Aluminum Alloy 2219-T42 Wrought,ANSI,186,359,20,84,73000,26000,0.33,2700,20,186,359,167,2.36E-05,359,11.5,0.068888889,27.03703704,0.51810585,68.88888889
5C642DCE808142FB93127AEC92F64163,ANSI Aluminum Alloy 2219-T31 Wrought,ANSI,248,359,17,91,73000,26000,0.33,2700,20,248,359,167,2.36E-05,359,11.5,0.091851852,27.03703704,0.690807799,91.85185185
1E81DFEC89A440279E477E43B9BF662F,ANSI Aluminum Alloy 2219-T351 Wrought,ANSI,248,359,17,91,73000,26000,0.33,2700,20,248,359,167,2.36E-05,359,11.5,0.091851852,27.03703704,0.690807799,91.85185185
08B28F0645F94F9187B7DD9C8AEDFF0A,ANSI Aluminum Alloy 2219-T37 Wrought,ANSI,317,393,11,113,73000,26000,0.33,2700,20,317,393,167,2.36E-05,359,11.5,0.117407407,27.03703704,0.883008357,117.4074074
92D81CD2697B4292AFEC4E1BCFBDF02D,ANSI Aluminum Alloy 2219-T62 Wrought,ANSI,290,414,10,105,73000,26000,0.33,2700,20,290,414,167,2.36E-05,359,11.5,0.107407407,27.03703704,0.807799443,107.4074074
7C4660306EC24683B383CF779E194F3C,ANSI Aluminum Alloy 2219-T81 Wrought,ANSI,352,455,10,118,73000,26000,0.33,2700,20,352,455,167,2.36E-05,359,11.5,0.13037037,27.03703704,0.980501393,130.3703704
E4D63F6C64B6465995DD8F53F2DA89B9,ANSI Aluminum Alloy 2219-T851 Wrought,ANSI,352,455,10,118,73000,26000,0.33,2700,20,352,455,167,2.36E-05,359,11.5,0.13037037,27.03703704,0.980501393,130.3703704
8361064113924AB69EBBCBD6154BCD70,ANSI Aluminum Alloy 2219-T87 Wrought,ANSI,393,476,10,128,73000,26000,0.33,2700,20,393,476,167,2.36E-05,359,11.5,0.145555556,27.03703704,1.094707521,145.5555556
D8379CFE86444F11A2C817B90EBF3D73,ANSI Aluminum Alloy 3003-O Wrought,ANSI,41,110,30,28,73000,26000,0.33,2700,20,41,110,167,2.36E-05,359,11.5,0.015185185,27.03703704,0.114206128,15.18518519
6AE3E90DA7C245AC83EACFF7C5352AAE,ANSI Aluminum Alloy 3003-H12 Wrought,ANSI,124,131,10,35,73000,26000,0.33,2700,20,124,131,167,2.36E-05,359,11.5,0.045925926,27.03703704,0.3454039,45.92592593
08B5CCC255B946718BC8273750E5B50B,ANSI Aluminum Alloy 3003-H14 Wrought,ANSI,145,152,8,40,73000,26000,0.33,2700,20,145,152,167,2.36E-05,359,11.5,0.053703704,27.03703704,0.403899721,53.7037037
7D54EF3F697047DD82663BDB114DE81C,ANSI Aluminum Alloy 3003-H16 Wrought,ANSI,172,179,5,47,73000,26000,0.33,2700,20,172,179,167,2.36E-05,359,11.5,0.063703704,27.03703704,0.479108635,63.7037037
83CFBBA17B5D49D58808DDBEBDF99985,ANSI Aluminum Alloy 3003-H18 Wrought,ANSI,186,200,4,55,73000,26000,0.33,2700,20,186,200,167,2.36E-05,359,11.5,0.068888889,27.03703704,0.51810585,68.88888889
D8994A9C0ACB48E69779A176E648B91D,ANSI Aluminum Alloy Alclad 3003-O Wrought,ANSI,41,110,30,27,73000,26000,0.33,2700,20,41,110,167,2.36E-05,359,11.5,0.015185185,27.03703704,0.114206128,15.18518519
1213B1D67D584E56BCC6684DF210B4D9,ANSI Aluminum Alloy Alclad 3003-H12 Wrought,ANSI,124,131,10,35,73000,26000,0.33,2700,20,124,131,167,2.36E-05,359,11.5,0.045925926,27.03703704,0.3454039,45.92592593
4BDCEB0AF7564103A5A8509BD03F7ADD,ANSI Aluminum Alloy Alclad 3003-H14 Wrought,ANSI,145,152,8,40,73000,26000,0.33,2700,20,145,152,167,2.36E-05,359,11.5,0.053703704,27.03703704,0.403899721,53.7037037
9148727B7EDF4B43A73EBDBE9AE430E1,ANSI Aluminum Alloy Alclad 3003-H16 Wrought,ANSI,172,179,5,48,73000,26000,0.33,2700,20,172,179,167,2.36E-05,359,11.5,0.063703704,27.03703704,0.479108635,63.7037037
509650723ECF41AEBA1C973CCE3DBE88,ANSI Aluminum Alloy Alclad 3003-H18 Wrought,ANSI,186,200,4,54,73000,26000,0.33,2700,20,186,200,167,2.36E-05,359,11.5,0.068888889,27.03703704,0.51810585,68.88888889
2E6B077F198D43CD85C59F374396784D,ANSI Aluminum Alloy 3004-O Wrought,ANSI,69,179,20,45,73000,26000,0.33,2700,20,69,179,167,2.36E-05,359,11.5,0.025555556,27.03703704,0.192200557,25.55555556
0C6BFAA6FEE74160A57C758224CB94C6,ANSI Aluminum Alloy 3004-H32 Wrought,ANSI,172,214,10,52,73000,26000,0.33,2700,20,172,214,167,2.36E-05,359,11.5,0.063703704,27.03703704,0.479108635,63.7037037
4F4A1990A5F14740A79C256E9B54DE8A,ANSI Aluminum Alloy 3004-H34 Wrought,ANSI,200,241,9,63,73000,26000,0.33,2700,20,200,241,167,2.36E-05,359,11.5,0.074074074,27.03703704,0.557103064,74.07407407
D3943263C9F04D45895C8D54FBFBABF2,ANSI Aluminum Alloy 3004-H36 Wrought,ANSI,228,262,5,70,73000,26000,0.33,2700,20,228,262,167,2.36E-05,359,11.5,0.084444444,27.03703704,0.635097493,84.44444444
AC53799369654A328798F01FDB63542A,ANSI Aluminum Alloy 3004-H38 Wrought,ANSI,248,283,5,77,73000,26000,0.33,2700,20,248,283,167,2.36E-05,359,11.5,0.091851852,27.03703704,0.690807799,91.85185185
BD5E16C3687D44C6BAC1FA4663937E83,ANSI Aluminum Alloy Alclad 3004-O Wrought,ANSI,69,179,20,45,73000,26000,0.33,2700,20,69,179,167,2.36E-05,359,11.5,0.025555556,27.03703704,0.192200557,25.55555556
2CEE4AAF83FD4408A6FEC1516C8F36C8,ANSI Aluminum Alloy Alclad 3004-H32 Wrought,ANSI,172,214,10,60,73000,26000,0.33,2700,20,172,214,167,2.36E-05,359,11.5,0.063703704,27.03703704,0.479108635,63.7037037
AA6609CEB87741BC9A367C41AC1C45D5,ANSI Aluminum Alloy Alclad 3004-H34 Wrought,ANSI,200,241,9,68,73000,26000,0.33,2700,20,200,241,167,2.36E-05,359,11.5,0.074074074,27.03703704,0.557103064,74.07407407
B326F06514A44DDE864E9731DBBB058C,ANSI Aluminum Alloy Alclad 3004-H36 Wrought,ANSI,228,262,5,71,73000,26000,0.33,2700,20,228,262,167,2.36E-05,359,11.5,0.084444444,27.03703704,0.635097493,84.44444444
81E02AAC3FA94594B1FE0354BEB69C01,ANSI Aluminum Alloy Alclad 3004-H38 Wrought,ANSI,248,283,5,77,73000,26000,0.33,2700,20,248,283,167,2.36E-05,359,11.5,0.091851852,27.03703704,0.690807799,91.85185185
27895514D5C2491E816B597C0C7C0463,ANSI Aluminum Alloy 3105-O Wrought,ANSI,55,117,24,29,73000,26000,0.33,2700,20,55,117,167,2.36E-05,359,11.5,0.02037037,27.03703704,0.153203343,20.37037037
08805E18F53744FA955D91528CC94ECD,ANSI Aluminum Alloy 3105-H12 Wrought,ANSI,131,152,7,40,73000,26000,0.33,2700,20,131,152,167,2.36E-05,359,11.5,0.048518519,27.03703704,0.364902507,48.51851852
EFC5A174142848B4941DDB9BF0E72B2D,ANSI Aluminum Alloy 3105-H14 Wrought,ANSI,152,172,5,46,73000,26000,0.33,2700,20,152,172,167,2.36E-05,359,11.5,0.056296296,27.03703704,0.423398329,56.2962963
DA4A2A7E90794DBC84698F981B695FF8,ANSI Aluminum Alloy 3105-H16 Wrought,ANSI,172,193,4,52,73000,26000,0.33,2700,20,172,193,167,2.36E-05,359,11.5,0.063703704,27.03703704,0.479108635,63.7037037
056BB78FEF164368837843CDFB06A164,ANSI Aluminum Alloy 3105-H18 Wrought,ANSI,193,214,3,61,73000,26000,0.33,2700,20,193,214,167,2.36E-05,359,11.5,0.071481481,27.03703704,0.537604457,71.48148148
58A6AA0980C14B0BAC7E2429677E5407,ANSI Aluminum Alloy 3105-H25 Wrought,ANSI,159,179,8,48,73000,26000,0.33,2700,20,159,179,167,2.36E-05,359,11.5,0.058888889,27.03703704,0.442896936,58.88888889
35CC317F620F4A7AAB5A741824950AD1,ANSI Aluminum Alloy 4032-T6 Wrought,ANSI,317,379,9,120,73000,26000,0.33,2700,20,317,379,167,2.36E-05,359,11.5,0.117407407,27.03703704,0.883008357,117.4074074
A8864E695C164B96B58B2A6CB47B4904,ANSI Aluminum Alloy 5005-O Wrought,ANSI,41,124,25,28,73000,26000,0.33,2700,20,41,124,167,2.36E-05,359,11.5,0.015185185,27.03703704,0.114206128,15.18518519
A3F3D45853A243D097107867BDC21009,ANSI Aluminum Alloy 5005-H12 Wrought,ANSI,131,138,10,37,73000,26000,0.33,2700,20,131,138,167,2.36E-05,359,11.5,0.048518519,27.03703704,0.364902507,48.51851852
0EB0D388213E47E7BE4001D375E19454,ANSI Aluminum Alloy 5005-H14 Wrought,ANSI,152,159,6,43,73000,26000,0.33,2700,20,152,159,167,2.36E-05,359,11.5,0.056296296,27.03703704,0.423398329,56.2962963
84F6E32378B045568DBA3C1B4F290A87,ANSI Aluminum Alloy 5005-H16 Wrought,ANSI,172,179,5,48,73000,26000,0.33,2700,20,172,179,167,2.36E-05,359,11.5,0.063703704,27.03703704,0.479108635,63.7037037
5023448F38E04E6280EA90AAD17316BE,ANSI Aluminum Alloy 5005-H18 Wrought,ANSI,193,200,4,55,73000,26000,0.33,2700,20,193,200,167,2.36E-05,359,11.5,0.071481481,27.03703704,0.537604457,71.48148148
8DB63A30196948F892686E848B222508,ANSI Aluminum Alloy 5005-H32 Wrought,ANSI,117,138,11,36,73000,26000,0.33,2700,20,117,138,167,2.36E-05,359,11.5,0.043333333,27.03703704,0.325905292,43.33333333
56DE2D016B2947BEB31872C80176AB69,ANSI Aluminum Alloy 5005-H34 Wrought,ANSI,138,159,8,41,73000,26000,0.33,2700,20,138,159,167,2.36E-05,359,11.5,0.051111111,27.03703704,0.384401114,51.11111111
E2E78760C9C24429854F9C25829777FF,ANSI Aluminum Alloy 5005-H36 Wrought,ANSI,165,179,6,46,73000,26000,0.33,2700,20,165,179,167,2.36E-05,359,11.5,0.061111111,27.03703704,0.459610028,61.11111111
E62C0D3B1E764069BDD10E307024E8A7,ANSI Aluminum Alloy 5005-H38 Wrought,ANSI,186,200,5,51,73000,26000,0.33,2700,20,186,200,167,2.36E-05,359,11.5,0.068888889,27.03703704,0.51810585,68.88888889
DB0DA044558E4635960869799598CDE3,ANSI Aluminum Alloy 5050-O Wrought,ANSI,55,145,24,36,73000,26000,0.33,2700,20,55,145,167,2.36E-05,359,11.5,0.02037037,27.03703704,0.153203343,20.37037037
52F84014D09E4D3CA52418CFB3750169,ANSI Aluminum Alloy 5050-H32 Wrought,ANSI,145,172,9,46,73000,26000,0.33,2700,20,145,172,167,2.36E-05,359,11.5,0.053703704,27.03703704,0.403899721,53.7037037
77ECFDBA43984322B34D4BCA5231908E,ANSI Aluminum Alloy 5050-H34 Wrought,ANSI,165,193,8,53,73000,26000,0.33,2700,20,165,193,167,2.36E-05,359,11.5,0.061111111,27.03703704,0.459610028,61.11111111
3B742949A5F046B48FAE92E7A6258951,ANSI Aluminum Alloy 5050-H36 Wrought,ANSI,179,207,7,58,73000,26000,0.33,2700,20,179,207,167,2.36E-05,359,11.5,0.066296296,27.03703704,0.498607242,66.2962963
1D2D2B541AFF49F7BF8737DE9EEC9559,ANSI Aluminum Alloy 5050-H38 Wrought,ANSI,200,221,6,63,73000,26000,0.33,2700,20,200,221,167,2.36E-05,359,11.5,0.074074074,27.03703704,0.557103064,74.07407407
9FF4934078924E7BA38614746909C37E,ANSI Aluminum Alloy 5052-O Wrought,ANSI,90,193,25,47,73000,26000,0.33,2700,20,90,193,167,2.36E-05,359,11.5,0.033333333,27.03703704,0.250696379,33.33333333
AE92EC0E34894CF392E27F4A0A744827,ANSI Aluminum Alloy 5052-H32 Wrought,ANSI,193,228,12,60,73000,26000,0.33,2700,20,193,228,167,2.36E-05,359,11.5,0.071481481,27.03703704,0.537604457,71.48148148
6CB56EB2FA814DA6B9775DBE4DECE074,ANSI Aluminum Alloy 5052-H34 Wrought,ANSI,214,262,10,68,73000,26000,0.33,2700,20,214,262,167,2.36E-05,359,11.5,0.079259259,27.03703704,0.596100279,79.25925926
AB8CB8A8192144DDAA806E044EF255E2,ANSI Aluminum Alloy 5052-H36 Wrought,ANSI,241,276,8,73,73000,26000,0.33,2700,20,241,276,167,2.36E-05,359,11.5,0.089259259,27.03703704,0.671309192,89.25925926
01B0E7E8E80C41B69D7A5BF79C2AEB71,ANSI Aluminum Alloy 5052-H38 Wrought,ANSI,255,290,7,77,73000,26000,0.33,2700,20,255,290,167,2.36E-05,359,11.5,0.094444444,27.03703704,0.710306407,94.44444444
C28B8302667640C2A3F922FB1921E653,ANSI Aluminum Alloy 5056-O Wrought,ANSI,152,290,35,65,73000,26000,0.33,2700,20,152,290,167,2.36E-05,359,11.5,0.056296296,27.03703704,0.423398329,56.2962963
585BC8DF09224134B26F63752077A5F2,ANSI Aluminum Alloy 5056-H18 Wrought,ANSI,407,434,10,105,73000,26000,0.33,2700,20,407,434,167,2.36E-05,359,11.5,0.150740741,27.03703704,1.133704735,150.7407407
C50E527BEC124270BEA7811C785752C6,ANSI Aluminum Alloy 5056-H38 Wrought,ANSI,345,414,15,100,73000,26000,0.33,2700,20,345,414,167,2.36E-05,359,11.5,0.127777778,27.03703704,0.961002786,127.7777778
E1C6186A7AB546DEA6DBF2D29F227325,ANSI Aluminum Alloy 5083-O Wrought,ANSI,145,290,22,65,73000,26000,0.33,2700,20,145,290,167,2.36E-05,359,11.5,0.053703704,27.03703704,0.403899721,53.7037037
74ED803FF53F40E888AB7998E38306A6,ANSI Aluminum Alloy 5083-H116 Wrought,ANSI,228,317,16,81,73000,26000,0.33,2700,20,228,317,167,2.36E-05,359,11.5,0.084444444,27.03703704,0.635097493,84.44444444
71AE4008BE564C45B63D0764A9E143E7,ANSI Aluminum Alloy 5083-H321 Wrought,ANSI,228,317,16,81,73000,26000,0.33,2700,20,228,317,167,2.36E-05,359,11.5,0.084444444,27.03703704,0.635097493,84.44444444
5B3513177DA44BED88A7F3D09233CC14,ANSI Aluminum Alloy 5086-O Wrought,ANSI,117,262,22,62,73000,26000,0.33,2700,20,117,262,167,2.36E-05,359,11.5,0.043333333,27.03703704,0.325905292,43.33333333
51810A7BB78B42A19BCF0529D686BE20,ANSI Aluminum Alloy 5086-H32 Wrought,ANSI,207,290,12,73,73000,26000,0.33,2700,20,207,290,167,2.36E-05,359,11.5,0.076666667,27.03703704,0.576601671,76.66666667
5DD50F9C4F4C42E09CB64AEEB94CF6BE,ANSI Aluminum Alloy 5086-H34 Wrought,ANSI,255,324,10,86,73000,26000,0.33,2700,20,255,324,167,2.36E-05,359,11.5,0.094444444,27.03703704,0.710306407,94.44444444
1AAC30443D1446CCB99D5E1FA0024E67,ANSI Aluminum Alloy 5086-H112 Wrought,ANSI,131,269,14,64,73000,26000,0.33,2700,20,131,269,167,2.36E-05,359,11.5,0.048518519,27.03703704,0.364902507,48.51851852
5D9DBBF0F69842BA8458A17E102237A8,ANSI Aluminum Alloy 5086-H116 Wrought,ANSI,207,290,12,73,73000,26000,0.33,2700,20,207,290,167,2.36E-05,359,11.5,0.076666667,27.03703704,0.576601671,76.66666667
B317D2495F4B4791AF63A009F473BDC9,ANSI Aluminum Alloy 5154-O Wrought,ANSI,117,241,27,58,73000,26000,0.33,2700,20,117,241,167,2.36E-05,359,11.5,0.043333333,27.03703704,0.325905292,43.33333333
2AFCD169D54348B48A025BAD7A70ED68,ANSI Aluminum Alloy 5154-H32 Wrought,ANSI,207,269,15,67,73000,26000,0.33,2700,20,207,269,167,2.36E-05,359,11.5,0.076666667,27.03703704,0.576601671,76.66666667
562BE4BB2D3446EA9A79C84B8553E358,ANSI Aluminum Alloy 5154-H34 Wrought,ANSI,228,290,13,73,73000,26000,0.33,2700,20,228,290,167,2.36E-05,359,11.5,0.084444444,27.03703704,0.635097493,84.44444444
67A8C574FC0A470BAFBB5C0AD493B294,ANSI Aluminum Alloy 5154-H36 Wrought,ANSI,248,310,12,78,73000,26000,0.33,2700,20,248,310,167,2.36E-05,359,11.5,0.091851852,27.03703704,0.690807799,91.85185185
993512D6B3234A47A0DEB3FEB3CD5CD9,ANSI Aluminum Alloy 5154-H38 Wrought,ANSI,269,331,10,80,73000,26000,0.33,2700,20,269,331,167,2.36E-05,359,11.5,0.09962963,27.03703704,0.749303621,99.62962963
8597AA8824C4440AAB863B07B9AAD92C,ANSI Aluminum Alloy 5154-H112 Wrought,ANSI,117,241,25,63,73000,26000,0.33,2700,20,117,241,167,2.36E-05,359,11.5,0.043333333,27.03703704,0.325905292,43.33333333
72ED89259E794291A5B11B2BF5AFDD46,ANSI Aluminum Alloy 5252-H25 Wrought,ANSI,172,234,11,68,73000,26000,0.33,2700,20,172,234,167,2.36E-05,359,11.5,0.063703704,27.03703704,0.479108635,63.7037037
FA9C563A20E5457EA5BD4072ED39B8B3,ANSI Aluminum Alloy 5252-H28 Wrought,ANSI,241,283,5,75,73000,26000,0.33,2700,20,241,283,167,2.36E-05,359,11.5,0.089259259,27.03703704,0.671309192,89.25925926
871F11565D204E0384EC2BBC6A2D1285,ANSI Aluminum Alloy 5252-H38 Wrought,ANSI,241,283,5,75,73000,26000,0.33,2700,20,241,283,167,2.36E-05,359,11.5,0.089259259,27.03703704,0.671309192,89.25925926
B6B897CF42B5480F8F1CD4F58C0A956E,ANSI Aluminum Alloy 5254-O Wrought,ANSI,117,241,27,58,73000,26000,0.33,2700,20,117,241,167,2.36E-05,359,11.5,0.043333333,27.03703704,0.325905292,43.33333333
83F2E8736B3243D29C57DA69037E5ECC,ANSI Aluminum Alloy 5254-H32 Wrought,ANSI,207,269,15,67,73000,26000,0.33,2700,20,207,269,167,2.36E-05,359,11.5,0.076666667,27.03703704,0.576601671,76.66666667
4EB4710B39F742E4A9A44CA35372563E,ANSI Aluminum Alloy 5254-H34 Wrought,ANSI,228,290,13,73,73000,26000,0.33,2700,20,228,290,167,2.36E-05,359,11.5,0.084444444,27.03703704,0.635097493,84.44444444
E95C1F3ECA19490FB8E21A4CEFBCC127,ANSI Aluminum Alloy 5254-H36 Wrought,ANSI,248,310,12,78,73000,26000,0.33,2700,20,248,310,167,2.36E-05,359,11.5,0.091851852,27.03703704,0.690807799,91.85185185
06F13999057D49B4B776B56A64A3C1BD,ANSI Aluminum Alloy 5254-H38 Wrought,ANSI,269,331,10,80,73000,26000,0.33,2700,20,269,331,167,2.36E-05,359,11.5,0.09962963,27.03703704,0.749303621,99.62962963
EF7C93C199384E1090496D223F446582,ANSI Aluminum Alloy 5254-H112 Wrought,ANSI,117,241,25,63,73000,26000,0.33,2700,20,117,241,167,2.36E-05,359,11.5,0.043333333,27.03703704,0.325905292,43.33333333
34DE794143B34C2488112FFD14D59647,ANSI Aluminum Alloy 5454-O Wrought,ANSI,117,248,22,62,73000,26000,0.33,2700,20,117,248,167,2.36E-05,359,11.5,0.043333333,27.03703704,0.325905292,43.33333333
554962DC23AC45B1BA06DA3AE1910F1B,ANSI Aluminum Alloy 5454-H32 Wrought,ANSI,207,276,10,73,73000,26000,0.33,2700,20,207,276,167,2.36E-05,359,11.5,0.076666667,27.03703704,0.576601671,76.66666667
7C0F66CFD3F749CB9F2E7255D7E2272B,ANSI Aluminum Alloy 5454-H34 Wrought,ANSI,241,303,10,81,73000,26000,0.33,2700,20,241,303,167,2.36E-05,359,11.5,0.089259259,27.03703704,0.671309192,89.25925926
3026C224B4D246EC94C6FFAB7BA384B3,ANSI Aluminum Alloy 5454-H111 Wrought,ANSI,179,262,14,70,73000,26000,0.33,2700,20,179,262,167,2.36E-05,359,11.5,0.066296296,27.03703704,0.498607242,66.2962963
068B652F5E3142A28F40D3E8EBD42000,ANSI Aluminum Alloy 5454-H112 Wrought,ANSI,124,248,18,62,73000,26000,0.33,2700,20,124,248,167,2.36E-05,359,11.5,0.045925926,27.03703704,0.3454039,45.92592593
91B1A91E7E8D47F2A4CD2090F9D3BEA9,ANSI Aluminum Alloy 5456-O Wrought,ANSI,159,310,24,71,73000,26000,0.33,2700,20,159,310,167,2.36E-05,359,11.5,0.058888889,27.03703704,0.442896936,58.88888889
D98BF5ED1ED04467B572CAA93AF9F982,ANSI Aluminum Alloy 5456-H112 Wrought,ANSI,165,310,22,72,73000,26000,0.33,2700,20,165,310,167,2.36E-05,359,11.5,0.061111111,27.03703704,0.459610028,61.11111111
61BB0BC07C1A42A495B17F49A1B38E30,ANSI Aluminum Alloy 5456-H116 Wrought,ANSI,255,352,16,90,73000,26000,0.33,2700,20,255,352,167,2.36E-05,359,11.5,0.094444444,27.03703704,0.710306407,94.44444444
24A00D690C1145738A8F283D1CBEE537,ANSI Aluminum Alloy 5456-H321 Wrought,ANSI,255,352,16,90,73000,26000,0.33,2700,20,255,352,167,2.36E-05,359,11.5,0.094444444,27.03703704,0.710306407,94.44444444
02FE46BD5EC94B83B57BEA26F94BE2D2,ANSI Aluminum Alloy 5457-O Wrought,ANSI,48,131,22,32,73000,26000,0.33,2700,20,48,131,167,2.36E-05,359,11.5,0.017777778,27.03703704,0.133704735,17.77777778
C1DCAE34378043FB88DFDD46E22938CF,ANSI Aluminum Alloy 5457-H25 Wrought,ANSI,159,179,12,48,73000,26000,0.33,2700,20,159,179,167,2.36E-05,359,11.5,0.058888889,27.03703704,0.442896936,58.88888889
A45FCF284E5143E39CC83CB5BFFA0140,ANSI Aluminum Alloy 5457-H28 Wrought,ANSI,186,207,6,55,73000,26000,0.33,2700,20,186,207,167,2.36E-05,359,11.5,0.068888889,27.03703704,0.51810585,68.88888889
F272F90FDD1441778026680273F960AA,ANSI Aluminum Alloy 5457-H38 Wrought,ANSI,186,207,6,55,73000,26000,0.33,2700,20,186,207,167,2.36E-05,359,11.5,0.068888889,27.03703704,0.51810585,68.88888889
39B0BE615FA241C6BB1E0B1876DF9C62,ANSI Aluminum Alloy 5652-O Wrought,ANSI,90,193,25,47,73000,26000,0.33,2700,20,90,193,167,2.36E-05,359,11.5,0.033333333,27.03703704,0.250696379,33.33333333
7D155604D715415E999A5D005AC0DE7B,ANSI Aluminum Alloy 5652-H32 Wrought,ANSI,193,228,12,60,73000,26000,0.33,2700,20,193,228,167,2.36E-05,359,11.5,0.071481481,27.03703704,0.537604457,71.48148148
58067A9B4E7F432BA39CB9588881EB33,ANSI Aluminum Alloy 5652-H34 Wrought,ANSI,214,262,10,68,73000,26000,0.33,2700,20,214,262,167,2.36E-05,359,11.5,0.079259259,27.03703704,0.596100279,79.25925926
C148FA2BDF784E3F90E1BE719C21F62D,ANSI Aluminum Alloy 5652-H36 Wrought,ANSI,241,276,8,73,73000,26000,0.33,2700,20,241,276,167,2.36E-05,359,11.5,0.089259259,27.03703704,0.671309192,89.25925926
C4C140A86DCB47CFA817DECFA23D60D5,ANSI Aluminum Alloy 5652-H38 Wrought,ANSI,255,290,7,77,73000,26000,0.33,2700,20,255,290,167,2.36E-05,359,11.5,0.094444444,27.03703704,0.710306407,94.44444444
78BF3B3F76274780AB4F90849D250CC6,ANSI Aluminum Alloy 5657-H25 Wrought,ANSI,138,159,12,40,73000,26000,0.33,2700,20,138,159,167,2.36E-05,359,11.5,0.051111111,27.03703704,0.384401114,51.11111111
B5E9B4F3826C4A50A7D050CC814A42F0,ANSI Aluminum Alloy 5657-H28 Wrought,ANSI,165,193,7,50,73000,26000,0.33,2700,20,165,193,167,2.36E-05,359,11.5,0.061111111,27.03703704,0.459610028,61.11111111
F35567970BE24DBEB03B90E30A4B7036,ANSI Aluminum Alloy 5657-H38 Wrought,ANSI,165,193,7,50,73000,26000,0.33,2700,20,165,193,167,2.36E-05,359,11.5,0.061111111,27.03703704,0.459610028,61.11111111
E89B4081AAC2499EA34FFFBE3FA80BD4,ANSI Aluminum Alloy 6061-O Wrought,ANSI,55,124,25,30,73000,26000,0.33,2700,20,55,124,167,2.36E-05,332.5,11.5,0.02037037,27.03703704,0.165413534,20.37037037
835A6667B86D477C88E2B5CE5CD2B1A9,ANSI Aluminum Alloy 6061-T4 Wrought,ANSI,145,241,22,65,73000,26000,0.33,2700,20,145,241,167,2.36E-05,332.5,11.5,0.053703704,27.03703704,0.436090226,53.7037037
D014A9E577244FEFB02E49C76868AD34,ANSI Aluminum Alloy 6061-T451 Wrought,ANSI,145,241,22,65,73000,26000,0.33,2700,20,145,241,167,2.36E-05,332.5,11.5,0.053703704,27.03703704,0.436090226,53.7037037
8C24FBC0BF644E728C75D8799C5F7E30,ANSI Aluminum Alloy 6061-T6 Wrought,ANSI,276,310,12,95,73000,26000,0.33,2700,20,276,310,167,2.36E-05,332.5,11.5,0.102222222,27.03703704,0.830075188,102.2222222
41FBBF7C4C2D436D9FFF0A250E8B7388,ANSI Aluminum Alloy 6061-T651 Wrought,ANSI,276,310,12,95,73000,26000,0.33,2700,20,276,310,167,2.36E-05,332.5,11.5,0.102222222,27.03703704,0.830075188,102.2222222
9C5C464CB3404174812822A0030FC3B3,ANSI Aluminum Alloy Alclad 6061-O Wrought,ANSI,48,117,25,28,73000,26000,0.33,2700,20,48,117,167,2.36E-05,332.5,11.5,0.017777778,27.03703704,0.144360902,17.77777778
DBCFBEF1F61D4744911DF29AF02E146A,ANSI Aluminum Alloy Alclad 6061-T4 Wrought,ANSI,131,228,22,63,73000,26000,0.33,2700,20,131,228,167,2.36E-05,332.5,11.5,0.048518519,27.03703704,0.393984962,48.51851852
2348342E836346D6BBD72712EB73239A,ANSI Aluminum Alloy Alclad 6061-T451 Wrought,ANSI,131,228,22,63,73000,26000,0.33,2700,20,131,228,167,2.36E-05,332.5,11.5,0.048518519,27.03703704,0.393984962,48.51851852
1C60C57A011E49B297A8B9C7B4390E14,ANSI Aluminum Alloy Alclad 6061-T6 Wrought,ANSI,255,290,12,82,73000,26000,0.33,2700,20,255,290,167,2.36E-05,332.5,11.5,0.094444444,27.03703704,0.766917293,94.44444444
D69EC14CCFBD40AABA9219F2C966FCB3,ANSI Aluminum Alloy Alclad 6061-T651 Wrought,ANSI,255,290,12,82,73000,26000,0.33,2700,20,255,290,167,2.36E-05,332.5,11.5,0.094444444,27.03703704,0.766917293,94.44444444
4F7713F2AA5B4C82B40398A0A3A6D88A,ANSI Aluminum Alloy 6063-O Wrought,ANSI,48,90,23,25,73000,26000,0.33,2700,20,48,90,167,2.36E-05,359,11.5,0.017777778,27.03703704,0.133704735,17.77777778
7B7B694556954610864601E035B18339,ANSI Aluminum Alloy 6063-T1 Wrought,ANSI,90,152,20,42,73000,26000,0.33,2700,20,90,152,167,2.36E-05,359,11.5,0.033333333,27.03703704,0.250696379,33.33333333
2C898E59EDCD4DD3B596F9363C1FC38B,ANSI Aluminum Alloy 6063-T4 Wrought,ANSI,90,172,22,47,73000,26000,0.33,2700,20,90,172,167,2.36E-05,359,11.5,0.033333333,27.03703704,0.250696379,33.33333333
75AEDA0EDB8A4EFF87D8A59BD0AC39AA,ANSI Aluminum Alloy 6063-T5 Wrought,ANSI,145,186,12,60,73000,26000,0.33,2700,20,145,186,167,2.36E-05,359,11.5,0.053703704,27.03703704,0.403899721,53.7037037
69D0016360564D87B079938681242C12,ANSI Aluminum Alloy 6063-T6 Wrought,ANSI,214,241,12,73,73000,26000,0.33,2700,20,214,241,167,2.36E-05,359,11.5,0.079259259,27.03703704,0.596100279,79.25925926
0501AC7662624F2DB75692F181A9C9C5,ANSI Aluminum Alloy 6063-T83 Wrought,ANSI,241,255,9,82,73000,26000,0.33,2700,20,241,255,167,2.36E-05,359,11.5,0.089259259,27.03703704,0.671309192,89.25925926
1A0A5CAA35044A4EA190D5EE3DAF6EEA,ANSI Aluminum Alloy 6063-T831 Wrought,ANSI,186,207,10,70,73000,26000,0.33,2700,20,186,207,167,2.36E-05,359,11.5,0.068888889,27.03703704,0.51810585,68.88888889
67ED5D119C1140DE9C28840E177E7761,ANSI Aluminum Alloy 6063-T832 Wrought,ANSI,269,290,12,95,73000,26000,0.33,2700,20,269,290,167,2.36E-05,359,11.5,0.09962963,27.03703704,0.749303621,99.62962963
F4ECBA0316BA416296A8D5A2631BB6BE,ANSI Aluminum Alloy 6066-O Wrought,ANSI,83,152,18,43,73000,26000,0.33,2700,20,83,152,167,2.36E-05,359,11.5,0.030740741,27.03703704,0.231197772,30.74074074
C9DEF0A333EC4D7684E1BE1D1195B3B4,ANSI Aluminum Alloy 6066-T4 Wrought,ANSI,207,359,18,90,73000,26000,0.33,2700,20,207,359,167,2.36E-05,359,11.5,0.076666667,27.03703704,0.576601671,76.66666667
97A6144A289E46C7BC9290B4AB036839,ANSI Aluminum Alloy 6066-T451 Wrought,ANSI,207,359,18,90,73000,26000,0.33,2700,20,207,359,167,2.36E-05,359,11.5,0.076666667,27.03703704,0.576601671,76.66666667
B1308CA220614ADFA8676F1FE88F5915,ANSI Aluminum Alloy 6066-T6 Wrought,ANSI,359,393,12,120,73000,26000,0.33,2700,20,359,393,167,2.36E-05,359,11.5,0.132962963,27.03703704,1,132.962963
90D7DDFA78FD417AAC9811CDDB07D9ED,ANSI Aluminum Alloy 6066-T651 Wrought,ANSI,359,393,12,120,73000,26000,0.33,2700,20,359,393,167,2.36E-05,359,11.5,0.132962963,27.03703704,1,132.962963
D45ED3C16F8748B69D344C31F6F59FEC,ANSI Aluminum Alloy 6070-T6 Wrought,ANSI,352,379,10,113,73000,26000,0.33,2700,20,352,379,167,2.36E-05,359,11.5,0.13037037,27.03703704,0.980501393,130.3703704
415BAD6BA4314370B1C5161BD74B9E96,ANSI Aluminum Alloy 6101-H111 Wrought,ANSI,76,97,19.1,27,73000,26000,0.33,2700,20,76,97,167,2.36E-05,359,11.5,0.028148148,27.03703704,0.211699164,28.14814815
5E462CE5E057442A91BB2CB55532B480,ANSI Aluminum Alloy 6101-T6 Wrought,ANSI,193,221,15,71,73000,26000,0.33,2700,20,193,221,167,2.36E-05,359,11.5,0.071481481,27.03703704,0.537604457,71.48148148
F975BD82C61E4B74B87479895FB556B8,ANSI Aluminum Alloy 6262-T9 Wrought,ANSI,379,400,10,120,73000,26000,0.33,2700,20,379,400,167,2.36E-05,359,11.5,0.14037037,27.03703704,1.055710306,140.3703704
3FC254F3B5064542BD6079D886C56879,ANSI Aluminum Alloy 6351-T4 Wrought,ANSI,152,248,20,67,73000,26000,0.33,2700,20,152,248,167,2.36E-05,359,11.5,0.056296296,27.03703704,0.423398329,56.2962963
44E5DD6456684061841684E8241A89CA,ANSI Aluminum Alloy 6351-T6 Wrought,ANSI,283,310,14,95,73000,26000,0.33,2700,20,283,310,167,2.36E-05,359,11.5,0.104814815,27.03703704,0.788300836,104.8148148
CAB9E1CDC6F2457785E4DCEFB9E10573,ANSI Aluminum Alloy 6463-T1 Wrought,ANSI,90,152,20,42,73000,26000,0.33,2700,20,90,152,167,2.36E-05,359,11.5,0.033333333,27.03703704,0.250696379,33.33333333
602EB42312C14F64BFB9C315AB16CA8A,ANSI Aluminum Alloy 6463-T5 Wrought,ANSI,145,186,12,60,73000,26000,0.33,2700,20,145,186,167,2.36E-05,359,11.5,0.053703704,27.03703704,0.403899721,53.7037037
19F4C42CC1674B6EAB8ED924EE033AF7,ANSI Aluminum Alloy 6463-T6 Wrought,ANSI,214,241,12,74,73000,26000,0.33,2700,20,214,241,167,2.36E-05,359,11.5,0.079259259,27.03703704,0.596100279,79.25925926
010BF331EC9F4BFA82C6274F8FDE04BE,ANSI Aluminum Alloy 7049-T73 Wrought,ANSI,448,517,12,135,73000,26000,0.33,2700,20,448,517,167,2.36E-05,359,11.5,0.165925926,27.03703704,1.247910864,165.9259259
A6A2932D9E644029A892FCB82F6DF9C8,ANSI Aluminum Alloy 7049-T7352 Wrought,ANSI,434,517,11,135,73000,26000,0.33,2700,20,434,517,167,2.36E-05,359,11.5,0.160740741,27.03703704,1.208913649,160.7407407
AE1AE2C527144B27A1FB19600F822115,ANSI Aluminum Alloy 7050-T73510 Wrought,ANSI,434,496,12,135,73000,26000,0.33,2700,20,434,496,167,2.36E-05,359,11.5,0.160740741,27.03703704,1.208913649,160.7407407
DB7158C1610F46FEBDC1CADEB6665F3A,ANSI Aluminum Alloy 7050-T7451f Wrought,ANSI,469,524,11,141,73000,26000,0.33,2700,20,469,524,167,2.36E-05,359,11.5,0.173703704,27.03703704,1.306406685,173.7037037
F483E73712A94D0586ABEF2CDC3A16F5,ANSI Aluminum Alloy 7050-T7651 Wrought,ANSI,490,552,11,141,73000,26000,0.33,2700,20,490,552,167,2.36E-05,359,11.5,0.181481481,27.03703704,1.364902507,181.4814815
11F027631A5940028E2A98A42DD45E57,ANSI Aluminum Alloy 7075-O Wrought,ANSI,103,228,17,60,73000,26000,0.33,2700,20,103,228,167,2.36E-05,600,11.5,0.038148148,27.03703704,0.171666667,38.14814815
24B0CACC19314CA496379C7AB663DE10,ANSI Aluminum Alloy 7075-T6 Wrought,ANSI,503,572,11,150,73000,26000,0.33,2700,20,503,572,167,2.36E-05,600,11.5,0.186296296,27.03703704,0.838333333,186.2962963
A720466F975F42DCB0A83B89F8691B5A,ANSI Aluminum Alloy 7075-T651 Wrought,ANSI,503,572,11,150,73000,26000,0.33,2700,20,503,572,167,2.36E-05,600,11.5,0.186296296,27.03703704,0.838333333,186.2962963
C0FC8CEACD58404DA9412848C51B849A,ANSI Aluminum Alloy Alclad 7075-O Wrought,ANSI,97,221,17,60,73000,26000,0.33,2700,20,97,221,167,2.36E-05,600,11.5,0.035925926,27.03703704,0.161666667,35.92592593
65A82681319A4F779054852905C7C0AA,ANSI Aluminum Alloy Alclad 7075-T6 Wrought,ANSI,462,524,11,141,73000,26000,0.33,2700,20,462,524,167,2.36E-05,600,11.5,0.171111111,27.03703704,0.77,171.1111111
4220D378C635433E85C340341F5B8B78,ANSI Aluminum Alloy Alclad 7075-T651 Wrought,ANSI,462,524,11,141,73000,26000,0.33,2700,20,462,524,167,2.36E-05,600,11.5,0.171111111,27.03703704,0.77,171.1111111
9EAD3A6164B04A04BC32A6146245F3FE,ANSI Aluminum Alloy 7178-O Wrought,ANSI,103,228,15,60,73000,26000,0.33,2700,20,103,228,167,2.36E-05,359,11.5,0.038148148,27.03703704,0.286908078,38.14814815
E5C8A9DB434141C4885DE660CC4EA0B8,ANSI Aluminum Alloy 7178-T6 Wrought,ANSI,538,607,10,141,73000,26000,0.33,2700,20,538,607,167,2.36E-05,359,11.5,0.199259259,27.03703704,1.498607242,199.2592593
F6A7824E88EA41A489D523AD219A9985,ANSI Aluminum Alloy 7178-T651 Wrought,ANSI,538,607,10,141,73000,26000,0.33,2700,20,538,607,167,2.36E-05,359,11.5,0.199259259,27.03703704,1.498607242,199.2592593
9400C933B6274B8D842B74967120E787,ANSI Aluminum Alloy 7178-T76 Wrought,ANSI,503,572,10,141,73000,26000,0.33,2700,20,503,572,167,2.36E-05,359,11.5,0.186296296,27.03703704,1.401114206,186.2962963
8EFB36018D2441B1BE1ED70FB9D924CE,ANSI Aluminum Alloy 7178-T7651 Wrought,ANSI,503,572,10,141,73000,26000,0.33,2700,20,503,572,167,2.36E-05,359,11.5,0.186296296,27.03703704,1.401114206,186.2962963
7551844B6E1C47CCA4514EF09C6B1FEA,ANSI Aluminum Alloy Alclad 7178-O Wrought,ANSI,97,221,16,60,73000,26000,0.33,2700,20,97,221,167,2.36E-05,359,11.5,0.035925926,27.03703704,0.270194986,35.92592593
3C90B3052DE2490AA64933842B75B907,ANSI Aluminum Alloy Alclad 7178-T6 Wrought,ANSI,490,558,10,141,73000,26000,0.33,2700,20,490,558,167,2.36E-05,359,11.5,0.181481481,27.03703704,1.364902507,181.4814815
0E2A7052CDF741CFB4F6E4D14DEC14DC,ANSI Aluminum Alloy Alclad 7178-T651 Wrought,ANSI,490,558,10,141,73000,26000,0.33,2700,20,490,558,167,2.36E-05,359,11.5,0.181481481,27.03703704,1.364902507,181.4814815
A64F733C753647E1AEA2C68287F0A651,ANSI Aluminum Alloy 8176-H24 Wrought,ANSI,97,117,15,31,73000,26000,0.33,2700,20,97,117,167,2.36E-05,359,11.5,0.035925926,27.03703704,0.270194986,35.92592593
3C488C5C26D143B3B505C1CA35771778,ANSI Magnesium Alloy AM100A-T61 sand casting,ANSI,152,276,1,140,73000,26000,0.33,1750,20,152,276,72,2.60E-05,3200,22,0.086857143,41.71428571,0.0475,86.85714286
B80B6168C8F0402B8C0795201AE4F482,ANSI Magnesium Alloy AZ63A-T6 sand casting,ANSI,97,276,12,134,73000,26000,0.33,1750,20,97,276,72,2.60E-05,3200,22,0.055428571,41.71428571,0.0303125,55.42857143
DC61F129C498489BB57D978FE03726A7,ANSI Magnesium Alloy AZ81A-T4 sand casting,ANSI,83,276,15,132,73000,26000,0.33,1750,20,83,276,72,2.60E-05,3200,22,0.047428571,41.71428571,0.0259375,47.42857143
4FF7360B2A5A429CB2849CBAF27A0FE5,ANSI Magnesium Alloy AZ91C-T6 sand casting,ANSI,145,276,6,139,73000,26000,0.33,1750,20,145,276,72,2.60E-05,3200,22,0.082857143,41.71428571,0.0453125,82.85714286
9A2DD4E6614045E790FAE32E0685DC02,ANSI Magnesium Alloy AZ91E-T6 sand casting,ANSI,145,276,6,139,73000,26000,0.33,1750,20,145,276,72,2.60E-05,3200,22,0.082857143,41.71428571,0.0453125,82.85714286
FFAC1E4970FA4FDEB58634AD80497C7D,ANSI Magnesium Alloy AZ92A-T6 sand casting,ANSI,152,276,3,140,73000,26000,0.33,1750,20,152,276,72,2.60E-05,3200,22,0.086857143,41.71428571,0.0475,86.85714286
D5F139FDF43B436CAF953AD0DE012573,ANSI Magnesium Alloy EZ33A-T5 sand casting,ANSI,110,159,3,127,73000,26000,0.33,1750,20,110,159,72,2.60E-05,3200,22,0.062857143,41.71428571,0.034375,62.85714286
E865A290B1EF46E0B6267F6244348757,ANSI Magnesium Alloy HK31A-T6 sand casting,ANSI,103,221,8,135,73000,26000,0.33,1750,20,103,221,72,2.60E-05,3200,22,0.058857143,41.71428571,0.0321875,58.85714286
E193781C82084F85840316FFC55F0D92,ANSI Magnesium Alloy HZ32A-T6 sand casting,ANSI,90,186,4,128,73000,26000,0.33,1750,20,90,186,72,2.60E-05,3200,22,0.051428571,41.71428571,0.028125,51.42857143
C58FB76987CC4D269BEA9A833BCF31BF,ANSI Magnesium Alloy K1A-F sand casting,ANSI,55,179,19,119,73000,26000,0.33,1750,20,55,179,72,2.60E-05,3200,22,0.031428571,41.71428571,0.0171875,31.42857143
EE5BCE7BA21F4C64A64F8F36A0B74DDD,ANSI Magnesium Alloy QE22A-T6 sand casting,ANSI,193,262,3,137,73000,26000,0.33,1750,20,193,262,72,2.60E-05,3200,22,0.110285714,41.71428571,0.0603125,110.2857143
71E87F1F41944346A5DC5B3E741C3C11,ANSI Magnesium Alloy QH21A-T6 sand casting,ANSI,207,276,4,138,73000,26000,0.33,1750,20,207,276,72,2.60E-05,3200,22,0.118285714,41.71428571,0.0646875,118.2857143
53F37F86FF904FB0B8249A716141536E,ANSI Magnesium Alloy ZE41A-T5 sand casting,ANSI,138,207,4,134,73000,26000,0.33,1750,20,138,207,72,2.60E-05,3200,22,0.078857143,41.71428571,0.043125,78.85714286
9CB1FC9EACC94708AD634E8EFCD049CD,ANSI Magnesium Alloy ZE63A-T6 sand casting,ANSI,193,303,10,138,73000,26000,0.33,1750,20,193,303,72,2.60E-05,3200,22,0.110285714,41.71428571,0.0603125,110.2857143
9679B7B8943F4D3B9A44D1A962014F82,ANSI Magnesium Alloy ZH62A-T5 sand casting,ANSI,152,241,4,139,73000,26000,0.33,1750,20,152,241,72,2.60E-05,3200,22,0.086857143,41.71428571,0.0475,86.85714286
8A5984D36F024B68959D92F14F5E0FE1,ANSI Magnesium Alloy ZK51A-T5 sand casting,ANSI,138,207,4,134,73000,26000,0.33,1750,20,138,207,72,2.60E-05,3200,22,0.078857143,41.71428571,0.043125,78.85714286
BA2BB3CD65824D8B8DCF11277E816F72,ANSI Magnesium Alloy ZK61A-T6 sand casting,ANSI,193,310,10,139,73000,26000,0.33,1750,20,193,310,72,2.60E-05,3200,22,0.110285714,41.71428571,0.0603125,110.2857143
50E727792D384091ABE69B8DAB880759,ANSI Magnesium Alloy WE54A-F sand casting,ANSI,200,276,4,137,73000,26000,0.33,1750,20,200,276,72,2.60E-05,3200,22,0.114285714,41.71428571,0.0625,114.2857143
6C84266CBB604518BA20A89C6892219F,ANSI Magnesium Alloy AZ91A-F pressure die casting,ANSI,159,234,3,139,73000,26000,0.33,1750,20,159,234,72,2.60E-05,3200,22,0.090857143,41.71428571,0.0496875,90.85714286
2AAAE986CC524A629D9643CC9978D360,ANSI Magnesium Alloy AZ91B-FAZ91B-F pressure die casting,ANSI,159,234,3,139,73000,26000,0.33,1750,20,159,234,72,2.60E-05,3200,22,0.090857143,41.71428571,0.0496875,90.85714286
5A52A3182F224106AAEABB306B574F0A,ANSI Magnesium Alloy AZ91D-F pressure die casting,ANSI,159,234,3,139,73000,26000,0.33,1750,20,159,234,72,2.60E-05,3200,22,0.090857143,41.71428571,0.0496875,90.85714286
C0B43964050A4712B9D0589854058460,ANSI Magnesium Alloy AM60A-F pressure die casting,ANSI,131,221,8,140,73000,26000,0.33,1750,20,131,221,72,2.60E-05,3200,22,0.074857143,41.71428571,0.0409375,74.85714286
6D79A65EFB3A49159A82DFF8AF5656B5,ANSI Magnesium Alloy AM60B-F pressure die casting,ANSI,131,221,8,140,73000,26000,0.33,1750,20,131,221,72,2.60E-05,3200,22,0.074857143,41.71428571,0.0409375,74.85714286
C289E696BE2B4954A261FDAFFD99591B,ANSI Magnesium Alloy AS41A-F pressure die casting,ANSI,138,214,6,137,73000,26000,0.33,1750,20,138,214,72,2.60E-05,3200,22,0.078857143,41.71428571,0.043125,78.85714286
A49F7E61985E439F8DD7A47AACE586C4,ANSI Magnesium Alloy AZ10A-F As extruded,ANSI,145,241,10,140,73000,26000,0.33,1750,20,145,241,72,2.60E-05,3200,22,0.082857143,41.71428571,0.0453125,82.85714286
652ED194ECF04777AC7D2E5BA4C6D5C2,ANSI Magnesium Alloy AZ31B-F As extruded,ANSI,200,262,15,133,73000,26000,0.33,1750,20,200,262,72,2.60E-05,3200,22,0.114285714,41.71428571,0.0625,114.2857143
7428DAB2A6194AD48F8F21DCC87AE852,ANSI Magnesium Alloy AZ31C-F As extruded,ANSI,200,262,15,133,73000,26000,0.33,1750,20,200,262,72,2.60E-05,3200,22,0.114285714,41.71428571,0.0625,114.2857143
9537602CD30C4A209D798BE2D35BC3E8,ANSI Magnesium Alloy AZ61A-F As extruded,ANSI,228,310,16,137,73000,26000,0.33,1750,20,228,310,72,2.60E-05,3200,22,0.130285714,41.71428571,0.07125,130.2857143
586233667EF243F1918E74946CD42CD8,ANSI Magnesium Alloy AZ80A-T5 As extruded,ANSI,276,379,7,154,73000,26000,0.33,1750,20,276,379,72,2.60E-05,3200,22,0.157714286,41.71428571,0.08625,157.7142857
C6595A721E9440758D397A87792631F3,ANSI Magnesium Alloy HM31A-F As extruded,ANSI,228,290,10,138,73000,26000,0.33,1750,20,228,290,72,2.60E-05,3200,22,0.130285714,41.71428571,0.07125,130.2857143
5F123877F7D24FBAAD0C9905B5CE33CA,ANSI Magnesium Alloy M1A-F As extruded,ANSI,179,255,12,137,73000,26000,0.33,1750,20,179,255,72,2.60E-05,3200,22,0.102285714,41.71428571,0.0559375,102.2857143
96933249EE8C4CD09833B32ADD48939D,ANSI Magnesium Alloy ZK40A-T5 As extruded,ANSI,255,276,4,143,73000,26000,0.33,1750,20,255,276,72,2.60E-05,3200,22,0.145714286,41.71428571,0.0796875,145.7142857
BF2D9FD7CEEA46C488078C3B5CAF3A7D,ANSI Magnesium Alloy ZK60A-F As extruded,ANSI,283,352,11,148,73000,26000,0.33,1750,20,283,352,72,2.60E-05,3200,22,0.161714286,41.71428571,0.0884375,161.7142857
02986D5E5B374888BC90EA9DB92C7806,ANSI Magnesium Alloy AZ31B-H24,ANSI,221,290,15,135,73000,26000,0.33,1750,20,221,290,72,2.60E-05,3200,22,0.126285714,41.71428571,0.0690625,126.2857143
CF310C55B980453796F634364704AE53,ANSI Magnesium Alloy AZ31C-H24,ANSI,221,290,15,135,73000,26000,0.33,1750,20,221,290,72,2.60E-05,3200,22,0.126285714,41.71428571,0.0690625,126.2857143
011E96752FC34FC7A80C26795860E79C,ANSI Magnesium Alloy HK31A-H24,ANSI,207,262,9,137,73000,26000,0.33,1750,20,207,262,72,2.60E-05,3200,22,0.118285714,41.71428571,0.0646875,118.2857143
40B6720DA08246E886DEE9AFAA10222A,ANSI Magnesium Alloy HM21A-T8,ANSI,172,234,11,136,73000,26000,0.33,1750,20,172,234,72,2.60E-05,3200,22,0.098285714,41.71428571,0.05375,98.28571429
496A5ED6722F4BE4A2AEAA28D7B9B0E5,ISO EN 11SMn30,ISO,230,380,9,186,206000,80000,0.3,7860,20,230,380,42.6,1.20E-05,68,1.91,0.029262087,26.2086514,3.382352941,29.26208651
90B900083DA34934BB4A944014CD4A34,ISO EN 10S2O,ISO,225,360,9,179,206000,80000,0.3,7860,20,225,360,42.6,1.20E-05,68,1.91,0.028625954,26.2086514,3.308823529,28.6259542
F4F0FD3528164BD897DD368AACF045A3,ISO EN 35S20,ISO,380,600,16,211,206000,80000,0.3,7860,20,380,600,42.6,1.20E-05,68,1.91,0.048346056,26.2086514,5.588235294,48.34605598
2359822D08374A14AEAC8432CABC6368,ISO EN FeP01,ISO,280,270,28,146,206000,80000,0.3,7860,20,280,270,42.6,1.20E-05,68,1.91,0.03562341,26.2086514,4.117647059,35.62340967
82DF1CA802884945B54A82F2CFC6D891,ISO EN FeP03,ISO,240,270,34,133,206000,80000,0.3,7860,20,240,270,42.6,1.20E-05,68,1.91,0.030534351,26.2086514,3.529411765,30.53435115
D57E257F20CC4F3DB3C766A4F7B51221,ISO EN FeP04,ISO,210,270,38,130,206000,80000,0.3,7860,20,210,270,42.6,1.20E-05,68,1.91,0.026717557,26.2086514,3.088235294,26.71755725
F92198DE0ED749308B904B22BBEBE22C,ISO EN SPT360,ISO,225,360,25,164,206000,80000,0.3,7860,20,225,360,42.6,1.20E-05,68,1.91,0.028625954,26.2086514,3.308823529,28.6259542
E48404E001CF43F9B48E42EB671272FC,ISO EN P235GH,ISO,225,360,25,163,206000,80000,0.3,7860,20,225,360,42.6,1.20E-05,90,1.91,0.028625954,26.2086514,2.5,28.6259542
24ED149DAF5B4988826EBF57B3A53590,ISO EN S235JRG1,ISO,225,340,26,155,206000,80000,0.3,7860,20,225,340,42.6,1.20E-05,68,1.91,0.028625954,26.2086514,3.308823529,28.6259542
E867DB190E844FD58E36AC64A5DD4DED,ISO EN S235JRH,ISO,225,340,25,161,206000,80000,0.3,7860,20,225,340,42.6,1.20E-05,68,1.91,0.028625954,26.2086514,3.308823529,28.6259542
B19F417B0D49482894D537ACFA71F976,ISO EN S235JRG2,ISO,225,340,26,155,206000,80000,0.3,7860,20,225,340,42.6,1.20E-05,68,1.91,0.028625954,26.2086514,3.308823529,28.6259542
A2F1B53665C8413086A382EFE8238CBB,ISO EN S235JO,ISO,225,340,26,155,206000,80000,0.3,7860,20,225,340,42.6,1.20E-05,68,1.91,0.028625954,26.2086514,3.308823529,28.6259542
F32C3857F49E41BBB911D5E2D8D40CC5,ISO EN P265GH,ISO,225,410,23,179,206000,80000,0.3,7860,20,225,410,42.6,1.20E-05,90,1.91,0.028625954,26.2086514,2.5,28.6259542
AC460D935EF54A9B88544FF810BD1127,ISO EN S275JR,ISO,265,410,22,185,206000,80000,0.3,7860,20,265,410,42.6,1.20E-05,68,1.91,0.033715013,26.2086514,3.897058824,33.71501272
B702F127F2BD4D03822DCF4B71355EBA,ISO EN S275J2G3,ISO,265,410,22,185,206000,80000,0.3,7860,20,265,410,42.6,1.20E-05,68,1.91,0.033715013,26.2086514,3.897058824,33.71501272
5629EF30DC784A16AE998B1A860066ED,ISO EN S275J2HG3,ISO,265,410,22,185,206000,80000,0.3,7860,20,265,410,42.6,1.20E-05,68,1.91,0.033715013,26.2086514,3.897058824,33.71501272
5956B716EA90473BB8CD79EBBA38A779,ISO EN S355J2G3,ISO,345,490,22,179,206000,80000,0.3,7860,20,345,490,42.6,1.20E-05,68,1.91,0.04389313,26.2086514,5.073529412,43.89312977
1C81E13E28824277BCC51C99C665B3F1,ISO EN S355J2H,ISO,345,490,22,179,206000,80000,0.3,7860,20,345,490,42.6,1.20E-05,68,1.91,0.04389313,26.2086514,5.073529412,43.89312977
9A5EEA78B8C14D61B4EE2CB2908018F1,ISO EN S355JO,ISO,345,490,22,179,206000,80000,0.3,7860,20,345,490,42.6,1.20E-05,68,1.91,0.04389313,26.2086514,5.073529412,43.89312977
9CCC3DAD75EA47879D9C634F3C48AFAA,ISO EN S355JOH,ISO,345,490,22,179,206000,80000,0.3,7860,20,345,490,42.6,1.20E-05,68,1.91,0.04389313,26.2086514,5.073529412,43.89312977
A2C9F6CFB1C64788AE9E9A1F48206388,ISO EN SPT410,ISO,255,410,22,186,206000,80000,0.3,7860,20,255,410,42.6,1.20E-05,68,1.91,0.032442748,26.2086514,3.75,32.44274809
F222CC331504467C8FC3DED0D9B0D843,ISO EN SPT510,ISO,345,510,21,183,206000,80000,0.3,7860,20,345,510,42.6,1.20E-05,68,1.91,0.04389313,26.2086514,5.073529412,43.89312977
2B754C3F930944EB92E1F860BE17AE2D,ISO EN E295,ISO,285,470,20,186,206000,80000,0.3,7860,20,285,470,42.6,1.20E-05,68,1.91,0.036259542,26.2086514,4.191176471,36.25954198
0F901471E39B4891863A49A876874220,ISO EN E355,ISO,325,570,16,209,206000,80000,0.3,7860,20,325,570,42.6,1.20E-05,68,1.91,0.041348601,26.2086514,4.779411765,41.34860051
60F32C738B964275A206F1CDDB9E291A,ISO EN E360,ISO,355,690,11,226,206000,80000,0.3,7860,20,355,690,42.6,1.20E-05,68,1.91,0.045165394,26.2086514,5.220588235,45.1653944
21A99E435BE5406FBD43A8D870020848,ISO EN C10E,ISO,300,420,16,185,206000,80000,0.3,7860,20,300,420,42.6,1.20E-05,90,1.91,0.038167939,26.2086514,3.333333333,38.16793893
BAB2983F5C3D4658BFDE28DA81DC16AD,ISO EN C15E,ISO,340,440,11,194,206000,80000,0.3,7860,20,340,440,42.6,1.20E-05,90,1.91,0.043256997,26.2086514,3.777777778,43.25699746
19C0B804086E42DCA10491BBA2E04E29,ISO EN C22,ISO,290,470,22,181,206000,80000,0.3,7860,20,290,470,42.6,1.20E-05,90,1.91,0.036895674,26.2086514,3.222222222,36.8956743
6E2D944DEC174D3984DC0A4923F5ABCD,ISO EN C25,ISO,320,500,21,185,206000,80000,0.3,7860,20,320,500,42.6,1.20E-05,90,1.91,0.040712468,26.2086514,3.555555556,40.71246819
3462EA1A413645BBB857E19ABBC57EB6,ISO EN C30,ISO,350,550,20,187,206000,80000,0.3,7860,20,350,550,42.6,1.20E-05,90,1.91,0.044529262,26.2086514,3.888888889,44.52926209
BCAC6F7D033F427A9F51BDF5E1B11110,ISO EN C35,ISO,380,600,16,211,206000,80000,0.3,7860,20,380,600,42.6,1.20E-05,90,1.91,0.048346056,26.2086514,4.222222222,48.34605598
4A96FF894F654FB0B944B469C389931C,ISO EN C40,ISO,400,630,18,204,206000,80000,0.3,7860,20,400,630,42.6,1.20E-05,90,1.91,0.050890585,26.2086514,4.444444444,50.89058524
59270565A38948478C6D8908A576BF84,ISO EN C45 heat treated,ISO,430,650,16,214,206000,80000,0.3,7860,20,430,650,42.6,1.20E-05,90,1.91,0.054707379,26.2086514,4.777777778,54.70737913
6BE8C9461500420CB32736314D3608A9,ISO EN C50 heat treated,ISO,460,700,15,213,206000,80000,0.3,7860,20,460,700,42.6,1.20E-05,90,1.91,0.058524173,26.2086514,5.111111111,58.52417303
25F60F5027F64ABD96BE506602BB5A5E,ISO EN C55 heat treated,ISO,490,750,14,220,206000,80000,0.3,7860,20,490,750,42.6,1.20E-05,90,1.91,0.062340967,26.2086514,5.444444444,62.34096692
A25081F726314001A5D36C23DEE74CA4,ISO EN C60 heat treated,ISO,520,800,13,225,206000,80000,0.3,7860,20,520,800,42.6,1.20E-05,90,1.91,0.066157761,26.2086514,5.777777778,66.15776081
A440B59F68984EA88F7957FF9D662A2B,ISO EN P295GH,ISO,290,460,22,181,206000,80000,0.3,7860,20,290,460,42.6,1.20E-05,90,1.91,0.036895674,26.2086514,3.222222222,36.8956743
44FA255DF890439D961E244436E4969E,ISO EN 28Mn6 heat treated,ISO,490,700,15,214,206000,80000,0.3,7860,20,490,700,42.6,1.20E-05,90,1.91,0.062340967,26.2086514,5.444444444,62.34096692
790806754D444BFEAA270708FB544444,ISO EN 17Cr3,ISO,340,580,14,215,206000,80000,0.3,7860,20,340,580,42.6,1.20E-05,90,1.91,0.043256997,26.2086514,3.777777778,43.25699746
01BA5F53481940D0A5472EB0DF9E9F55,ISO EN 34Cr4 heat treated,ISO,590,800,14,224,206000,80000,0.3,7860,20,590,800,42.6,1.20E-05,90,1.91,0.075063613,26.2086514,6.555555556,75.06361323
45BEEAA4F7914080B610CE7A8A8BCEDC,ISO EN 37Cr4 heat treated,ISO,630,850,13,258,206000,80000,0.3,7860,20,630,850,42.6,1.20E-05,90,1.91,0.080152672,26.2086514,7,80.15267176
6010A1DFDADE4F03BA3FBDC0D3743683,ISO EN 41Cr4 heat treated,ISO,660,900,12,238,206000,80000,0.3,7860,20,660,900,42.6,1.20E-05,90,1.91,0.083969466,26.2086514,7.333333333,83.96946565
520C06A6BAB7439B8335B6170049C40A,ISO EN 16MnCr5 case-hardened,ISO,680,900,10,235,206000,80000,0.3,7860,20,680,900,42.6,1.20E-05,90,1.91,0.086513995,26.2086514,7.555555556,86.51399491
2B15DBCE29724F739A0F67692F662FA3,ISO EN 20MnCr5 case-hardened,ISO,680,980,8,257,206000,80000,0.3,7860,20,680,980,42.6,1.20E-05,81.301,1.91,0.086513995,26.2086514,8.363980763,86.51399491
55F02C7175BB4845A98758D361C2DD62,ISO EN 16Mo3,ISO,270,440,24,172,206000,80000,0.3,7860,20,270,440,42.6,1.20E-05,90,1.91,0.034351145,26.2086514,3,34.35114504
BC9250FA8B204C1894D25E6B79ACA72A,ISO EN 13CrMo4,ISO,295,450,20,184,206000,80000,0.3,7860,20,295,450,42.6,1.20E-05,90,1.91,0.037531807,26.2086514,3.277777778,37.53180662
2760A1BEAFA9492B8B06FB6DAEAB7F83,ISO EN 25CrMo4 heat treated,ISO,600,800,14,225,206000,80000,0.3,7860,20,600,800,42.6,1.20E-05,90,1.91,0.076335878,26.2086514,6.666666667,76.33587786
89AD3D8E0A2A430595FA4AEA998A69EA,ISO EN 34CrMo4 heat treated,ISO,650,900,12,239,206000,80000,0.3,7860,20,650,900,42.6,1.20E-05,90,1.91,0.082697201,26.2086514,7.222222222,82.69720102
C36A98E5588B41A6A12422AB1D7CF844,ISO EN 42CrMo4 heat treated,ISO,770,1000,11,240,206000,80000,0.3,7860,20,770,1000,42.6,1.20E-05,90,1.91,0.097964377,26.2086514,8.555555556,97.96437659
710299537A334320A3623E59BE751871,ISO EN S355J2G1W,ISO,345,490,22,179,206000,80000,0.3,7860,20,345,490,42.6,1.20E-05,68,1.91,0.04389313,26.2086514,5.073529412,43.89312977
F2F8DEF8BD324DEA959210CB6A4E7838,ISO EN S355J0WP,ISO,345,490,22,179,206000,80000,0.3,7860,20,345,490,42.6,1.20E-05,68,1.91,0.04389313,26.2086514,5.073529412,43.89312977
80AB7648AEA6445694F13226AAEFEC7F,ISO EN 51CrV4 case-hardened,ISO,700,900,11,236,206000,80000,0.3,7860,20,700,900,42.6,1.20E-05,90,1.91,0.089058524,26.2086514,7.777777778,89.05852417
DB99A908C8D14C87975F5147B9BD5A77,ISO EN 10CrMo9-10,ISO,300,480,18,190,206000,80000,0.3,7860,20,300,480,42.6,1.20E-05,90,1.91,0.038167939,26.2086514,3.333333333,38.16793893
9E37EDFEFC1445C483AC30C6DEDC766B,ISO EN 11CrMo9-10,ISO,310,520,18,195,206000,80000,0.3,7860,20,310,520,42.6,1.20E-05,90,1.91,0.039440204,26.2086514,3.444444444,39.44020356
138D812F07AB416AB463791CA7C491A8,ISO EN 16NiCr4 case-hardened,ISO,590,835,12,241,206000,80000,0.3,7860,20,590,835,42.6,1.20E-05,90,1.91,0.075063613,26.2086514,6.555555556,75.06361323
A5C812CE42D3462D81098CB51D036BCC,ISO EN 12Ni14,ISO,355,490,22,179,206000,80000,0.3,7860,20,355,490,42.6,1.20E-05,68,1.91,0.045165394,26.2086514,5.220588235,45.1653944
7E6C75AFF57641F3882DA131FD622FFA,ISO EN 34CrNiMo6 heat treated,ISO,900,1100,10,254,206000,80000,0.3,7860,20,900,1100,42.6,1.20E-05,90,1.91,0.114503817,26.2086514,10,114.5038168
F174A00FB10040D99872BF866444261C,ISO EN 30CrNiMo8 heat treated,ISO,1050,1250,9,370,206000,80000,0.3,7860,20,1050,1250,42.6,1.20E-05,90,1.91,0.133587786,26.2086514,11.66666667,133.5877863
496C02F7442541748CB71233A0054097,ISO EN 12Ni19,ISO,390,530,20,189,206000,80000,0.3,7860,20,390,530,42.6,1.20E-05,68,1.91,0.049618321,26.2086514,5.735294118,49.61832061
5F97BDB4F65940518B5BF4F8E5B7B0EC,ISO EN X8Ni9,ISO,585,680,18,224,206000,80000,0.3,7860,20,585,680,42.6,1.20E-05,68,1.91,0.074427481,26.2086514,8.602941176,74.42748092
B2A1E48B0B204BE3BD65A6EB30A85ACF,ISO EN X6Cr13,ISO,230,400,20,183,206000,80000,0.3,7860,20,230,400,16.2,1.60E-05,217.831,6.2,0.029262087,26.2086514,1.055864409,29.26208651
AC514ACF5FCF432282E33AF0F6930DEA,ISO EN X12Cr13,ISO,450,650,15,221,206000,80000,0.3,7860,20,450,650,16.2,1.60E-05,217.831,6.2,0.057251908,26.2086514,2.065821669,57.2519084
6434334227E24F6CA2347FAD0502F8C0,ISO EN X20Cr13,ISO,500,700,13,222,206000,80000,0.3,7860,20,500,700,16.2,1.60E-05,217.831,6.2,0.063613232,26.2086514,2.29535741,63.61323155
71CC033017AD404C828F702B905F4AC6,ISO EN X30Cr13,ISO,650,850,10,258,206000,80000,0.3,7860,20,650,850,42.6,1.20E-05,217.831,1.91,0.082697201,26.2086514,2.983964633,82.69720102
1D71BBCEC2EE4490A4500D136C6828D4,ISO EN X6Cr17,ISO,240,400,20,183,206000,80000,0.3,7860,20,240,400,16.2,1.60E-05,217.831,6.2,0.030534351,26.2086514,1.101771557,30.53435115
84F6ACBFC0CF4E6395B4F92CEB11423C,ISO EN X17CrNi16-2,ISO,600,800,14,231,206000,80000,0.3,7860,20,600,800,16.2,1.60E-05,217.831,6.2,0.076335878,26.2086514,2.754428892,76.33587786
E26A226C50574AF59134D7BF3619B1F1,ISO EN X5CrNi18-10,ISO,190,500,45,145,206000,80000,0.3,7860,20,190,500,16.2,1.60E-05,217.831,6.2,0.024173028,26.2086514,0.872235816,24.17302799
57B4505C99E049FC9551AB6962801497,ISO EN X8CrNiS18-9,ISO,190,500,35,147,206000,80000,0.3,7860,20,190,500,16.2,1.60E-05,217.831,6.2,0.024173028,26.2086514,0.872235816,24.17302799
CBEEB275FD574B04914F167DF935366F,ISO EN X6CrNiTi18-10,ISO,190,500,40,145,206000,80000,0.3,7860,20,190,500,16.2,1.60E-05,217.831,6.2,0.024173028,26.2086514,0.872235816,24.17302799
5A3646F7BBF141709D8ACEC6AE99C79E,ISO EN X2CrNi19-11,ISO,180,460,45,140,206000,80000,0.3,7860,20,180,460,16.2,1.60E-05,217.831,6.2,0.022900763,26.2086514,0.826328668,22.90076336
3F9F152CE7BF46A897B3DEA95585BDBC,ISO EN X2CrNiN18-10,ISO,270,550,40,153,206000,80000,0.3,7860,20,270,550,16.2,1.60E-05,217.831,6.2,0.034351145,26.2086514,1.239493001,34.35114504
E003D30CA9ED48C78FCFAEB28908072A,ISO EN X5CrNiMo17-12-2,ISO,200,500,40,145,206000,80000,0.3,7860,20,200,500,16.2,1.60E-05,217.831,6.2,0.025445293,26.2086514,0.918142964,25.44529262
636E51C0C9354CACBC643A0A7A6A81BF,ISO EN X6CrNiMoTi17-12-2,ISO,200,500,40,145,206000,80000,0.3,7860,20,200,500,16.2,1.60E-05,217.831,6.2,0.025445293,26.2086514,0.918142964,25.44529262
2225ECE949314512BF5694EBA0B416A5,ISO EN X2CrNiMo17-12-2,ISO,200,500,40,145,206000,80000,0.3,7860,20,200,500,16.2,1.60E-05,217.831,6.2,0.025445293,26.2086514,0.918142964,25.44529262
1A51255F5CEB4DB1A073AD308BFFE364,ISO EN X2CrNiMo18-14-3,ISO,200,500,40,145,206000,80000,0.3,7860,20,200,500,16.2,1.60E-05,217.831,6.2,0.025445293,26.2086514,0.918142964,25.44529262
9791D8528C314FC3BD027CF5B06A8D8F,ISO EN X3CrNiMo17-13-3,ISO,200,500,40,145,206000,80000,0.3,7860,20,200,500,16.2,1.60E-05,217.831,6.2,0.025445293,26.2086514,0.918142964,25.44529262
EF3968EC9BF84123A771E664ACC429DE,ISO EN X2CrNiMoN17-11-2,ISO,280,580,40,157,206000,80000,0.3,7860,20,280,580,16.2,1.60E-05,217.831,6.2,0.03562341,26.2086514,1.28540015,35.62340967
75051A164E174F6892A8FFD577FC2D7E,ISO EN X2CrNiMoN17-13-3,ISO,280,580,40,157,206000,80000,0.3,7860,20,280,580,16.2,1.60E-05,217.831,6.2,0.03562341,26.2086514,1.28540015,35.62340967
81FBB357C50744B6B1CBF90E2379491C,ISO EN X2CrNiMoN22-5-3,ISO,450,650,25,203,206000,80000,0.3,7860,20,450,650,16.2,1.60E-05,90,6.2,0.057251908,26.2086514,5,57.2519084
9B95B62720FB45BE8832AF1F00A62242,ISO EN X12CrMnNiN18-9-5,ISO,320,680,45,175,206000,80000,0.3,7860,20,320,680,16.2,1.60E-05,217.831,6.2,0.040712468,26.2086514,1.469028742,40.71246819
C0F4154C89784069A14C9A32F2CBDD04,ISO Grey cast iron,ISO,150,150,8.4,220,85000,34000,0.25,7160,20,150,150,26.9,1.28E-05,85,1.8,0.020949721,11.87150838,1.764705882,20.94972067
2C467C9CBA4F449AA13EC0116C8974AA,ISO Grey cast iron,ISO,200,200,8.8,209,85000,34000,0.25,7160,20,200,200,26.9,1.28E-05,85,1.8,0.027932961,11.87150838,2.352941176,27.93296089
E5E86B5128584526A180C027C62AB562,ISO Grey cast iron,ISO,250,250,9,213,85000,34000,0.25,7160,20,250,250,26.9,1.28E-05,85,1.8,0.034916201,11.87150838,2.941176471,34.91620112
DB4673C07A114B05B9607EC42694CE8F,ISO Grey cast iron,ISO,300,300,9.1,211,85000,34000,0.25,7160,20,300,300,26.9,1.28E-05,85,1.8,0.041899441,11.87150838,3.529411765,41.89944134
AB6B9B6C0CA4463FACAE9329194C4A1E,ISO Grey cast iron,ISO,350,350,8.4,214,85000,34000,0.25,7160,20,350,350,26.9,1.28E-05,85,1.8,0.048882682,11.87150838,4.117647059,48.88268156
7DBFB04C1FC64CEDBA13D0E270AC81E7,ISO Nodular cast iron,ISO,320,500,9.1,198,169000,70000,0.2,7160,20,320,500,23.7,1.35E-05,85,1.8,0.044692737,23.60335196,3.764705882,44.69273743
116555FA870F415AA8C737D5FCC805E2,ISO Nodular cast iron,ISO,370,600,6.9,231,169000,70000,0.2,7160,20,370,600,23.7,1.35E-05,85,1.8,0.051675978,23.60335196,4.352941176,51.67597765
7E6649032AB14C3F9230505A8676E601,ISO Nodular cast iron,ISO,420,700,5.5,257,169000,70000,0.2,7160,20,420,700,23.7,1.35E-05,85,1.8,0.058659218,23.60335196,4.941176471,58.65921788
D3F1A1C807034BC0A534DE04E49756D0,ISO Nodular cast iron,ISO,480,800,5.4,271,169000,70000,0.2,7160,20,480,800,23.7,1.35E-05,85,1.8,0.067039106,23.60335196,5.647058824,67.03910615
0523743E36A34D3D86DBD2082B086F59,ISO Malleable cast iron,ISO,180,400,4,186,160000,64000,0.27,7160,20,180,400,26.9,1.28E-05,85,1.8,0.025139665,22.34636872,2.117647059,25.1396648
4E3DCEFBB9204870B94C71AD5222F168,ISO Malleable cast iron,ISO,260,500,4,196,160000,64000,0.27,7160,20,260,500,26.9,1.28E-05,85,1.8,0.036312849,22.34636872,3.058823529,36.31284916
FE7FF532746E4CF5844BA08CE3E023C5,DIN DIN 9SMn28,DIN,375,460,8,203,206000,80000,0.3,7860,20,375,460,42.6,1.20E-05,68,1.91,0.047709924,26.2086514,5.514705882,47.70992366
2C6DEC2C54214F3C90940A36A525637B,DIN DIN 10S2O,DIN,355,460,9,200,206000,80000,0.3,7860,20,355,460,42.6,1.20E-05,68,1.91,0.045165394,26.2086514,5.220588235,45.1653944
5B4E7DF92C2643898F27C68CFE64005F,DIN DIN 35S20,DIN,365,580,16,209,206000,80000,0.3,7860,20,365,580,42.6,1.20E-05,68,1.91,0.046437659,26.2086514,5.367647059,46.43765903
753D817841D24C27A3E927D2FF411722,DIN DIN USt1303,DIN,250,270,34,132,206000,80000,0.3,7860,20,250,270,42.6,1.20E-05,68,1.91,0.031806616,26.2086514,3.676470588,31.80661578
DAF3736C7E6D423EBFF65DE11BE3BE0A,DIN DIN St1405,DIN,210,270,38,130,206000,80000,0.3,7860,20,210,270,42.6,1.20E-05,68,1.91,0.026717557,26.2086514,3.088235294,26.71755725
2DD721EBB06240B69DACC272CB8505D3,DIN DIN St1203,DIN,280,270,28,146,206000,80000,0.3,7860,20,280,270,42.6,1.20E-05,68,1.91,0.03562341,26.2086514,4.117647059,35.62340967
153048B527FE42908AB60A008FAA0F44,DIN DIN USt34-2,DIN,195,330,28,149,206000,80000,0.3,7860,20,195,330,42.6,1.20E-05,68,1.91,0.02480916,26.2086514,2.867647059,24.80916031
5036373A6396468E901409826B62E7D6,DIN DIN St34-2BK,DIN,320,410,6,196,206000,80000,0.3,7860,20,320,410,42.6,1.20E-05,68,1.91,0.040712468,26.2086514,4.705882353,40.71246819
46D4E5EB4CDB47AB839368AC95D7AF58,DIN DIN St37.0,DIN,225,350,25,162,206000,80000,0.3,7860,20,225,350,42.6,1.20E-05,68,1.91,0.028625954,26.2086514,3.308823529,28.6259542
95C62314D552429FA1095D4F802F99A6,DIN DIN HI,DIN,225,360,25,163,206000,80000,0.3,7860,20,225,360,42.6,1.20E-05,90,1.91,0.028625954,26.2086514,2.5,28.6259542
6CA0A8468F464BE3A8AE9D2C9DDDCAB3,DIN DIN St37-2,DIN,225,340,26,155,206000,80000,0.3,7860,20,225,340,42.6,1.20E-05,68,1.91,0.028625954,26.2086514,3.308823529,28.6259542
92592623D229456BAC231D80C7CDBBCB,DIN DIN St37-2BK,DIN,350,440,6,201,206000,80000,0.3,7860,20,350,440,42.6,1.20E-05,68,1.91,0.044529262,26.2086514,5.147058824,44.52926209
47CC051C3B764C7E85720C46AD2EBC1C,DIN DIN RSt37-2,DIN,225,340,26,155,206000,80000,0.3,7860,20,225,340,42.6,1.20E-05,68,1.91,0.028625954,26.2086514,3.308823529,28.6259542
460865409E8F4CA695EAEF6780D22D29,DIN DIN St37-3,DIN,225,340,26,155,206000,80000,0.3,7860,20,225,340,42.6,1.20E-05,68,1.91,0.028625954,26.2086514,3.308823529,28.6259542
C8ED00D82DF54A9D96C357AF4F8EAF41,DIN DIN HII,DIN,255,410,23,177,206000,80000,0.3,7860,20,255,410,42.6,1.20E-05,90,1.91,0.032442748,26.2086514,2.833333333,32.44274809
1291522DB47944A086849FC9279F7C26,DIN DIN St44-2,DIN,265,410,22,185,206000,80000,0.3,7860,20,265,410,42.6,1.20E-05,68,1.91,0.033715013,26.2086514,3.897058824,33.71501272
060B53CEBC6148B48B83E603E5F55686,DIN DIN St44.0,DIN,265,420,21,186,206000,80000,0.3,7860,20,265,420,42.6,1.20E-05,68,1.91,0.033715013,26.2086514,3.897058824,33.71501272
B800C69322CC4B758C436882825C2998,DIN DIN St44-3,DIN,265,410,22,185,206000,80000,0.3,7860,20,265,410,42.6,1.20E-05,68,1.91,0.033715013,26.2086514,3.897058824,33.71501272
DE3BBE82780444C4A14D8D940120CBB4,DIN DIN St50-2,DIN,285,470,20,186,206000,80000,0.3,7860,20,285,470,42.6,1.20E-05,68,1.91,0.036259542,26.2086514,4.191176471,36.25954198
9D142F88A1334581B35A1C9D8B1F8649,DIN DIN St52-3,DIN,345,490,22,179,206000,80000,0.3,7860,20,345,490,42.6,1.20E-05,68,1.91,0.04389313,26.2086514,5.073529412,43.89312977
E8C08C4798D6433B93782FE4443B80D3,DIN DIN St52.0,DIN,345,500,21,183,206000,80000,0.3,7860,20,345,500,42.6,1.20E-05,68,1.91,0.04389313,26.2086514,5.073529412,43.89312977
C9E238938A98409DB2F15524021B07E0,DIN DIN St52-3BK,DIN,470,590,4,232,206000,80000,0.3,7860,20,470,590,42.6,1.20E-05,68,1.91,0.059796438,26.2086514,6.911764706,59.79643766
7771FA0D03754033B2E18BA6731562C3,DIN DIN St60-2,DIN,325,570,16,209,206000,80000,0.3,7860,20,325,570,42.6,1.20E-05,68,1.91,0.041348601,26.2086514,4.779411765,41.34860051
ADB03AA31129495E8E1FBC6F039C6B25,DIN DIN St70-2,DIN,355,670,11,224,206000,80000,0.3,7860,20,355,670,42.6,1.20E-05,68,1.91,0.045165394,26.2086514,5.220588235,45.1653944
2E35C06B85C746159D01D9ACC5F2E753,DIN DIN Ck10 case-hardened,DIN,275,440,22.6,178,206000,80000,0.3,7860,20,275,440,42.6,1.20E-05,90,1.91,0.034987277,26.2086514,3.055555556,34.98727735
EF9F8066CC454980B17BC7EFDC390D93,DIN DIN Ck15 case-hardened,DIN,295,495,18.8,190,206000,80000,0.3,7860,20,295,495,42.6,1.20E-05,90,1.91,0.037531807,26.2086514,3.277777778,37.53180662
8C6C540279BD498A99B82EDFF052CEBD,DIN DIN Ck22,DIN,300,500,22,181,206000,80000,0.3,7860,20,300,500,42.6,1.20E-05,90,1.91,0.038167939,26.2086514,3.333333333,38.16793893
D6D0B490B8B2419183D7BCF2129C43FC,DIN DIN Ck25,DIN,320,500,21,185,206000,80000,0.3,7860,20,320,500,42.6,1.20E-05,90,1.91,0.040712468,26.2086514,3.555555556,40.71246819
C514F71B343148CCA28673A84DE9AF95,DIN DIN Ck30,DIN,350,550,20,187,206000,80000,0.3,7860,20,350,550,42.6,1.20E-05,90,1.91,0.044529262,26.2086514,3.888888889,44.52926209
86B945E2C1724C33A3587436B716C7B2,DIN DIN Ck35,DIN,370,600,19,194,206000,80000,0.3,7860,20,370,600,42.6,1.20E-05,90,1.91,0.047073791,26.2086514,4.111111111,47.07379135
5C4FF234703545289EE19A0833101B5E,DIN DIN Cf35,DIN,360,580,19,194,206000,80000,0.3,7860,20,360,580,42.6,1.20E-05,90,1.91,0.045801527,26.2086514,4,45.80152672
398C1E1FD3E04EDD8BFA0F64CA7DB4E3,DIN DIN Ck40 heat treated,DIN,400,630,18,204,206000,80000,0.3,7860,20,400,630,42.6,1.20E-05,90,1.91,0.050890585,26.2086514,4.444444444,50.89058524
9E0DD94A67B54CDD9C790D1BF3907F4D,DIN DIN Ck45 normalized,DIN,320,535,16,202,206000,80000,0.3,7860,20,320,535,42.6,1.20E-05,90,1.91,0.040712468,26.2086514,3.555555556,40.71246819
87E9DC38DF644E869AFDDA1DC8DFF406,DIN DIN Ck45 heat treated,DIN,430,650,16,214,206000,80000,0.3,7860,20,430,650,42.6,1.20E-05,90,1.91,0.054707379,26.2086514,4.777777778,54.70737913
1BB6F38364A249D0BE83019F28A7D732,DIN DIN Cf45,DIN,410,660,16,211,206000,80000,0.3,7860,20,410,660,42.6,1.20E-05,90,1.91,0.05216285,26.2086514,4.555555556,52.16284987
4A9342B25BD74BD2A1DA32574D54326B,DIN DIN Ck50 face hardened,DIN,460,700,15,213,206000,80000,0.3,7860,20,460,700,42.6,1.20E-05,90,1.91,0.058524173,26.2086514,5.111111111,58.52417303
BA9CC68145EA469B878B8F69081B1F75,DIN DIN Cf53,DIN,430,690,14,215,206000,80000,0.3,7860,20,430,690,42.6,1.20E-05,90,1.91,0.054707379,26.2086514,4.777777778,54.70737913
BC22FCA532E240DF80FA93C5E93493FD,DIN DIN Ck55 heat treated,DIN,500,750,14,219,206000,80000,0.3,7860,20,500,750,42.6,1.20E-05,90,1.91,0.063613232,26.2086514,5.555555556,63.61323155
AC779B077202436BB66B8EFAD451F5DD,DIN DIN Ck60 normalized,DIN,400,680,13,217,206000,80000,0.3,7860,20,400,680,42.6,1.20E-05,90,1.91,0.050890585,26.2086514,4.444444444,50.89058524
817CE32212934D66984CD889FCAB0890,DIN DIN Ck60 heat treated,DIN,520,800,13,225,206000,80000,0.3,7860,20,520,800,42.6,1.20E-05,90,1.91,0.066157761,26.2086514,5.777777778,66.15776081
F7F9DEA5FDFB45D39AA5E4035F90FA3D,DIN DIN Ck60 nitro-carburized,DIN,520,800,13,225,206000,80000,0.3,7860,20,520,800,42.6,1.20E-05,90,1.91,0.066157761,26.2086514,5.777777778,66.15776081
2EAB133B84AD44AA96A30F0218CDCE42,DIN DIN 17Mn4,DIN,290,460,22,181,206000,80000,0.3,7860,20,290,460,42.6,1.20E-05,90,1.91,0.036895674,26.2086514,3.222222222,36.8956743
FFBC4E94E5F448D3B038350B5D4F6092,DIN DIN 28Mn6,DIN,490,690,15,214,206000,80000,0.3,7860,20,490,690,42.6,1.20E-05,90,1.91,0.062340967,26.2086514,5.444444444,62.34096692
A5F18F6ADFDA486EAC6B0C9D6C414A9C,DIN DIN 17Cr3,DIN,340,590,13,218,206000,80000,0.3,7860,20,340,590,42.6,1.20E-05,90,1.91,0.043256997,26.2086514,3.777777778,43.25699746
D46C2765CB1A45DABA3B8B320EA26CE4,DIN DIN 34Cr4,DIN,590,800,14,224,206000,80000,0.3,7860,20,590,800,42.6,1.20E-05,90,1.91,0.075063613,26.2086514,6.555555556,75.06361323
CBE804E8EDD24674B4845427E0D7F1E9,DIN DIN 37Cr4 heat treated,DIN,630,850,13,258,206000,80000,0.3,7860,20,630,850,42.6,1.20E-05,90,1.91,0.080152672,26.2086514,7,80.15267176
79234A5681094DFEB5322196ED69FBB0,DIN DIN 37Cr4 face hardened,DIN,630,850,13,258,206000,80000,0.3,7860,20,630,850,42.6,1.20E-05,90,1.91,0.080152672,26.2086514,7,80.15267176
87E460E8514848A5979B5C0EE40875F7,DIN DIN 37Cr4 nitro-case-hard.,DIN,1300,1700,13,469,206000,80000,0.3,7860,20,1300,1700,42.6,1.20E-05,90,1.91,0.165394402,26.2086514,14.44444444,165.394402
E296EBBDE42B41F79772BEFCD98C8FB2,DIN DIN 38Cr4,DIN,630,830,13,242,206000,80000,0.3,7860,20,630,830,42.6,1.20E-05,90,1.91,0.080152672,26.2086514,7,80.15267176
018AB2D4F4BF4C059822204F2B34036B,DIN DIN 41Cr4,DIN,660,900,12,238,206000,80000,0.3,7860,20,660,900,42.6,1.20E-05,90,1.91,0.083969466,26.2086514,7.333333333,83.96946565
808F0457BD5048C6B243839C90D796E7,DIN DIN 42Cr4,DIN,670,880,12,237,206000,80000,0.3,7860,20,670,880,42.6,1.20E-05,90,1.91,0.08524173,26.2086514,7.444444444,85.24173028
C6D2296C3D724B26843190B898FBEA66,DIN DIN 37CrS4,DIN,630,850,13,258,206000,80000,0.3,7860,20,630,850,42.6,1.20E-05,90,1.91,0.080152672,26.2086514,7,80.15267176
4355A43BF3624316B39C5E175EFAEE57,DIN DIN 41CrS4,DIN,665,880,12,238,206000,80000,0.3,7860,20,665,880,42.6,1.20E-05,90,1.91,0.084605598,26.2086514,7.388888889,84.60559796
23D1D92AC5F144C98FFC11C4F7F61F06,DIN DIN 55Cr3 heat treated,DIN,1270,1450,6,439,206000,80000,0.3,7860,20,1270,1450,42.6,1.20E-05,90,1.91,0.161577608,26.2086514,14.11111111,161.5776081
E7E8267080CB49159F0667806C88FFAE,DIN DIN 16MnCr5 case-hardened,DIN,680,900,10,235,206000,80000,0.3,7860,20,680,900,42.6,1.20E-05,90,1.91,0.086513995,26.2086514,7.555555556,86.51399491
A26ABE82DCCB41F882C7ADD8BE05D5A6,DIN DIN 20MnCr5,DIN,680,980,8,257,206000,80000,0.3,7860,20,680,980,42.6,1.20E-05,81.301,1.91,0.086513995,26.2086514,8.363980763,86.51399491
18A461D0377E48D09A0A54EC633B1053,DIN DIN 54SiCr6 heat treated,DIN,1180,1370,7,418,206000,80000,0.3,7860,20,1180,1370,42.6,1.20E-05,90,1.91,0.150127226,26.2086514,13.11111111,150.1272265
6149B8C0E9D9402F97F6FA4225A8C9A6,DIN DIN 15Mo3,DIN,270,440,24,172,206000,80000,0.3,7860,20,270,440,42.6,1.20E-05,90,1.91,0.034351145,26.2086514,3,34.35114504
548FA7C3DA3E4D77BA606B9FC2462B3E,DIN DIN 13CrMo4,DIN,295,450,20,184,206000,80000,0.3,7860,20,295,450,42.6,1.20E-05,90,1.91,0.037531807,26.2086514,3.277777778,37.53180662
3E35A028495C4529BE06B3BE70671837,DIN DIN WTSt52-3,DIN,345,490,22,179,206000,80000,0.3,7860,20,345,490,42.6,1.20E-05,68,1.91,0.04389313,26.2086514,5.073529412,43.89312977
BADCBF83DAE549AF971A538D56499070,DIN DIN 25CrMo4,DIN,600,800,14,225,206000,80000,0.3,7860,20,600,800,42.6,1.20E-05,90,1.91,0.076335878,26.2086514,6.666666667,76.33587786
F5DD0CE18CCA4AB0963DC070B3FDE622,DIN DIN 34CrMo4,DIN,650,900,12,239,206000,80000,0.3,7860,20,650,900,42.6,1.20E-05,90,1.91,0.082697201,26.2086514,7.222222222,82.69720102
62B92DCEAA254E9CACC84EBA2B3D62C2,DIN DIN 42CrMo4,DIN,750,1000,11,240,206000,80000,0.3,7860,20,750,1000,42.6,1.20E-05,90,1.91,0.095419847,26.2086514,8.333333333,95.41984733
017E161FC1AB481BAA3085A93FBB348D,DIN DIN 41CrMo4,DIN,760,980,11,240,206000,80000,0.3,7860,20,760,980,42.6,1.20E-05,90,1.91,0.096692112,26.2086514,8.444444444,96.69211196
A6CADCF413164B0BA1A25D170A349604,DIN DIN 49CrMo4,DIN,690,880,12,236,206000,80000,0.3,7860,20,690,880,42.6,1.20E-05,90,1.91,0.08778626,26.2086514,7.666666667,87.78625954
AAB410FF9584401AB8D5496136B30582,DIN DIN 30CrV9 nitrided,DIN,600,800,13.3,224,206000,80000,0.3,7860,20,600,800,42.6,1.20E-05,90,1.91,0.076335878,26.2086514,6.666666667,76.33587786
F602C0CB5D64499391D247D56AAC63C4,DIN DIN 42CrV6 heat treated,DIN,850,980,11,241,206000,80000,0.3,7860,20,850,980,42.6,1.20E-05,90,1.91,0.108142494,26.2086514,9.444444444,108.1424936
E6148F6E86804EA39789EB3C25E764B1,DIN DIN 42CrV6 face hardened,DIN,850,980,11,241,206000,80000,0.3,7860,20,850,980,42.6,1.20E-05,90,1.91,0.108142494,26.2086514,9.444444444,108.1424936
2D0193ACC9B24753A7BF3C717ABB7297,DIN DIN 50CrV4 heat treated,DIN,1180,1370,8,418,206000,80000,0.3,7860,20,1180,1370,42.6,1.20E-05,90,1.91,0.150127226,26.2086514,13.11111111,150.1272265
35908EEF82FA4FB0B26745D38E6F2869,DIN DIN 10CrMo9-10,DIN,300,480,18,190,206000,80000,0.3,7860,20,300,480,42.6,1.20E-05,90,1.91,0.038167939,26.2086514,3.333333333,38.16793893
106995BA190344E19AFB67748C8552D2,DIN DIN 41CrAlMo7,DIN,735,930,12,238,206000,80000,0.3,7860,20,735,930,42.6,1.20E-05,90,1.91,0.09351145,26.2086514,8.166666667,93.51145038
E69F23C5E3BB412D9DA061F86BD84B08,DIN DIN 32CrMo12,DIN,1030,1230,9,356,206000,80000,0.3,7860,20,1030,1230,42.6,1.20E-05,90,1.91,0.131043257,26.2086514,11.44444444,131.043257
1148310FC45847F885F33111221D8935,DIN DIN 31CrMo12,DIN,750,1000,11,240,206000,80000,0.3,7860,20,750,1000,42.6,1.20E-05,90,1.91,0.095419847,26.2086514,8.333333333,95.41984733
2D84CF3A0A1A488BAC8C15B9583815E9,DIN DIN 17CrNiMo6,DIN,785,1080,8,239,206000,80000,0.3,7860,20,785,1080,42.6,1.20E-05,90,1.91,0.099872774,26.2086514,8.722222222,99.87277354
F405DAFDFAA84640BA5DE23442FB6C64,DIN DIN 10Ni14,DIN,355,490,22,179,206000,80000,0.3,7860,20,355,490,42.6,1.20E-05,68,1.91,0.045165394,26.2086514,5.220588235,45.1653944
0BAB34FE953946D6B92D4AADB8484755,DIN DIN 34CrNiMo6,DIN,900,1100,10,254,206000,80000,0.3,7860,20,900,1100,42.6,1.20E-05,90,1.91,0.114503817,26.2086514,10,114.5038168
D10071F738114EA3A8DAB3F35292FF5F,DIN DIN 30CrNiMo8,DIN,1050,1250,9,370,206000,80000,0.3,7860,20,1050,1250,42.6,1.20E-05,90,1.91,0.133587786,26.2086514,11.66666667,133.5877863
39CBE7CC69134E52A9F51BDF30DD2E23,DIN DIN 12Ni19,DIN,390,530,20,189,206000,80000,0.3,7860,20,390,530,42.6,1.20E-05,68,1.91,0.049618321,26.2086514,5.735294118,49.61832061
0E0A43E9812245E69548E949D588DAEE,DIN DIN X8Ni9,DIN,585,680,18,224,206000,80000,0.3,7860,20,585,680,42.6,1.20E-05,68,1.91,0.074427481,26.2086514,8.602941176,74.42748092
628657BBE8014D89827B813875ADAD00,DIN DIN X6Cr13,DIN,250,400,20,183,206000,80000,0.3,7860,20,250,400,16.2,1.60E-05,217.831,6.2,0.031806616,26.2086514,1.147678705,31.80661578
295573032E8640EF91D5012A85CE17D1,DIN DIN X6Cr17,DIN,270,450,20,183,206000,80000,0.3,7860,20,270,450,16.2,1.60E-05,217.831,6.2,0.034351145,26.2086514,1.239493001,34.35114504
6A48AEBF08924431B12DFDAB344CBEE9,DIN DIN X10Cr13,DIN,420,600,18,206,206000,80000,0.3,7860,20,420,600,42.6,1.20E-05,217.831,1.91,0.053435115,26.2086514,1.928100224,53.4351145
DC25B5D2FCFC485A9EFBCAE206C76F27,DIN DIN X20Cr13,DIN,450,650,14,223,206000,80000,0.3,7860,20,450,650,16.2,1.60E-05,217.831,6.2,0.057251908,26.2086514,2.065821669,57.2519084
5F3256712F114411887EEC9780C0D94F,DIN DIN X30Cr13,DIN,600,800,11,222,206000,80000,0.3,7860,20,600,800,42.6,1.20E-05,217.831,1.91,0.076335878,26.2086514,2.754428892,76.33587786
203736B8838A4EE9BEA1883B9A95DBB8,DIN DIN X45CrSi93,DIN,700,900,14,246,206000,80000,0.3,7860,20,700,900,42.6,1.20E-05,90,1.91,0.089058524,26.2086514,7.777777778,89.05852417
6C4F4BDA088B4F36A8E809EDB80E04B3,DIN DIN X6CrAl13,DIN,250,400,20,183,206000,80000,0.3,7860,20,250,400,16.2,1.60E-05,217.831,6.2,0.031806616,26.2086514,1.147678705,31.80661578
37C3E72BAF744E028DADFDE7E246961C,DIN DIN X20CrNi172,DIN,550,750,14,224,206000,80000,0.3,7860,20,550,750,16.2,1.60E-05,217.831,6.2,0.069974555,26.2086514,2.524893151,69.97455471
B41AFDB601F440E9A14E47573E5892AF,DIN DIN X85CrMoV182,DIN,800,1000,7,247,206000,80000,0.3,7860,20,800,1000,42.6,1.20E-05,217.831,1.91,0.10178117,26.2086514,3.672571856,101.7811705
9B053F4E56E845EF8295E4A285397E0E,DIN DIN X5CrNi1810,DIN,195,500,45,145,206000,80000,0.3,7860,20,195,500,16.2,1.60E-05,217.831,6.2,0.02480916,26.2086514,0.89518939,24.80916031
0A8BCDF382474A5EAA67736E4AFE8399,DIN DIN X10CrNiS189,DIN,195,500,35,146,206000,80000,0.3,7860,20,195,500,42.6,1.20E-05,217.831,1.91,0.02480916,26.2086514,0.89518939,24.80916031
41074C92CC2E433EA5CE8790FBB0877F,DIN DIN X6CrNiTi1810,DIN,200,500,40,145,206000,80000,0.3,7860,20,200,500,16.2,1.60E-05,217.831,6.2,0.025445293,26.2086514,0.918142964,25.44529262
F4C192049277430C876F6626D3D46626,DIN DIN X2CrNi1911,DIN,180,460,45,140,206000,80000,0.3,7860,20,180,460,16.2,1.60E-05,217.831,6.2,0.022900763,26.2086514,0.826328668,22.90076336
F69AEB2481DA4C0CB6D710A90ED5D243,DIN DIN X2CrNiN1810,DIN,270,550,40,153,206000,80000,0.3,7860,20,270,550,16.2,1.60E-05,217.831,6.2,0.034351145,26.2086514,1.239493001,34.35114504
3F4672A8B7E641D3ADD6704197F09BC4,DIN DIN X5CrNiMo17122,DIN,205,510,40,146,206000,80000,0.3,7860,20,205,510,16.2,1.60E-05,217.831,6.2,0.026081425,26.2086514,0.941096538,26.08142494
263AE97BC29342EE8CEB18991CFB1E52,DIN DIN X6CrNiMoTi17122,DIN,210,500,35,146,206000,80000,0.3,7860,20,210,500,16.2,1.60E-05,217.831,6.2,0.026717557,26.2086514,0.964050112,26.71755725
8ED00023D84045898C15D0D060B8E14B,DIN DIN X2CrNiMo17132,DIN,190,490,40,143,206000,80000,0.3,7860,20,190,490,16.2,1.60E-05,217.831,6.2,0.024173028,26.2086514,0.872235816,24.17302799
1DC972DDDF644E2DA1DD6196F0F5CEB6,DIN DIN X2CrNiMo18143,DIN,190,490,35,145,206000,80000,0.3,7860,20,190,490,16.2,1.60E-05,217.831,6.2,0.024173028,26.2086514,0.872235816,24.17302799
6363DF516C5D4E189029B7E6AAD1AC9F,DIN DIN X5CrNiMo17133,DIN,205,510,40,146,206000,80000,0.3,7860,20,205,510,16.2,1.60E-05,217.831,6.2,0.026081425,26.2086514,0.941096538,26.08142494
64D59CE9736142A6A95E9494EDA35736,DIN DIN X2CrNiMoN17122,DIN,280,580,40,157,206000,80000,0.3,7860,20,280,580,16.2,1.60E-05,217.831,6.2,0.03562341,26.2086514,1.28540015,35.62340967
AF88CF32573E4E10A619AEC9D9DC27B9,DIN DIN X2CrNiMoN17133,DIN,295,580,40,157,206000,80000,0.3,7860,20,295,580,16.2,1.60E-05,217.831,6.2,0.037531807,26.2086514,1.354260872,37.53180662
B6FF6CED94CD4037A777F44672FD1A20,DIN DIN X2CrNiMoN17135,DIN,285,580,35,158,206000,80000,0.3,7860,20,285,580,16.2,1.60E-05,90,6.2,0.036259542,26.2086514,3.166666667,36.25954198
EAAEB66F2BC64E3F85B747F1BB1C86D6,DIN DIN X8CrMnNi188,DIN,295,590,45,159,206000,80000,0.3,7860,20,295,590,42.6,1.20E-05,217.831,1.91,0.037531807,26.2086514,1.354260872,37.53180662
73FFC08359D84E30961BBB085E50F5C3,DIN DIN X53CrMnNiN219,DIN,580,950,8,243,206000,80000,0.3,7860,20,580,950,42.6,1.20E-05,90,1.91,0.073791349,26.2086514,6.444444444,73.7913486
315D13BE33A64CD381800BBED59F1D98,DIN DIN GG - 15,DIN,150,150,10.6,218,85000,34000,0.25,7160,20,150,150,42.6,1.20E-05,85,1.91,0.020949721,11.87150838,1.764705882,20.94972067
B9D2881D5CCF445E94B9D329EA0FC072,DIN DIN GG - 20,DIN,200,200,10.8,206,85000,34000,0.25,7160,20,200,200,42.6,1.20E-05,85,1.91,0.027932961,11.87150838,2.352941176,27.93296089
39B4E041AEFE4513992D38FF49625B0C,DIN DIN GG - 25,DIN,250,250,11.1,210,85000,34000,0.25,7160,20,250,250,42.6,1.20E-05,85,1.91,0.034916201,11.87150838,2.941176471,34.91620112
421CD252FD114CF59B4B1EA2BDA1E792,DIN DIN GG - 30,DIN,300,300,10.5,209,85000,34000,0.25,7160,20,300,300,42.6,1.20E-05,85,1.91,0.041899441,11.87150838,3.529411765,41.89944134
671C969C73D845AB99728BAEFF4FE7BA,DIN DIN GG - 35,DIN,350,350,9.7,212,85000,34000,0.25,7160,20,350,350,42.6,1.20E-05,85,1.91,0.048882682,11.87150838,4.117647059,48.88268156
B4E67D1F8B5C4102929F06003EC9D570,DIN DIN GGG - 50,DIN,320,500,10.2,198,169000,70000,0.2,7160,20,320,500,42.6,1.20E-05,85,1.91,0.044692737,23.60335196,3.764705882,44.69273743
F22AF5BA4B864B409D0617B664502E51,DIN DIN GGG - 60,DIN,370,600,9,229,169000,70000,0.2,7160,20,370,600,42.6,1.20E-05,85,1.91,0.051675978,23.60335196,4.352941176,51.67597765
D2E88FD9BB6849A69C01DEAF48A64170,DIN DIN GGG - 70,DIN,420,700,8.8,242,169000,70000,0.2,7160,20,420,700,42.6,1.20E-05,85,1.91,0.058659218,23.60335196,4.941176471,58.65921788
7C0C12B6DF9F4687B8A3D2426801747B,DIN DIN GGG - 80,DIN,480,800,8.6,254,169000,70000,0.2,7160,20,480,800,42.6,1.20E-05,85,1.91,0.067039106,23.60335196,5.647058824,67.03910615
19680BEF68984882AAEAAC894650F1C5,DIN DIN GTS - 40,DIN,180,400,4,187,160000,64000,0.27,7160,20,180,400,42.6,1.20E-05,85,1.91,0.025139665,22.34636872,2.117647059,25.1396648
39F59032E799471AB11F855D01D3AB23,DIN DIN GTS - 50,DIN,260,500,4,198,160000,64000,0.27,7160,20,260,500,42.6,1.20E-05,85,1.91,0.036312849,22.34636872,3.058823529,36.31284916
75D52A8C440D479089A42EA73CDA8B7D,BS BS 230M07,BS,300,430,8,192,206000,80000,0.3,7860,20,300,430,42.6,1.20E-05,68,1.91,0.038167939,26.2086514,4.411764706,38.16793893
80BB6BEED53048A49BA680CBB5400394,BS BS 212M36,BS,370,635,18,203,206000,80000,0.3,7860,20,370,635,42.6,1.20E-05,68,1.91,0.047073791,26.2086514,5.441176471,47.07379135
0DEB09DD2058411FB5B89B9A937D0DB2,BS BS CR3GP,BS,140,280,32,143,206000,80000,0.3,7860,20,140,280,42.6,1.20E-05,68,1.91,0.017811705,26.2086514,2.058823529,17.81170483
45DDDDC410AE4593AC71EF32DDB031BB,BS BS CR2PL,BS,140,280,34,138,206000,80000,0.3,7860,20,140,280,42.6,1.20E-05,68,1.91,0.017811705,26.2086514,2.058823529,17.81170483
AE2436BCFA414E55A6751E8DC734F1C1,BS BS CR4GP,BS,140,280,31.8,143,206000,80000,0.3,7860,20,140,280,42.6,1.20E-05,68,1.91,0.017811705,26.2086514,2.058823529,17.81170483
0B4CAFB4A1494962894DF9D4C1C6B979,BS BS CEW2BK,BS,355,420,6,201,206000,80000,0.3,7860,20,355,420,42.6,1.20E-05,68,1.91,0.045165394,26.2086514,5.220588235,45.1653944
35367EBEC90145EBA0714768C3021E3D,BS BS CFS3NBK,BS,215,360,24,173,206000,80000,0.3,7860,20,215,360,42.6,1.20E-05,68,1.91,0.02735369,26.2086514,3.161764706,27.35368957
7486F3A4E4914BB998B31D31D2631839,BS BS Grade 360,BS,225,360,25,163,206000,80000,0.3,7860,20,225,360,42.6,1.20E-05,90,1.91,0.028625954,26.2086514,2.5,28.6259542
DCC947E951F34314BAC53803D040A81D,BS BS CEW3BK,BS,360,450,6,203,206000,80000,0.3,7860,20,360,450,42.6,1.20E-05,68,1.91,0.045801527,26.2086514,5.294117647,45.80152672
C4EA4D96CA964ED495B520A7980424D6,BS BS 40B,BS,225,340,26,155,206000,80000,0.3,7860,20,225,340,42.6,1.20E-05,68,1.91,0.028625954,26.2086514,3.308823529,28.6259542
02EC7AD97AD045F58041835975A7E00A,BS BS 40C,BS,225,340,26,155,206000,80000,0.3,7860,20,225,340,42.6,1.20E-05,68,1.91,0.028625954,26.2086514,3.308823529,28.6259542
7217DB29FEA64BE79991220CA0C37198,BS BS Grade 430,BS,225,410,23,179,206000,80000,0.3,7860,20,225,410,42.6,1.20E-05,90,1.91,0.028625954,26.2086514,2.5,28.6259542
0834785AEF91469BBB827349BCE7FDF4,BS BS 43B,BS,245,430,22,186,206000,80000,0.3,7860,20,245,430,42.6,1.20E-05,68,1.91,0.031170483,26.2086514,3.602941176,31.17048346
2C9014DF534A4AF994FB347639CAC8C4,BS BS CFS6NBK,BS,280,460,21,185,206000,80000,0.3,7860,20,280,460,42.6,1.20E-05,68,1.91,0.03562341,26.2086514,4.117647059,35.62340967
2A596BF1A0264F6AA8912F95B04C03F0,BS BS 43D,BS,245,430,22,186,206000,80000,0.3,7860,20,245,430,42.6,1.20E-05,68,1.91,0.031170483,26.2086514,3.602941176,31.17048346
2C5F755936634A42AB7CE6B0CE3BACC1,BS BS 50B,BS,355,490,20,184,206000,80000,0.3,7860,20,355,490,42.6,1.20E-05,68,1.91,0.045165394,26.2086514,5.220588235,45.1653944
D7CD41EB8C804FD8A0606A3B14BE0037,BS BS 50C,BS,355,490,20,184,206000,80000,0.3,7860,20,355,490,42.6,1.20E-05,68,1.91,0.045165394,26.2086514,5.220588235,45.1653944
8FA9F4D20A8C4EECB7BAFF960DC7283B,BS BS 50D,BS,355,490,20,184,206000,80000,0.3,7860,20,355,490,42.6,1.20E-05,68,1.91,0.045165394,26.2086514,5.220588235,45.1653944
3E70C0D41B894904937B577F2A82711A,BS BS CFS8NBK,BS,340,540,18,199,206000,80000,0.3,7860,20,340,540,42.6,1.20E-05,68,1.91,0.043256997,26.2086514,5,43.25699746
500F402474A14F549BE14D6B3E046111,BS BS CEW5BK,BS,480,600,4,233,206000,80000,0.3,7860,20,480,600,42.6,1.20E-05,68,1.91,0.061068702,26.2086514,7.058823529,61.06870229
D974FBBAF91F4404B3EE6F467D22396D,BS BS 55C,BS,430,550,19,199,206000,80000,0.3,7860,20,430,550,42.6,1.20E-05,68,1.91,0.054707379,26.2086514,6.323529412,54.70737913
A343C36BE2644119AE9A1006816D700E,BS BS 55E,BS,430,550,19,199,206000,80000,0.3,7860,20,430,550,42.6,1.20E-05,68,1.91,0.054707379,26.2086514,6.323529412,54.70737913
E734157F9FBD4939AFF3341432BAEB1A,BS BS 070M26,BS,245,490,20,188,206000,80000,0.3,7860,20,245,490,42.6,1.20E-05,90,1.91,0.031170483,26.2086514,2.722222222,31.17048346
F2EF47866E394D26B4F475D7F3268AC3,BS BS 080M30,BS,310,550,18,200,206000,80000,0.3,7860,20,310,550,42.6,1.20E-05,90,1.91,0.039440204,26.2086514,3.444444444,39.44020356
2865648283A7480CA34BD5B0EC5D8785,BS BS 080M36,BS,370,625,16,211,206000,80000,0.3,7860,20,370,625,42.6,1.20E-05,90,1.91,0.047073791,26.2086514,4.111111111,47.07379135
AE1BF9864AEA43DABAE352F9F30A1E94,BS BS 080A35,BS,370,625,16,211,206000,80000,0.3,7860,20,370,625,42.6,1.20E-05,90,1.91,0.047073791,26.2086514,4.111111111,47.07379135
01EBF32EDED24F6D9DCB9E123851857B,BS BS 080M40,BS,355,625,16,213,206000,80000,0.3,7860,20,355,625,42.6,1.20E-05,90,1.91,0.045165394,26.2086514,3.944444444,45.1653944
DE550B472460410299C1E22E9A83DB1D,BS BS 080M46,BS,340,625,16,215,206000,80000,0.3,7860,20,340,625,42.6,1.20E-05,90,1.91,0.043256997,26.2086514,3.777777778,43.25699746
14F96F25166A42439BF253A0A93F9800,BS BS 060A47,BS,400,700,14,215,206000,80000,0.3,7860,20,400,700,42.6,1.20E-05,90,1.91,0.050890585,26.2086514,4.444444444,50.89058524
1B7045AE71C94EE2B973B0A0ADA74EE6,BS BS 080M50,BS,360,625,15,214,206000,80000,0.3,7860,20,360,625,42.6,1.20E-05,90,1.91,0.045801527,26.2086514,4,45.80152672
2B20E451315B4505A031289E09F6FD98,BS BS 060A57,BS,450,775,14,223,206000,80000,0.3,7860,20,450,775,42.6,1.20E-05,90,1.91,0.057251908,26.2086514,5,57.2519084
293F1DF9DBA846C5BB5383CDD2A4F051,BS BS 070M55,BS,450,775,14,223,206000,80000,0.3,7860,20,450,775,42.6,1.20E-05,90,1.91,0.057251908,26.2086514,5,57.2519084
5A4FCD16440844BCAA6F86F6F2ED5CE8,BS BS 150M19,BS,325,550,18,200,206000,80000,0.3,7860,20,325,550,42.6,1.20E-05,90,1.91,0.041348601,26.2086514,3.611111111,41.34860051
81E6CA9AA5EA4282A2C35356AA77190F,BS BS 251A58 heat treated,BS,1100,1300,6,395,206000,80000,0.3,7860,20,1100,1300,42.6,1.20E-05,90,1.91,0.139949109,26.2086514,12.22222222,139.9491094
38BA4687674943F88E69AADF4B11C03A,BS BS 530A36,BS,510,700,17,214,206000,80000,0.3,7860,20,510,700,42.6,1.20E-05,90,1.91,0.064885496,26.2086514,5.666666667,64.88549618
A573913C110948EEB6A81946B4922E5D,BS BS 530M40 heat treated,BS,570,775,15,218,206000,80000,0.3,7860,20,570,775,42.6,1.20E-05,90,1.91,0.072519084,26.2086514,6.333333333,72.51908397
BC178276A1D54F8EA3B4617E9D08F77C,BS BS 530M40 face hardened,BS,665,850,13,261,206000,80000,0.3,7860,20,665,850,42.6,1.20E-05,90,1.91,0.084605598,26.2086514,7.388888889,84.60559796
04BED8AD04184C4BA75D239F030C4665,BS BS 525A60 heat treated,BS,1180,1380,6,419,206000,80000,0.3,7860,20,1180,1380,42.6,1.20E-05,90,1.91,0.150127226,26.2086514,13.11111111,150.1272265
4AE1DD81FC064300B3EC6A0C4AB9A93D,BS BS 708A25,BS,665,850,13,261,206000,80000,0.3,7860,20,665,850,42.6,1.20E-05,90,1.91,0.084605598,26.2086514,7.388888889,84.60559796
23D76C96B0EE4AD68298AFAF51A8E4B4,BS BS 708A37,BS,665,850,13,261,206000,80000,0.3,7860,20,665,850,42.6,1.20E-05,90,1.91,0.084605598,26.2086514,7.388888889,84.60559796
456E757EF05D47D4A15AA19E2000A21D,BS BS 708M40 heat treated,BS,665,850,13,261,206000,80000,0.3,7860,20,665,850,42.6,1.20E-05,90,1.91,0.084605598,26.2086514,7.388888889,84.60559796
1012817F644D41CFB9913D6830C79CEA,BS BS 708M40 face hardened,BS,740,925,12,237,206000,80000,0.3,7860,20,740,925,42.6,1.20E-05,90,1.91,0.094147583,26.2086514,8.222222222,94.1475827
8D4AADB71DE54BA1B321B6976432F2D4,BS BS 735A51 heat treated,BS,1180,1370,6,418,206000,80000,0.3,7860,20,1180,1370,42.6,1.20E-05,90,1.91,0.150127226,26.2086514,13.11111111,150.1272265
6FEC26ACDFAB4904AE30C09EF84E4C8E,BS BS 905M39 nitrided,BS,570,775,15,218,206000,80000,0.3,7860,20,570,775,42.6,1.20E-05,90,1.91,0.072519084,26.2086514,6.333333333,72.51908397
0F9770F3EA654AD384F5041C9D10373D,BS BS 722M22,BS,665,850,13,261,206000,80000,0.3,7860,20,665,850,42.6,1.20E-05,90,1.91,0.084605598,26.2086514,7.388888889,84.60559796
EDED3AECAEF7435C8F87718F355C13C4,BS BS 722M24 nitrided,BS,685,850,13,258,206000,80000,0.3,7860,20,685,850,42.6,1.20E-05,90,1.91,0.087150127,26.2086514,7.611111111,87.15012723
07747B01E7EA411FA26300F4511B9D2B,BS BS 817M40 heat treated,BS,925,1075,11,254,206000,80000,0.3,7860,20,925,1075,42.6,1.20E-05,90,1.91,0.117684478,26.2086514,10.27777778,117.6844784
ABD4A0740F21403FAC2247080232062C,BS BS 403S17,BS,245,420,20,182,206000,80000,0.3,7860,20,245,420,16.2,1.60E-05,217.831,6.2,0.031170483,26.2086514,1.124725131,31.17048346
C13F709B439946F98FA84910E588F615,BS BS 410S21,BS,340,550,15,205,206000,80000,0.3,7860,20,340,550,16.2,1.60E-05,217.831,6.2,0.043256997,26.2086514,1.560843039,43.25699746
BF4AE013B68C4138A3132DCCF768DA22,BS BS 420S37,BS,490,700,11,224,206000,80000,0.3,7860,20,490,700,16.2,1.60E-05,217.831,6.2,0.062340967,26.2086514,2.249450262,62.34096692
22EA81A0B1904D9CA5207F4733E87A14,BS BS 430S17,BS,245,430,20,182,206000,80000,0.3,7860,20,245,430,16.2,1.60E-05,217.831,6.2,0.031170483,26.2086514,1.124725131,31.17048346
A70E929E35A4473F886D61E2373D5331,BS BS 401S45,BS,685,900,14,246,206000,80000,0.3,7860,20,685,900,16.2,1.60E-05,90,6.2,0.087150127,26.2086514,7.611111111,87.15012723
7286C586786C46C1BB6AF87F846A700F,BS BS 431S29,BS,635,850,11,257,206000,80000,0.3,7860,20,635,850,16.2,1.60E-05,217.831,6.2,0.080788804,26.2086514,2.915103911,80.78880407
42AFC27D7763421DA2513E58C7948D3E,BS BS 304S15,BS,195,480,40,141,206000,80000,0.3,7860,20,195,480,16.2,1.60E-05,217.831,6.2,0.02480916,26.2086514,0.89518939,24.80916031
DE04F22800C443C580B4D2158A0B4DB0,BS BS 303S31,BS,190,510,40,146,206000,80000,0.3,7860,20,190,510,16.2,1.60E-05,217.831,6.2,0.024173028,26.2086514,0.872235816,24.17302799
72B583C497E74CAF8165DC5D1B1812ED,BS BS 321S31,BS,195,490,40,143,206000,80000,0.3,7860,20,195,490,16.2,1.60E-05,217.831,6.2,0.02480916,26.2086514,0.89518939,24.80916031
0D90EDA85A5F4EB08749068A009B58BB,BS BS 304S11,BS,180,480,40,143,206000,80000,0.3,7860,20,180,480,16.2,1.60E-05,217.831,6.2,0.022900763,26.2086514,0.826328668,22.90076336
5A8104E593A84702AAF43A589C484DD1,BS BS 310S31,BS,205,510,40,145,206000,80000,0.3,7860,20,205,510,16.2,1.60E-05,90,6.2,0.026081425,26.2086514,2.277777778,26.08142494
A796DA2908F54745921497E0D127941E,BS BS 316S11,BS,190,490,40,143,206000,80000,0.3,7860,20,190,490,16.2,1.60E-05,217.831,6.2,0.024173028,26.2086514,0.872235816,24.17302799
CBDE813232064B41997A3C2F745A9455,BS BS 316S31,BS,205,510,40,146,206000,80000,0.3,7860,20,205,510,16.2,1.60E-05,217.831,6.2,0.026081425,26.2086514,0.941096538,26.08142494
4680262FEB4A4FC8A8C3CB694A3ACD13,BS BS 349S54,BS,580,950,8,246,206000,80000,0.3,7860,20,580,950,16.2,1.60E-05,90,6.2,0.073791349,26.2086514,6.444444444,73.7913486
86F6C89E0E6C460896C217BD13D227F2,BS Grey cast iron,BS,150,150,8.4,220,85000,34000,0.25,7160,20,150,150,26.9,1.28E-05,85,1.8,0.020949721,11.87150838,1.764705882,20.94972067
3D9E7890661246A4B0695F57B5B0E928,BS Grey cast iron,BS,200,200,8.8,209,85000,34000,0.25,7160,20,200,200,26.9,1.28E-05,85,1.8,0.027932961,11.87150838,2.352941176,27.93296089
8C25BAE9266745C9A6C346BF8A7FEAB2,BS Grey cast iron,BS,250,250,9,213,85000,34000,0.25,7160,20,250,250,26.9,1.28E-05,85,1.8,0.034916201,11.87150838,2.941176471,34.91620112
6424907FA7D5403B8939E9E41E463036,BS Grey cast iron,BS,300,300,9.1,211,85000,34000,0.25,7160,20,300,300,26.9,1.28E-05,85,1.8,0.041899441,11.87150838,3.529411765,41.89944134
C18AF1D1F41147888EFD60CB0062549F,BS Grey cast iron,BS,350,350,8.4,214,85000,34000,0.25,7160,20,350,350,26.9,1.28E-05,85,1.8,0.048882682,11.87150838,4.117647059,48.88268156
C2B99A98DD704343B6D8B20DD446509E,BS Nodular cast iron,BS,320,500,9.1,198,169000,70000,0.2,7160,20,320,500,23.7,1.35E-05,85,1.8,0.044692737,23.60335196,3.764705882,44.69273743
26E4DB40EA2748799C24FEA7B75859F9,BS Nodular cast iron,BS,370,600,6.9,231,169000,70000,0.2,7160,20,370,600,23.7,1.35E-05,85,1.8,0.051675978,23.60335196,4.352941176,51.67597765
90A3EBB6F59C44CBB60C1A37A84AF0F0,BS Nodular cast iron,BS,420,700,5.5,257,169000,70000,0.2,7160,20,420,700,23.7,1.35E-05,85,1.8,0.058659218,23.60335196,4.941176471,58.65921788
AFADC0227D134D729262951DB0321342,BS Nodular cast iron,BS,480,800,5.4,271,169000,70000,0.2,7160,20,480,800,23.7,1.35E-05,85,1.8,0.067039106,23.60335196,5.647058824,67.03910615
317662996418427C88ADEEFBC7918FB6,BS Malleable cast iron,BS,180,400,4,186,160000,64000,0.27,7160,20,180,400,26.9,1.28E-05,85,1.8,0.025139665,22.34636872,2.117647059,25.1396648
A7AF53FD316149678711552C14012834,BS Malleable cast iron,BS,260,500,4,196,160000,64000,0.27,7160,20,260,500,26.9,1.28E-05,85,1.8,0.036312849,22.34636872,3.058823529,36.31284916
D7661E1A858C4AB6B0066BB624C7D3FD,CSN CSN 10370,CSN,200,350,27.3,152,206000,80000,0.3,7860,20,200,350,42.6,1.20E-05,68,1.91,0.025445293,26.2086514,2.941176471,25.44529262
752BBEB335E749FB934A6538F7B65D41,CSN CSN 11110,CSN,226,400,24,178,206000,80000,0.3,7860,20,226,400,42.6,1.20E-05,68,1.91,0.028753181,26.2086514,3.323529412,28.75318066
BABA28E25972478490DECA95179DBB2D,CSN CSN 11110 normalized,CSN,373,471,8,203,206000,80000,0.3,7860,20,373,471,42.6,1.20E-05,68,1.91,0.047455471,26.2086514,5.485294118,47.45547074
3A16734656314656A39D15FB6C5ACB13,CSN CSN 11120,CSN,255,400,22,187,206000,80000,0.3,7860,20,255,400,42.6,1.20E-05,68,1.91,0.032442748,26.2086514,3.75,32.44274809
370F0432806344DCBBA8BB75DDCC91F4,CSN CSN 11140 normalized,CSN,520,660,6,234,206000,80000,0.3,7860,20,520,660,42.6,1.20E-05,68,1.91,0.066157761,26.2086514,7.647058824,66.15776081
1D63EED662084277BD79644AD7C7B12B,CSN CSN 11301,CSN,200,280,31,139,206000,80000,0.3,7860,20,200,280,42.6,1.20E-05,68,1.91,0.025445293,26.2086514,2.941176471,25.44529262
854EF13992D046A9ADD93B0D1D4DAA46,CSN CSN 11305,CSN,215,290,36,131,206000,80000,0.3,7860,20,215,290,42.6,1.20E-05,68,1.91,0.02735369,26.2086514,3.161764706,27.35368957
B4D9F92FAFC2476A8EDC9AE6BF5E440E,CSN CSN 11321,CSN,200,280,29,146,206000,80000,0.3,7860,20,200,280,42.6,1.20E-05,68,1.91,0.025445293,26.2086514,2.941176471,25.44529262
6D78A3206DDC4526AF8DB6258EBC29E9,CSN CSN 11343,CSN,195,330,30,142,206000,80000,0.3,7860,20,195,330,42.6,1.20E-05,68,1.91,0.02480916,26.2086514,2.867647059,24.80916031
4D6AEBE5539340DCA0795CE8F15B4292,CSN CSN 11353,CSN,225,340,24,167,206000,80000,0.3,7860,20,225,340,42.6,1.20E-05,68,1.91,0.028625954,26.2086514,3.308823529,28.6259542
DB5C76F007DF477C87371EF0C52CCB00,CSN CSN 11368,CSN,225,350,26,155,206000,80000,0.3,7860,20,225,350,42.6,1.20E-05,90,1.91,0.028625954,26.2086514,2.5,28.6259542
00CEC88C0A774F8081254D2E4486EA9E,CSN CSN 11373,CSN,225,340,26,155,206000,80000,0.3,7860,20,225,340,42.6,1.20E-05,68,1.91,0.028625954,26.2086514,3.308823529,28.6259542
08CBB25EDC544416A785BE74DE6D4235,CSN CSN 11378,CSN,235,360,26,158,206000,80000,0.3,7860,20,235,360,42.6,1.20E-05,68,1.91,0.029898219,26.2086514,3.455882353,29.89821883
32EA85DB37E649CAA3012421660FC314,CSN CSN 11418,CSN,255,410,24,175,206000,80000,0.3,7860,20,255,410,42.6,1.20E-05,90,1.91,0.032442748,26.2086514,2.833333333,32.44274809
18A1DDA397B94D398194A0D2424BD3C6,CSN CSN 11423,CSN,240,420,22,186,206000,80000,0.3,7860,20,240,420,42.6,1.20E-05,68,1.91,0.030534351,26.2086514,3.529411765,30.53435115
AC927F8962CD4EA499C12C53270479AB,CSN CSN 11448,CSN,285,430,22,181,206000,80000,0.3,7860,20,285,430,42.6,1.20E-05,68,1.91,0.036259542,26.2086514,4.191176471,36.25954198
E1915739E73B425284DA612D17D919EC,CSN CSN 11453,CSN,265,440,20,185,206000,80000,0.3,7860,20,265,440,42.6,1.20E-05,68,1.91,0.033715013,26.2086514,3.897058824,33.71501272
F2F3E05E6BC5493C8B7A09BF552AE71D,CSN CSN 11500,CSN,265,490,19,191,206000,80000,0.3,7860,20,265,490,42.6,1.20E-05,68,1.91,0.033715013,26.2086514,3.897058824,33.71501272
3207F3443BC944D6A71BE094218A32EE,CSN CSN 11503,CSN,340,490,22,179,206000,80000,0.3,7860,20,340,490,42.6,1.20E-05,68,1.91,0.043256997,26.2086514,5,43.25699746
2DD5A71625024C9E96FA482F6A23CE4A,CSN CSN 11523 normalized,CSN,345,510,23,173,206000,80000,0.3,7860,20,345,510,42.6,1.20E-05,68,1.91,0.04389313,26.2086514,5.073529412,43.89312977
16EB035812B44324BCD673AC0E1C3F0A,CSN CSN 11600,CSN,315,590,14,217,206000,80000,0.3,7860,20,315,590,42.6,1.20E-05,68,1.91,0.040076336,26.2086514,4.632352941,40.07633588
7C15C7F066F94306893EFA9BB9360CA1,CSN CSN 11600 face hardened,CSN,315,590,14,217,206000,80000,0.3,7860,20,315,590,42.6,1.20E-05,68,1.91,0.040076336,26.2086514,4.632352941,40.07633588
B3589CC8EF9A441AA52E0118F2DDC630,CSN CSN 11700,CSN,355,686,11,226,206000,80000,0.3,7860,20,355,686,42.6,1.20E-05,68,1.91,0.045165394,26.2086514,5.220588235,45.1653944
3C0A46967BE1471E9C80154AA48E323C,CSN CSN 11700 face hardened,CSN,355,686,11,226,206000,80000,0.3,7860,20,355,686,42.6,1.20E-05,68,1.91,0.045165394,26.2086514,5.220588235,45.1653944
9802A02A30884E78BFE92B588959CCD3,CSN CSN 12010 case-hardened,CSN,325,490,16,194,206000,80000,0.3,7860,20,325,490,42.6,1.20E-05,90,1.91,0.041348601,26.2086514,3.611111111,41.34860051
7FBE7CDD68BD4827BE6CB8E1242E336D,CSN CSN 12020,CSN,350,550,12,210,206000,80000,0.3,7860,20,350,550,42.6,1.20E-05,90,1.91,0.044529262,26.2086514,3.888888889,44.52926209
682A45A3B8F840F69DC62C751EEBA74F,CSN CSN 12020 case-hardened,CSN,295,490,12,196,206000,80000,0.3,7860,20,295,490,42.6,1.20E-05,90,1.91,0.037531807,26.2086514,3.277777778,37.53180662
04DC15FE834F403D9D4CF400B2D09294,CSN CSN 12024,CSN,300,480,22,181,206000,80000,0.3,7860,20,300,480,42.6,1.20E-05,90,1.91,0.038167939,26.2086514,3.333333333,38.16793893
05829745D8D44E28A0C19EEBB50A33AF,CSN CSN 12030,CSN,320,500,21,185,206000,80000,0.3,7860,20,320,500,42.6,1.20E-05,90,1.91,0.040712468,26.2086514,3.555555556,40.71246819
8B858F398EFF4ECCBC07DCE18D567060,CSN CSN 12031,CSN,350,550,20,187,206000,80000,0.3,7860,20,350,550,42.6,1.20E-05,90,1.91,0.044529262,26.2086514,3.888888889,44.52926209
A875E1D07AA34B14A63AE63EE1C07479,CSN CSN 12040,CSN,370,600,19,194,206000,80000,0.3,7860,20,370,600,42.6,1.20E-05,90,1.91,0.047073791,26.2086514,4.111111111,47.07379135
B9CF9E072CAE4A9487D66ADFDECC59F8,CSN CSN 12041,CSN,400,630,18,204,206000,80000,0.3,7860,20,400,630,42.6,1.20E-05,90,1.91,0.050890585,26.2086514,4.444444444,50.89058524
200B37DE443445FAA4388F72DDD0A838,CSN CSN 12050 normalized,CSN,305,530,18,198,206000,80000,0.3,7860,20,305,530,42.6,1.20E-05,90,1.91,0.038804071,26.2086514,3.388888889,38.80407125
EB9664C296164812BE5308AEF71BD443,CSN CSN 12050 heat treated,CSN,390,640,18,206,206000,80000,0.3,7860,20,390,640,42.6,1.20E-05,90,1.91,0.049618321,26.2086514,4.333333333,49.61832061
5134A9086DDC4CA58CB62F1DDB69161A,CSN CSN 12051,CSN,440,690,15,214,206000,80000,0.3,7860,20,440,690,42.6,1.20E-05,90,1.91,0.055979644,26.2086514,4.888888889,55.97964377
3A9F4DBCD4514504AAD429A3951186AB,CSN CSN 12060,CSN,480,750,14,222,206000,80000,0.3,7860,20,480,750,42.6,1.20E-05,90,1.91,0.061068702,26.2086514,5.333333333,61.06870229
DA7DBCE9D78943369999A9D9F4E67B77,CSN CSN 12061 heat treated,CSN,500,800,13,227,206000,80000,0.3,7860,20,500,800,42.6,1.20E-05,90,1.91,0.063613232,26.2086514,5.555555556,63.61323155
1E85BE23A7F24714B2D73874CEAB59BF,CSN CSN 12071 heat treated,CSN,1470,1770,2,495,206000,80000,0.3,7860,20,1470,1770,42.6,1.20E-05,90,1.91,0.187022901,26.2086514,16.33333333,187.0229008
E518BE37B85441789E82A00D5E8D8CFA,CSN CSN 13030,CSN,285,460,21,184,206000,80000,0.3,7860,20,285,460,42.6,1.20E-05,90,1.91,0.036259542,26.2086514,3.166666667,36.25954198
D4C62B03381F496290BC3D4AF3FA6BF4,CSN CSN 13141,CSN,490,690,15,214,206000,80000,0.3,7860,20,490,690,42.6,1.20E-05,90,1.91,0.062340967,26.2086514,5.444444444,62.34096692
2C6905335F7A41FEB4E74FC6BF9E8F48,CSN CSN 13180 heat treated,CSN,1320,1570,5,467,206000,80000,0.3,7860,20,1320,1570,42.6,1.20E-05,90,1.91,0.167938931,26.2086514,14.66666667,167.9389313
384DA5B37A2749CD914FDD72C3B2F35F,CSN CSN 13220 normalized,CSN,430,670,20,204,206000,80000,0.3,7860,20,430,670,42.6,1.20E-05,68,1.91,0.054707379,26.2086514,6.323529412,54.70737913
06F490BB8D244A5BA8F3895B7F1377BC,CSN CSN 13221 normalized,CSN,440,680,20,207,206000,80000,0.3,7860,20,440,680,42.6,1.20E-05,68,1.91,0.055979644,26.2086514,6.470588235,55.97964377
1029CA87EA944C6AA950206A5C7563C7,CSN CSN 13240,CSN,540,780,14,217,206000,80000,0.3,7860,20,540,780,42.6,1.20E-05,90,1.91,0.06870229,26.2086514,6,68.70229008
7B332A55B6D3414FB534A85C951B3571,CSN CSN 13242,CSN,685,880,12,235,206000,80000,0.3,7860,20,685,880,42.6,1.20E-05,90,1.91,0.087150127,26.2086514,7.611111111,87.15012723
0BC41A8309794912B659CC7B6DB9C709,CSN CSN 13251 heat treated,CSN,1080,1270,6,381,206000,80000,0.3,7860,20,1080,1270,42.6,1.20E-05,90,1.91,0.13740458,26.2086514,12,137.4045802
5ABC833B24BA48ABA0780E851E4536FB,CSN CSN 13270 heat treated,CSN,1210,1420,6,428,206000,80000,0.3,7860,20,1210,1420,42.6,1.20E-05,90,1.91,0.15394402,26.2086514,13.44444444,153.9440204
DFC06C81A4C14137BDAA705AC21AB8E0,CSN CSN 14120,CSN,343,588,14,216,206000,80000,0.3,7860,20,343,588,42.6,1.20E-05,90,1.91,0.043638677,26.2086514,3.811111111,43.63867684
AD915B0D96FC47478B9EBB7085F047D7,CSN CSN 14140 heat treated,CSN,637,883,12,238,206000,80000,0.3,7860,20,637,883,42.6,1.20E-05,90,1.91,0.081043257,26.2086514,7.077777778,81.043257
83FA2F0623674B699D2282545F792329,CSN CSN 14140 face hardened,CSN,785,932,12,238,206000,80000,0.3,7860,20,785,932,42.6,1.20E-05,90,1.91,0.099872774,26.2086514,8.722222222,99.87277354
EB8F03A50031447BAB40882262C24B09,CSN CSN 14140 nitro-case-hard.,CSN,1373,1716,12,477,206000,80000,0.3,7860,20,1373,1716,42.6,1.20E-05,90,1.91,0.174681934,26.2086514,15.25555556,174.6819338
6A660927ED404768A5CD2847FF82AB6F,CSN CSN 14141,CSN,687,883,11,234,206000,80000,0.3,7860,20,687,883,42.6,1.20E-05,90,1.91,0.08740458,26.2086514,7.633333333,87.40458015
E8B880AB764A4F9D8A638EC807F113F0,CSN CSN 14146,CSN,785,932,12,238,206000,80000,0.3,7860,20,785,932,42.6,1.20E-05,90,1.91,0.099872774,26.2086514,8.722222222,99.87277354
BAEA4E2EBC1F4D75920461C87C729C6A,CSN CSN 14148,CSN,490,657,17,216,206000,80000,0.3,7860,20,490,657,42.6,1.20E-05,90,1.91,0.062340967,26.2086514,5.444444444,62.34096692
5C14EF8D49D24D1FBC3C6C684948763C,CSN CSN 14220,CSN,680,900,10,235,206000,80000,0.3,7860,20,680,900,42.6,1.20E-05,90,1.91,0.086513995,26.2086514,7.555555556,86.51399491
EF74302A92834C2682E6CFCB4C5FDF03,CSN CSN 14220 case-hardened,CSN,588,785,10,218,206000,80000,0.3,7860,20,588,785,42.6,1.20E-05,90,1.91,0.07480916,26.2086514,6.533333333,74.80916031
C90C788C805D4147ABFD370456925229,CSN CSN 14221,CSN,686,981,8,245,206000,80000,0.3,7860,20,686,981,42.6,1.20E-05,90,1.91,0.087277354,26.2086514,7.622222222,87.27735369
2A545C9ECB71499E8386FDC34C6C2DE2,CSN CSN 14223 case-hardened,CSN,687,883,11.9,235,206000,80000,0.3,7860,20,687,883,42.6,1.20E-05,90,1.91,0.08740458,26.2086514,7.633333333,87.40458015
8141DB0C951D4A0A926D524A0334C2C0,CSN CSN 14230 case-hardened,CSN,794,981,10.7,238,206000,80000,0.3,7860,20,794,981,42.6,1.20E-05,90,1.91,0.101017812,26.2086514,8.822222222,101.0178117
38D673E274C24473B1C276B309AE3056,CSN CSN 14260 heat treated,CSN,1175,1370,7,416,206000,80000,0.3,7860,20,1175,1370,42.6,1.20E-05,90,1.91,0.149491094,26.2086514,13.05555556,149.4910941
9AFF196AE4324ED3912DA059A8E3215D,CSN CSN 14262 heat treated,CSN,1275,1470,6,443,206000,80000,0.3,7860,20,1275,1470,42.6,1.20E-05,90,1.91,0.16221374,26.2086514,14.16666667,162.2137405
292F060254C4455F875D0F0B90640D86,CSN CSN 15020,CSN,265,440,24,173,206000,80000,0.3,7860,20,265,440,42.6,1.20E-05,90,1.91,0.033715013,26.2086514,2.944444444,33.71501272
C7CE2826803E4C408128F4F6BB7BAE40,CSN CSN 15121,CSN,295,430,20,183,206000,80000,0.3,7860,20,295,430,42.6,1.20E-05,90,1.91,0.037531807,26.2086514,3.277777778,37.53180662
FF2A4783912E442A8318F7AE266B8874,CSN CSN 15127,CSN,345,470,22,178,206000,80000,0.3,7860,20,345,470,42.6,1.20E-05,68,1.91,0.04389313,26.2086514,5.073529412,43.89312977
0D323F4BEB9E4948AA9E7D79F842808A,CSN CSN 15130,CSN,490,690,15,214,206000,80000,0.3,7860,20,490,690,42.6,1.20E-05,90,1.91,0.062340967,26.2086514,5.444444444,62.34096692
34702A70056143E78F52B5D87038ABE9,CSN CSN 15131,CSN,735,930,11,237,206000,80000,0.3,7860,20,735,930,42.6,1.20E-05,90,1.91,0.09351145,26.2086514,8.166666667,93.51145038
570E0AEA3F4C43B1940F45F657B5F587,CSN CSN 15141,CSN,665,880,12,238,206000,80000,0.3,7860,20,665,880,42.6,1.20E-05,90,1.91,0.084605598,26.2086514,7.388888889,84.60559796
1E6C35A6DEDF4DF8B9FAB70A0343BD86,CSN CSN 15142,CSN,750,1000,11,240,206000,80000,0.3,7860,20,750,1000,42.6,1.20E-05,90,1.91,0.095419847,26.2086514,8.333333333,95.41984733
A74A248857C247619ED42FB0899EE115,CSN CSN 15217,CSN,345,470,22,178,206000,80000,0.3,7860,20,345,470,42.6,1.20E-05,68,1.91,0.04389313,26.2086514,5.073529412,43.89312977
57D8B085DC9D4CAB8FDBF53EAB7EE4C6,CSN CSN 15222 normalized,CSN,490,690,16,215,206000,80000,0.3,7860,20,490,690,42.6,1.20E-05,68,1.91,0.062340967,26.2086514,7.205882353,62.34096692
8BE78BB91D31425A9FA6DCA4E7E8080C,CSN CSN 15230 heat treated,CSN,850,1000,10.2,241,206000,80000,0.3,7860,20,850,1000,42.6,1.20E-05,90,1.91,0.108142494,26.2086514,9.444444444,108.1424936
F1863159D961412D983261D160296842,CSN CSN 15230 Heat-treatment nitrided steel,CSN,635,780,12.6,214,206000,80000,0.3,7860,20,635,780,42.6,1.22E-05,90,1.91,0.080788804,26.2086514,7.055555556,80.78880407
F0C2CEDE8F094078927E546F496F91A4,CSN CSN 15241 heat treated,CSN,981,1177,9.1,317,206000,80000,0.3,7860,20,981,1177,42.6,1.20E-05,90,1.91,0.12480916,26.2086514,10.9,124.8091603
40AFCA2B21F74E238846D31A3326E63F,CSN CSN 15241 heat treated,CSN,1373,1716,7.4,479,206000,80000,0.3,7860,20,1373,1716,42.6,1.20E-05,90,1.91,0.174681934,26.2086514,15.25555556,174.6819338
693D02403B4E4CF7B78F7331181A6B60,CSN CSN 15241 face hardened,CSN,981,1177,9.1,317,206000,80000,0.3,7860,20,981,1177,42.6,1.20E-05,90,1.91,0.12480916,26.2086514,10.9,124.8091603
D2C13AF6C2DF4DF09981877790E98045,CSN CSN 15260,CSN,700,900,11,236,206000,80000,0.3,7860,20,700,900,42.6,1.20E-05,90,1.91,0.089058524,26.2086514,7.777777778,89.05852417
37BF4E537333483F92F99B14D39A7E6D,CSN CSN 15313,CSN,265,480,18,189,206000,80000,0.3,7860,20,265,480,42.6,1.20E-05,90,1.91,0.033715013,26.2086514,2.944444444,33.71501272
6FF182E35B814CEC8BDE2069BD38D096,CSN CSN 15330 Heat-treatment nitrided steel,CSN,637,834,12.4,246,206000,80000,0.3,7860,20,637,834,42.6,1.22E-05,90,1.91,0.081043257,26.2086514,7.077777778,81.043257
0DE715941D354FB5AA7CC63F4F6925E5,CSN CSN 15340,CSN,785,981,12,239,206000,80000,0.3,7860,20,785,981,42.6,1.20E-05,90,1.91,0.099872774,26.2086514,8.722222222,99.87277354
DA5EBAD9FB5645E3968B6D345277EB50,CSN CSN 15432,CSN,490,690,18,213,206000,80000,0.3,7860,20,490,690,42.6,1.20E-05,90,1.91,0.062340967,26.2086514,5.444444444,62.34096692
25838820E91047819DDE322E300D32D8,CSN CSN 16220 case-hardened,CSN,637,883,12,238,206000,80000,0.3,7860,20,637,883,42.6,1.20E-05,90,1.91,0.081043257,26.2086514,7.077777778,81.043257
B32C6452023E4F60A7F3F21FE4664206,CSN CSN 16223,CSN,590,835,12,241,206000,80000,0.3,7860,20,590,835,42.6,1.20E-05,90,1.91,0.075063613,26.2086514,6.555555556,75.06361323
C61ABE047B114D0D8DC8F78CB713DFA9,CSN CSN 16321,CSN,635,880,9,237,206000,80000,0.3,7860,20,635,880,42.6,1.20E-05,90,1.91,0.080788804,26.2086514,7.055555556,80.78880407
D373ABC2B07F40E9B03246966AB4C9F5,CSN CSN 16326,CSN,785,1080,8,239,206000,80000,0.3,7860,20,785,1080,42.6,1.20E-05,90,1.91,0.099872774,26.2086514,8.722222222,99.87277354
0829A7D8687C408AA22C10EC4B8E5727,CSN CSN 16329,CSN,285,440,24,172,206000,80000,0.3,7860,20,285,440,42.6,1.20E-05,68,1.91,0.036259542,26.2086514,4.191176471,36.25954198
28501D72F4DC4A9FA1CB4A6F868B78D8,CSN CSN 16343,CSN,900,1100,10,254,206000,80000,0.3,7860,20,900,1100,42.6,1.20E-05,90,1.91,0.114503817,26.2086514,10,114.5038168
6DCF6963342F4600B9EA0778F7D9F809,CSN CSN 16420 case-hardened,CSN,785,932,10,236,206000,80000,0.3,7860,20,785,932,42.6,1.20E-05,90,1.91,0.099872774,26.2086514,8.722222222,99.87277354
75C66ECB2FBC43C581BD39A867852B5F,CSN CSN 16430 heat treated,CSN,880,1080,10,241,206000,80000,0.3,7860,20,880,1080,42.6,1.20E-05,90,1.91,0.111959288,26.2086514,9.777777778,111.9592875
AEB126458B7E4A61A1AEDDED8287AE65,CSN CSN 16527,CSN,390,590,20,190,206000,80000,0.3,7860,20,390,590,42.6,1.20E-05,68,1.91,0.049618321,26.2086514,5.735294118,49.61832061
6BBE0D49855541AEABB5DCB24939F4EB,CSN CSN 16640 heat treated,CSN,1275,1569,6.9,459,206000,80000,0.3,7860,20,1275,1569,42.6,1.20E-05,90,1.91,0.16221374,26.2086514,14.16666667,162.2137405
B7A8C8390B3446D6A44E1AFE4BEDF66E,CSN CSN 17020 normalized,CSN,245,441,21,184,206000,80000,0.3,7860,20,245,441,42.6,1.20E-05,217.831,1.91,0.031170483,26.2086514,1.124725131,31.17048346
C7FBE24001EC4209A1028D335F31F2B2,CSN CSN 17021 normalized,CSN,415,590,20,193,206000,80000,0.3,7860,20,415,590,42.6,1.20E-05,217.831,1.91,0.052798982,26.2086514,1.90514665,52.79898219
C4CAD1DBCF6D41F7859386FCFC2D17BF,CSN CSN 17022 normalized,CSN,455,690,15,214,206000,80000,0.3,7860,20,455,690,42.6,1.20E-05,217.831,1.91,0.057888041,26.2086514,2.088775243,57.88804071
16F3B2BFC6284AD0BC47B86D40F8EB3D,CSN CSN 17023 normalized,CSN,495,740,14,217,206000,80000,0.3,7860,20,495,740,42.6,1.20E-05,217.831,1.91,0.062977099,26.2086514,2.272403836,62.97709924
3B3FC581B8A14EA19DD114CE4AC8BED0,CSN CSN 17040 normalized,CSN,265,440,18,184,206000,80000,0.3,7860,20,265,440,42.6,1.20E-05,217.831,1.91,0.033715013,26.2086514,1.216539427,33.71501272
77A679AFD6E843988578CE612F90F4F1,CSN CSN 17041 normalized,CSN,295,440,20,182,206000,80000,0.3,7860,20,295,440,42.6,1.20E-05,217.831,1.91,0.037531807,26.2086514,1.354260872,37.53180662
53C1804272C5409283766ED247812947,CSN CSN 17113 normalized,CSN,245,441,20,185,206000,80000,0.3,7860,20,245,441,42.6,1.20E-05,90,1.91,0.031170483,26.2086514,2.722222222,31.17048346
A5027A557A2C48D1B67070321B943812,CSN CSN 17115 normalized,CSN,685,930,10,236,206000,80000,0.3,7860,20,685,930,42.6,1.20E-05,90,1.91,0.087150127,26.2086514,7.611111111,87.15012723
A69001FF84164B5588EF5A1EDCBD04E7,CSN CSN 17125 normalized,CSN,270,460,15,187,206000,80000,0.3,7860,20,270,460,42.6,1.20E-05,217.831,1.91,0.034351145,26.2086514,1.239493001,34.35114504
263BE14D7BFB49D292017CEB5B26A6A7,CSN CSN 17145 normalized,CSN,560,800,14,224,206000,80000,0.3,7860,20,560,800,42.6,1.20E-05,217.831,1.91,0.071246819,26.2086514,2.570800299,71.24681934
3AC594E9A229489E89900C44FC73C9CA,CSN CSN 17150 normalized,CSN,650,900,14,248,206000,80000,0.3,7860,20,650,900,42.6,1.20E-05,217.831,1.91,0.082697201,26.2086514,2.983964633,82.69720102
F77B764D8BE6413DA06BA4BC77EAD81B,CSN CSN 17240 normalized,CSN,186,490,40,143,206000,80000,0.3,7860,20,186,490,42.6,1.20E-05,217.831,1.91,0.023664122,26.2086514,0.853872957,23.66412214
651D04A0068A42F69E5E44FCE301BB60,CSN CSN 17241 normalized,CSN,195,530,45,149,206000,80000,0.3,7860,20,195,530,42.6,1.20E-05,217.831,1.91,0.02480916,26.2086514,0.89518939,24.80916031
0B13F5E98BF443E29FF78C5492B96A1C,CSN CSN 17243 normalized,CSN,190,500,40,144,206000,80000,0.3,7860,20,190,500,42.6,1.20E-05,217.831,1.91,0.024173028,26.2086514,0.872235816,24.17302799
BB6FCC0057F44567B485C3145B5163FB,CSN CSN 17246 normalized,CSN,210,550,40,151,206000,80000,0.3,7860,20,210,550,42.6,1.20E-05,90,1.91,0.026717557,26.2086514,2.333333333,26.71755725
9E3327F24ADC45CC8CE9B145FEAC918C,CSN CSN 17247 normalized,CSN,195,500,35,146,206000,80000,0.3,7860,20,195,500,42.6,1.20E-05,217.831,1.91,0.02480916,26.2086514,0.89518939,24.80916031
45A71A3054364ED1A15E923C07502694,CSN CSN 17248 normalized,CSN,205,500,26,163,206000,80000,0.3,7860,20,205,500,42.6,1.20E-05,217.831,1.91,0.026081425,26.2086514,0.941096538,26.08142494
BAC76EEBD62745F8A7EFBBA36C2EC284,CSN CSN 17249 normalized,CSN,175,440,40,139,206000,80000,0.3,7860,20,175,440,42.6,1.20E-05,217.831,1.91,0.022264631,26.2086514,0.803375094,22.26463104
3699070D572F479DBC459037492AEB77,CSN CSN 17251 normalized,CSN,350,650,40,170,206000,80000,0.3,7860,20,350,650,42.6,1.20E-05,90,1.91,0.044529262,26.2086514,3.888888889,44.52926209
2AA7848914EB4459975FC390A231EE8B,CSN CSN 17253 normalized,CSN,350,700,26,196,206000,80000,0.3,7860,20,350,700,42.6,1.20E-05,90,1.91,0.044529262,26.2086514,3.888888889,44.52926209
423C4BB556F24A43A31C76B990C88912,CSN CSN 17255 normalized,CSN,250,600,30,167,206000,80000,0.3,7860,20,250,600,42.6,1.20E-05,90,1.91,0.031806616,26.2086514,2.777777778,31.80661578
694A4083E7B24A31B9622E97ABC338BB,CSN CSN 17256 normalized,CSN,230,500,30,151,206000,80000,0.3,7860,20,230,500,42.6,1.20E-05,90,1.91,0.029262087,26.2086514,2.555555556,29.26208651
67424346CF40493686753327AF959D44,CSN CSN 17259 normalized,CSN,265,540,40,151,206000,80000,0.3,7860,20,265,540,42.6,1.20E-05,217.831,1.91,0.033715013,26.2086514,1.216539427,33.71501272
6BE0AFED85484C78AAAF172E3574E5AD,CSN CSN 17265 normalized,CSN,230,550,30,159,206000,80000,0.3,7860,20,230,550,42.6,1.20E-05,90,1.91,0.029262087,26.2086514,2.555555556,29.26208651
30DA2B0FA43E4CDCA1B6B20661035623,CSN CSN 17346 normalized,CSN,205,550,50,151,206000,80000,0.3,7860,20,205,550,42.6,1.20E-05,217.831,1.91,0.026081425,26.2086514,0.941096538,26.08142494
B8A6680CFE084B609F5A92ED0FD86CE1,CSN CSN 17348 normalized,CSN,215,550,45,152,206000,80000,0.3,7860,20,215,550,42.6,1.20E-05,217.831,1.91,0.02735369,26.2086514,0.987003686,27.35368957
3ED8501337E64261A21D85135E6D65EA,CSN CSN 17359 normalized,CSN,275,540,40,151,206000,80000,0.3,7860,20,275,540,42.6,1.20E-05,217.831,1.91,0.034987277,26.2086514,1.262446576,34.98727735
8F0A2C451F734FC0B179F0E5B7B059E6,CSN CSN 17460 normalized,CSN,295,635,37,168,206000,80000,0.3,7860,20,295,635,42.6,1.20E-05,217.831,1.91,0.037531807,26.2086514,1.354260872,37.53180662
BD311D6521CE4B0891AF68E593010401,CSN CSN 17465 normalized,CSN,590,980,12,245,206000,80000,0.3,7860,20,590,980,42.6,1.20E-05,90,1.91,0.075063613,26.2086514,6.555555556,75.06361323
2027771B87F347B2ACDE214C4D189F23,CSN CSN 17501 normalized,CSN,490,640,18,219,206000,80000,0.3,7860,20,490,640,42.6,1.20E-05,68,1.91,0.062340967,26.2086514,7.205882353,62.34096692
5DD753EDE31A46DF95541C6415DBEE06,CSN CSN 422303,CSN,240,360,14.8,166,169000,70000,0.2,7160,20,240,360,42.6,1.20E-05,85,1.91,0.033519553,23.60335196,2.823529412,33.51955307
A8B96C59993A4799AB967BCC23F86478,CSN CSN 422304,CSN,270,420,12.6,183,169000,70000,0.2,7160,20,270,420,42.6,1.20E-05,85,1.91,0.037709497,23.60335196,3.176470588,37.70949721
BC16650AE8DB4E8FAA01B8BA97B064EF,CSN CSN 422305,CSN,320,500,10.2,198,169000,70000,0.2,7160,20,320,500,42.6,1.20E-05,85,1.91,0.044692737,23.60335196,3.764705882,44.69273743
02E2F87FA2C8495EA1E5A000C8360791,CSN CSN 422306,CSN,370,600,9,229,169000,70000,0.2,7160,20,370,600,42.6,1.20E-05,85,1.91,0.051675978,23.60335196,4.352941176,51.67597765
2B94A61AB7B145CD887861F61DABC17D,CSN CSN 422307,CSN,420,700,8.8,242,169000,70000,0.2,7160,20,420,700,42.6,1.20E-05,85,1.91,0.058659218,23.60335196,4.941176471,58.65921788
0AFCAEACB18A413094FD6BBEBBB33058,CSN CSN 422308,CSN,480,800,8.6,254,169000,70000,0.2,7160,20,480,800,42.6,1.20E-05,85,1.91,0.067039106,23.60335196,5.647058824,67.03910615
C0BDB10A9D384DD2BC20BFAE193551DB,CSN CSN 422410,CSN,100,100,12.5,209,80000,32000,0.25,7160,20,100,100,42.6,1.20E-05,85,1.91,0.01396648,11.17318436,1.176470588,13.96648045
ED4091A5F2A74FA18DC358833B127594,CSN CSN 422415,CSN,150,150,10.6,218,85000,34000,0.25,7160,20,150,150,42.6,1.20E-05,85,1.91,0.020949721,11.87150838,1.764705882,20.94972067
7B01B6F42A724187B771D020A47C6736,CSN CSN 422420,CSN,200,200,10.8,209,91000,36400,0.25,7160,20,200,200,42.6,1.20E-05,85,1.91,0.027932961,12.70949721,2.352941176,27.93296089
1D567C80CB2F4570B6E3AE479108699D,CSN CSN 422425,CSN,250,250,11.3,216,105000,42000,0.25,7160,20,250,250,42.6,1.20E-05,85,1.91,0.034916201,14.66480447,2.941176471,34.91620112
6775D75F4BF74FD39C58610A50B206D0,CSN CSN 422430,CSN,300,300,10,218,110000,44000,0.25,7160,20,300,300,42.6,1.20E-05,85,1.91,0.041899441,15.36312849,3.529411765,41.89944134
5B878211071A45CA9BF6A20C5CE7229D,CSN CSN 422435,CSN,350,350,9,220,115000,46000,0.25,7160,20,350,350,42.6,1.20E-05,85,1.91,0.048882682,16.06145251,4.117647059,48.88268156
A138AEE30EE344628020468E5B9CC81E,CSN CSN 422540,CSN,180,400,4,187,160000,64000,0.27,7160,20,180,400,42.6,1.20E-05,85,1.91,0.025139665,22.34636872,2.117647059,25.1396648
3ACE818248164777880BA472C8E88A83,CSN CSN 422555,CSN,300,580,4,221,160000,64000,0.27,7160,20,300,580,42.6,1.20E-05,85,1.91,0.041899441,22.34636872,3.529411765,41.89944134
3270BB229B5E4453BD0271068AB02F35,CSN CSN 422630,CSN,200,363,25,167,206000,80000,0.3,7160,20,200,363,42.6,1.20E-05,85,1.91,0.027932961,28.77094972,2.352941176,27.93296089
8813715C67F14F34865BAB3811F70142,CSN CSN 422640,CSN,240,441,22,187,206000,80000,0.3,7160,20,240,441,42.6,1.20E-05,85,1.91,0.033519553,28.77094972,2.823529412,33.51955307
CEFAD4E4C80F4A2E9DD6F01721ECABE6,CSN CSN 422650,CSN,260,490,19,192,206000,80000,0.3,7160,20,260,490,42.6,1.20E-05,85,1.91,0.036312849,28.77094972,3.058823529,36.31284916
119AFD29295D46E58F2D0A9F78B3B595,CSN CSN 242660,CSN,300,588,10,220,206000,80000,0.3,7160,20,300,588,42.6,1.20E-05,85,1.91,0.041899441,28.77094972,3.529411765,41.89944134
C1D542A037EE4FB1A45BD459879079D7,CSN CSN 422670,CSN,350,686,6,238,206000,80000,0.3,7160,20,350,686,42.6,1.20E-05,85,1.91,0.048882682,28.77094972,4.117647059,48.88268156
2F6D798074A54D37AA2E199E08C671E0,CSN CSN 422709,CSN,300,530,15.5,203,206000,80000,0.3,7160,20,300,530,42.6,1.20E-05,85,1.91,0.041899441,28.77094972,3.529411765,41.89944134
7721896BB67C4CCDA25400CA27D207AF,CSN CSN 422712,CSN,250,422,25,170,206000,80000,0.3,7160,20,250,422,42.6,1.20E-05,85,1.91,0.034916201,28.77094972,2.941176471,34.91620112
7AC05927168C42ECACECEF29DA110574,CSN CSN 422713,CSN,290,490,20,190,206000,80000,0.3,7160,20,290,490,42.6,1.20E-05,85,1.91,0.040502793,28.77094972,3.411764706,40.5027933
D978D513855746EF9C1B0254F61CD469,CSN CSN 422724,CSN,420,637,15,230,206000,80000,0.3,7160,20,420,637,42.6,1.20E-05,85,1.91,0.058659218,28.77094972,4.941176471,58.65921788
F6F9EF914E124CE49BE7891BDCDEAC1C,CSN CSN 422735,CSN,520,785,5,240,206000,80000,0.3,7160,20,520,785,42.6,1.20E-05,85,1.91,0.072625698,28.77094972,6.117647059,72.62569832
D0C1D6C5F84248C082DD304A031E5CBF,CSN CSN 422739,CSN,550,830,10.6,238,206000,80000,0.3,7160,20,550,830,42.6,1.20E-05,85,1.91,0.076815642,28.77094972,6.470588235,76.81564246
ED509ECB7171419EA0334BF083C3567E,CSN CSN 422753,CSN,650,981,3,259,206000,80000,0.3,7160,20,650,981,42.6,1.20E-05,85,1.91,0.090782123,28.77094972,7.647058824,90.78212291
AF922B67291945C9956EF2D4BA766652,CSN CSN 422906,CSN,390,550,14.5,213,206000,80000,0.3,7160,20,390,550,42.6,1.20E-05,85,1.91,0.054469274,28.77094972,4.588235294,54.46927374
34401E7E9B1642EFAE72AD0DE084DA87,CSN CSN 422912,CSN,320,500,16,196,206000,80000,0.3,7160,20,320,500,42.6,1.20E-05,85,1.91,0.044692737,28.77094972,3.764705882,44.69273743
859E137DFFE04DFB8461352B0C002474,CSN CSN 423042,CSN,265,380,22.9,189,120000,45000,0.31,8800,20,265,380,42.6,1.20E-05,359,1.91,0.030113636,13.63636364,0.73816156,30.11363636
4087F3BE460F45E0867A6D3F4AB5FE6A,CSN CSN 423044,CSN,265,380,22.9,189,120000,45000,0.31,8800,20,265,380,42.6,1.20E-05,359,1.91,0.030113636,13.63636364,0.73816156,30.11363636
587D8BBFC1574EFBAA4F98FDD9A22681,CSN CSN 423045,CSN,265,380,22.9,189,120000,45000,0.31,8800,20,265,380,42.6,1.20E-05,359,1.91,0.030113636,13.63636364,0.73816156,30.11363636
F4EA505848784527A3EE92D93F7DBFE0,CSN CSN 423047,CSN,265,380,22.9,189,120000,45000,0.31,8800,20,265,380,42.6,1.20E-05,359,1.91,0.030113636,13.63636364,0.73816156,30.11363636
1C15B7832BE34F069BF4B7B3E6F3EA6D,CSN CSN 423115,CSN,160,180,22.8,194,105000,40000,0.31,8800,20,160,180,42.6,1.20E-05,68,1.91,0.018181818,11.93181818,2.352941176,18.18181818
AC598EFC3BF1449EBCC741EA3BFD563D,CSN CSN 423119,CSN,160,180,22.8,194,105000,40000,0.31,8800,20,160,180,42.6,1.20E-05,68,1.91,0.018181818,11.93181818,2.352941176,18.18181818
912E8971379D4093B4C795EA3BE9587B,CSN CSN 423123,CSN,160,180,22.8,194,105000,40000,0.31,8800,20,160,180,42.6,1.20E-05,68,1.91,0.018181818,11.93181818,2.352941176,18.18181818
CDE3F912DA91420D8415F1D2BEDE1A50,CSN CSN 423135,CSN,120,150,24.1,189,105000,40000,0.31,8800,20,120,150,42.6,1.20E-05,68,1.91,0.013636364,11.93181818,1.764705882,13.63636364
FF3EFB0BF43C4631A6A0C57983787EE0,CSN CSN 423137,CSN,100,170,24.9,182,105000,40000,0.31,8800,20,100,170,42.6,1.20E-05,68,1.91,0.011363636,11.93181818,1.470588235,11.36363636
F1718157E6214ADD94D6951AF0D4DE3C,CSN CSN 423145,CSN,130,400,24.7,185,120000,45000,0.32,8800,20,130,400,42.6,1.20E-05,359,1.91,0.014772727,13.63636364,0.362116992,14.77272727
3A0C044CD363433591DC44A41370F39E,CSN CSN 423147,CSN,130,400,24.7,185,120000,45000,0.32,8800,20,130,400,42.6,1.20E-05,359,1.91,0.014772727,13.63636364,0.362116992,14.77272727
FF82575C911C4912A53C30C686EC1F66,CSN CSN 423210,CSN,100,330,21,190,100000,37000,0.34,8500,20,100,330,42.6,1.20E-05,68,1.91,0.011764706,11.76470588,1.470588235,11.76470588
6E28130A64F149149AE39A1B6255F836,CSN CSN 423212,CSN,100,330,21,190,100000,37000,0.34,8500,20,100,330,42.6,1.20E-05,68,1.91,0.011764706,11.76470588,1.470588235,11.76470588
3550D6C5984E4AE88445F840BBA39CF8,CSN CSN 423213,CSN,100,330,21,190,100000,37000,0.34,8500,20,100,330,42.6,1.20E-05,68,1.91,0.011764706,11.76470588,1.470588235,11.76470588
09F1C1C04FD5467087E12BD8657AE377,CSN CSN 423214,CSN,100,330,21,190,100000,37000,0.34,8500,20,100,330,42.6,1.20E-05,68,1.91,0.011764706,11.76470588,1.470588235,11.76470588
C2C61F5AF1914C7B9452ED3E7A511C53,CSN CSN 423256,CSN,255,350,18.2,194,100000,37000,0.34,8500,20,255,350,42.6,1.20E-05,68,1.91,0.03,11.76470588,3.75,30
B6981ECDA26049DEA1A160322B4E4322,CSN CSN 423311,CSN,350,600,14.6,212,100000,37000,0.34,8500,20,350,600,42.6,1.20E-05,68,1.91,0.041176471,11.76470588,5.147058824,41.17647059
D03194C50E95478A9B1ACCE0EC637552,CSN CSN 424201,CSN,230,400,11,152,73000,26000,0.33,2700,20,230,400,42.6,1.20E-05,359,1.91,0.085185185,27.03703704,0.640668524,85.18518519
37C3DC6995574699B4D1A8D7375711FE,CSN CSN 424203,CSN,230,430,12,152,73000,26000,0.33,2700,20,230,430,42.6,1.20E-05,359,1.91,0.085185185,27.03703704,0.640668524,85.18518519
C672729BC0ED45DBAFADEB6AEC8C9540,CSN CSN 424204,CSN,230,430,15.1,151,73000,26000,0.33,2700,20,230,430,42.6,1.20E-05,359,1.91,0.085185185,27.03703704,0.640668524,85.18518519
8A7B805D106A481A90F2A3DA5A329DDF,CSN CSN 424250,CSN,190,340,12,140,73000,26000,0.33,2700,20,190,340,42.6,1.20E-05,359,1.91,0.07037037,27.03703704,0.529247911,70.37037037
28B5BBCFF79241EE90433038032F3A5A,CSN CSN 424401,CSN,100,280,16.3,132,73000,26000,0.33,2700,20,100,280,42.6,1.20E-05,359,1.91,0.037037037,27.03703704,0.278551532,37.03703704
709299E63BFF489DB47DEF5F2ADD03FB,CSN CSN 424413,CSN,110,200,12.4,129,73000,26000,0.33,2700,20,110,200,42.6,1.20E-05,359,1.91,0.040740741,27.03703704,0.306406685,40.74074074
E654D3F2BB924C22B307E8F58E4C0ADC,CSN CSN 424415,CSN,110,200,12.4,129,73000,26000,0.33,2700,20,110,200,42.6,1.20E-05,359,1.91,0.040740741,27.03703704,0.306406685,40.74074074
F9CE22137C4A4D4195B6A92CE3BAACF0,GOST Steel ST3KP GOST 380-94,GOST,235,360,27,153,201000,78000,0.29,7856,20,235,360,42.6,1.22E-05,68,1.91,0.029913442,25.58553971,3.455882353,29.91344196
1D1CB511543A4921886BE2581E392534,GOST Steel ST3PC GOST 380-94,GOST,245,370,26,158,201000,78000,0.29,7856,20,245,370,42.6,1.22E-05,68,1.91,0.031186354,25.58553971,3.602941176,31.18635438
9954D727E97F4414BC774C42E9FC4D9D,GOST Steel ST3CP GOST 380-94,GOST,255,380,26,160,201000,78000,0.29,7856,20,255,380,42.6,1.22E-05,68,1.91,0.032459267,25.58553971,3.75,32.4592668
62AD5ABD20E74E999871BE3CF3B5F741,GOST Steel ST4KP GOST 380-94,GOST,255,400,25,167,201000,78000,0.29,7856,20,255,400,42.6,1.22E-05,68,1.91,0.032459267,25.58553971,3.75,32.4592668
D7592227331A449281254C31A90A7A61,GOST Steel ST4PS GOST 380-94,GOST,265,410,24,170,201000,78000,0.29,7856,20,265,410,42.6,1.22E-05,68,1.91,0.033732179,25.58553971,3.897058824,33.73217923
25BFD35B0C854C22BE15137B39A43946,GOST Steel ST4SP GOST 380-94,GOST,265,410,24,170,201000,78000,0.29,7856,20,265,410,42.6,1.22E-05,68,1.91,0.033732179,25.58553971,3.897058824,33.73217923
5A69A3E140E146D6AC367070A5E34EA9,GOST Steel ST5PS GOST 380-94,GOST,285,490,20,188,201000,78000,0.29,7856,20,285,490,42.6,1.22E-05,68,1.91,0.036278004,25.58553971,4.191176471,36.27800407
025184CB58EE4C749267458D9104AFB1,GOST Steel ST5SP GOST 380-94,GOST,295,490,20,187,201000,78000,0.29,7856,20,295,490,42.6,1.22E-05,68,1.91,0.037550916,25.58553971,4.338235294,37.5509165
429A9DAC123A4AA5B2CA1385C18250E6,GOST Steel ST6PS GOST 380-94,GOST,315,590,15,216,201000,78000,0.29,7856,20,315,590,42.6,1.22E-05,68,1.91,0.040096741,25.58553971,4.632352941,40.09674134
1116CC20425347A68B79685310958168,GOST Steel ST6SP GOST 380-94,GOST,320,600,15,218,201000,78000,0.29,7856,20,320,600,42.6,1.22E-05,68,1.91,0.040733198,25.58553971,4.705882353,40.73319756
B351E30EAA6E413C92B641DB526837F2,GOST Steel S235 GOST 27772-88,GOST,225,360,24,171,206000,80000,0.3,7860,20,225,360,42.6,1.22E-05,68,1.91,0.028625954,26.2086514,3.308823529,28.6259542
1F0F9A1FBCB4444AB4EBD723E356257E,GOST Steel S245 GOST 27772-88,GOST,235,370,25,166,206000,80000,0.3,7860,20,235,370,42.6,1.22E-05,68,1.91,0.029898219,26.2086514,3.455882353,29.89821883
FB23144EC68948B09B524FC7AE615DAD,GOST Steel S255 GOST 27772-88,GOST,245,370,25,165,206000,80000,0.3,7860,20,245,370,42.6,1.22E-05,68,1.91,0.031170483,26.2086514,3.602941176,31.17048346
2AD804404C34481DB2B1C5089AD251B7,GOST Steel S285 GOST 27772-88,GOST,265,390,23,179,206000,80000,0.3,7860,20,265,390,42.6,1.22E-05,68,1.91,0.033715013,26.2086514,3.897058824,33.71501272
B838F46E112C46739CEEE2EEB01F475D,GOST Steel S345 GOST 27772-88,GOST,325,450,21,183,206000,80000,0.3,7860,20,325,450,42.6,1.22E-05,68,1.91,0.041348601,26.2086514,4.779411765,41.34860051
58C6D271E52444ED8D4FE427B3E2A29C,GOST Steel S375 GOST 27772-88,GOST,335,480,20,185,206000,80000,0.3,7860,20,335,480,42.6,1.22E-05,68,1.91,0.042620865,26.2086514,4.926470588,42.62086514
AFF524303BC34C939AB87D315797F909,GOST Steel 08 GOST 1050-88 normalized,GOST,196,320,33,131,203000,78000,0.3,7871,20,196,320,42.6,1.22E-05,68,1.91,0.024901537,25.79087791,2.882352941,24.90153729
0E3B9D5C6B1947D0B60EB45712A66B28,GOST Steel 10 GOST 1050-88 normalized,GOST,205,330,31,143,206000,79000,0.3,7856,20,205,330,42.6,1.22E-05,68,1.91,0.026094705,26.22199593,3.014705882,26.09470468
E5E74C6401854E5691FCA764F325CE00,GOST Steel 10 GOST 1050-88 case-hardened,GOST,250,400,8,191,206000,79000,0.3,7856,20,250,400,42.6,1.22E-05,68,1.91,0.031822811,26.22199593,3.676470588,31.82281059
413A36D12C404315BE3CA37960BA4451,GOST Steel 10 GOST 1050-88 Cold working,GOST,250,410,8,187,206000,79000,0.3,7856,20,250,410,42.6,1.22E-05,68,1.91,0.031822811,26.22199593,3.676470588,31.82281059
006B408E186248C78869092BCC9FEA49,GOST Steel 10 GOST 1050-88 Annealing or high tempering,GOST,190,290,26,143,206000,79000,0.3,7856,20,190,290,42.6,1.22E-05,68,1.91,0.024185336,26.22199593,2.794117647,24.18533605
025DA00F535145A297CEA17F4FF59A22,GOST Steel 15 GOST 1050-88 normalized,GOST,225,370,27,149,201000,78000,0.29,7850,20,225,370,42.6,1.22E-05,68,1.91,0.02866242,25.60509554,3.308823529,28.66242038
04239404B27043838221F8B9792DF134,GOST Steel 15 GOST 1050-88 case-hardened,GOST,250,450,8,192,201000,78000,0.29,7850,20,250,450,42.6,1.22E-05,68,1.91,0.031847134,25.60509554,3.676470588,31.84713376
0D2298230CDB4093912DF93FD6765328,GOST Steel 15 GOST 1050-88 Cold working,GOST,340,440,8,197,201000,78000,0.29,7850,20,340,440,42.6,1.22E-05,68,1.91,0.043312102,25.60509554,5,43.31210191
CDA4158D9B4C4F8087277CCDF18FE0D3,GOST Steel 15 GOST 1050-88 Annealing or high tempering,GOST,220,340,23,149,201000,78000,0.29,7850,20,220,340,42.6,1.22E-05,68,1.91,0.028025478,25.60509554,3.235294118,28.02547771
234AA82928E749C7BF0FE8F6DCCC0CA9,GOST Steel 20 GOST 1050-88 normalized,GOST,245,410,25,163,212000,82000,0.29,7859,20,245,410,42.6,1.22E-05,68,1.91,0.03117445,26.97544217,3.602941176,31.17444968
AB43A86A11D54390AE1E6B7758882058,GOST Steel 20 GOST 1050-88 case-hardened,GOST,300,500,18.1,196,212000,82000,0.29,7859,20,300,500,42.6,1.22E-05,68,1.91,0.038172796,26.97544217,4.411764706,38.17279552
F5B4D6ADDD5745899173A054C7ACB670,GOST Steel 20 GOST 1050-88 Cold working,GOST,300,490,7,207,212000,82000,0.29,7859,20,300,490,42.6,1.22E-05,68,1.91,0.038172796,26.97544217,4.411764706,38.17279552
B9C266328EFB4F5C8401C76B6B9D8ED6,GOST Steel 20 GOST 1050-88 Annealing or high tempering,GOST,240,390,21,163,212000,82000,0.29,7859,20,240,390,42.6,1.22E-05,68,1.91,0.030538236,26.97544217,3.529411765,30.53823642
F99112952A504558848A4D4F368EA4FD,GOST Steel 25 GOST 1050-88 normalized,GOST,275,450,23,170,198000,77000,0.29,7820,20,275,450,42.6,1.22E-05,68,1.91,0.03516624,25.31969309,4.044117647,35.16624041
9F9439C0ECDF4816A3E6921860730EB0,GOST Steel 25 GOST 1050-88 case-hardened,GOST,350,550,15.6,211,198000,77000,0.29,7820,20,350,550,42.6,1.22E-05,68,1.91,0.044757033,25.31969309,5.147058824,44.75703325
030EE6DC59454E1481D8867913955026,GOST Steel 25 GOST 1050-88 Cold working,GOST,350,540,7,217,198000,77000,0.29,7820,20,350,540,42.6,1.22E-05,68,1.91,0.044757033,25.31969309,5.147058824,44.75703325
5BF1F589A58347D28EA7EED4E2CB73ED,GOST Steel 25 GOST 1050-88 Annealing or high tempering,GOST,270,410,19,170,198000,77000,0.29,7820,20,270,410,42.6,1.22E-05,68,1.91,0.034526854,25.31969309,3.970588235,34.52685422
53B35D4123C84A48A2ED16E287A4C5A3,GOST Steel 30 GOST 1050-88 normalized,GOST,295,490,21,179,200000,77000,0.3,7850,20,295,490,42.6,1.22E-05,68,1.91,0.037579618,25.47770701,4.338235294,37.57961783
6BE3A83BEF484EA8BFA90DE11D12BDE2,GOST Steel 30 GOST 1050-88 Improved,GOST,350,600,16.7,216,200000,77000,0.3,7850,20,350,600,42.6,1.22E-05,68,1.91,0.044585987,25.47770701,5.147058824,44.58598726
13E67597A19540F185E61E3CE219E9B5,GOST Steel 30 GOST 1050-88 Cold working,GOST,340,560,7,229,200000,77000,0.3,7850,20,340,560,42.6,1.22E-05,68,1.91,0.043312102,25.47770701,5,43.31210191
D75637F819E04799959137DC08E540EE,GOST Steel 30 GOST 1050-88 Annealing or high tempering,GOST,290,440,17,179,200000,77000,0.3,7850,20,290,440,42.6,1.22E-05,68,1.91,0.036942675,25.47770701,4.264705882,36.94267516
D2A4BB5782904B559603A35E99308B9A,GOST Steel 30 GOST 1050-88 Quenched and tempered,GOST,295,575,21,192,200000,77000,0.3,7850,20,295,575,42.6,1.22E-05,68,1.91,0.037579618,25.47770701,4.338235294,37.57961783
47F574599F5447FA9DFF79F09745F1F4,GOST Steel 35 GOST 1050-88 normalized,GOST,315,530,20,207,206000,79000,0.3,7826,20,315,530,42.6,1.22E-05,68,1.91,0.040250447,26.32251469,4.632352941,40.25044723
219B14E3954C4B3FA498E5DA6376FD30,GOST Steel 35 GOST 1050-88 Improved,GOST,380,650,19,208,206000,79000,0.3,7826,20,380,650,42.6,1.22E-05,68,1.91,0.048556095,26.32251469,5.588235294,48.55609507
EADE4C26118341AF90E30BC0FC904852,GOST Steel 35 GOST 1050-88 Quenching and cooling in the water,GOST,650,1000,10.7,284,206000,79000,0.3,7826,20,650,1000,42.6,1.22E-05,68,1.91,0.083056478,26.32251469,9.558823529,83.05647841
748008A88E4F475E93E718B5BF63E2EB,GOST Steel 35 GOST 1050-88 Cold working,GOST,350,590,6,229,206000,79000,0.3,7826,20,350,590,42.6,1.22E-05,68,1.91,0.044722719,26.32251469,5.147058824,44.72271914
C62B81C1BC234A4EAFF434E892823ECD,GOST Steel 35 GOST 1050-88 Annealing or high tempering,GOST,310,470,15,187,206000,79000,0.3,7826,20,310,470,42.6,1.22E-05,68,1.91,0.039611551,26.32251469,4.558823529,39.61155124
3264A045DE0E44518CC3B2BC02C71642,GOST Steel 35 GOST 1050-88 Quenched and tempered,GOST,315,625,20,202,206000,79000,0.3,7826,20,315,625,42.6,1.22E-05,68,1.91,0.040250447,26.32251469,4.632352941,40.25044723
006AB49B57FC4FB8AB678DC4F80C4A67,GOST Steel 40 GOST 1050-88 normalized,GOST,335,570,19,217,212000,82000,0.29,7850,20,335,570,42.6,1.22E-05,68,1.91,0.042675159,27.00636943,4.926470588,42.67515924
47C3E943DC4F46098C63A6F1785CB420,GOST Steel 40 GOST 1050-88 Improved,GOST,400,700,15.9,210,212000,82000,0.29,7850,20,400,700,42.6,1.22E-05,68,1.91,0.050955414,27.00636943,5.882352941,50.95541401
25776479B3CB4155B702CED75A03A939,GOST Steel 40 GOST 1050-88 Quenching and cooling in the water,GOST,650,1000,10.6,234,212000,82000,0.29,7850,20,650,1000,42.6,1.22E-05,68,1.91,0.082802548,27.00636943,9.558823529,82.80254777
FCC6552641914C54BFBA0D4B7FF7168C,GOST Steel 40 GOST 1050-88 Cold working,GOST,380,610,6,241,212000,82000,0.29,7850,20,380,610,42.6,1.22E-05,68,1.91,0.048407643,27.00636943,5.588235294,48.40764331
D422D34D066C45E385573716BA00A67D,GOST Steel 40 GOST 1050-88 Annealing or high tempering,GOST,330,510,14,197,212000,82000,0.29,7850,20,330,510,42.6,1.22E-05,68,1.91,0.042038217,27.00636943,4.852941176,42.03821656
440B231EFC604AC2B6B3836839FCC2EA,GOST Steel 40 GOST 1050-88 Quenched and tempered,GOST,355,675,19,200,212000,82000,0.29,7850,20,355,675,42.6,1.22E-05,68,1.91,0.04522293,27.00636943,5.220588235,45.22292994
9F831D56D30B4B8D857DEB597DFDC4BE,GOST Steel 45 GOST 1050-88 normalized,GOST,355,600,16,220,200000,77000,0.3,7810,20,355,600,42.6,1.22E-05,68,1.91,0.045454545,25.60819462,5.220588235,45.45454545
023B6609C8434E5BBEBFB03B9CDAA0EF,GOST Steel 45 GOST 1050-88 Improved,GOST,450,750,16,228,200000,77000,0.3,7810,20,450,750,42.6,1.22E-05,68,1.91,0.057618438,25.60819462,6.617647059,57.6184379
36A6CAE4BE48489498FB2C9591D9F8B2,GOST Steel 45 GOST 1050-88 Quenching and cooling in the oil,GOST,650,900,13.1,265,200000,77000,0.3,7810,20,650,900,42.6,1.22E-05,68,1.91,0.083226633,25.60819462,9.558823529,83.22663252
199BA3A460EC4DA29DBC43D0FABD6438,GOST Steel 45 GOST 1050-88 Quenching and cooling in the water,GOST,700,1000,10.4,284,200000,77000,0.3,7810,20,700,1000,42.6,1.22E-05,68,1.91,0.089628681,25.60819462,10.29411765,89.62868118
82C20C2B1E234470A0EEC25E65DF94F9,GOST Steel 45 GOST 1050-88 Quenching and cooling in the water,GOST,950,1200,8.9,342,200000,77000,0.3,7810,20,950,1200,42.6,1.22E-05,68,1.91,0.121638924,25.60819462,13.97058824,121.6389245
5A5EEA773D294C6E90E7E6EEA6ABBC5F,GOST Steel 45 GOST 1050-88 Quenching and heating,GOST,450,750,13.8,236,200000,77000,0.3,7810,20,450,750,42.6,1.22E-05,68,1.91,0.057618438,25.60819462,6.617647059,57.6184379
3538A511677F4042A499534F095D3CC1,GOST Steel 45 GOST 1050-88 Cold working,GOST,440,640,6,241,200000,77000,0.3,7810,20,440,640,42.6,1.22E-05,68,1.91,0.056338028,25.60819462,6.470588235,56.33802817
03024BEEB37C40329FB9F087F9774555,GOST Steel 45 GOST 1050-88 Annealing or high tempering,GOST,350,540,13,207,200000,77000,0.3,7810,20,350,540,42.6,1.22E-05,68,1.91,0.044814341,25.60819462,5.147058824,44.81434059
5F975054D873475A90E5930B0ADDE8D0,GOST Steel 45 GOST 1050-88 Quenched and tempered,GOST,375,705,17,220,200000,77000,0.3,7810,20,375,705,42.6,1.22E-05,68,1.91,0.048015365,25.60819462,5.514705882,48.01536492
FBDEC7BACC9542DFABAE5A83C50F28C3,GOST Steel 50 GOST 1050-88 normalized,GOST,355,600,14,241,216000,83000,0.3,7810,20,355,600,42.6,1.22E-05,68,1.91,0.045454545,27.65685019,5.220588235,45.45454545
06D522E760F449EFA20639CD21893DDF,GOST Steel 50 GOST 1050-88 Improved,GOST,700,900,15,252,216000,83000,0.3,7810,20,700,900,42.6,1.22E-05,68,1.91,0.089628681,27.65685019,10.29411765,89.62868118
923F7DCB520C4FB6AEF55C2112DCD591,GOST Steel 50 GOST 1050-88 Cold working,GOST,450,660,6,255,216000,83000,0.3,7810,20,450,660,42.6,1.22E-05,68,1.91,0.057618438,27.65685019,6.617647059,57.6184379
F0A2E322F12D4B0B96C154EF70153A1A,GOST Steel 50 GOST 1050-88 Annealing or high tempering,GOST,370,560,12,217,216000,83000,0.3,7810,20,370,560,42.6,1.22E-05,68,1.91,0.04737516,27.65685019,5.441176471,47.37516005
40D88D8DF81B475381CE3DEF0F3F9EE8,GOST Steel 50 GOST 1050-88 Quenched and tempered,GOST,400,725,16,221,216000,83000,0.3,7810,20,400,725,42.6,1.22E-05,68,1.91,0.051216389,27.65685019,5.882352941,51.21638924
4B3A1ED55A034F83B47289A9B3F83027,GOST Steel 55 GOST 1050-88 normalized,GOST,375,630,13,255,210000,81000,0.3,7820,20,375,630,42.6,1.22E-05,68,1.91,0.047953964,26.85421995,5.514705882,47.95396419
901302CBCE8647BCADA2598CF3727B84,GOST Steel 55 GOST 1050-88 Quenched and tempered,GOST,420,775,15,227,210000,81000,0.3,7820,20,420,775,42.6,1.22E-05,68,1.91,0.05370844,26.85421995,6.176470588,53.7084399
14CF6FEA71CA48CEA9FD8D2D79463147,GOST Steel 60 GOST 1050-88 normalized,GOST,400,680,12,255,204000,79000,0.29,7810,20,400,680,42.6,1.22E-05,68,1.91,0.051216389,26.12035851,5.882352941,51.21638924
93C5FC93D313414CA733EBA8CBF30FDD,GOST Steel 60 GOST 1050-88 Quenched and tempered,GOST,450,825,14,231,204000,79000,0.29,7810,20,450,825,42.6,1.22E-05,68,1.91,0.057618438,26.12035851,6.617647059,57.6184379
6DACF2FFAACF4082844C9C643636A13E,GOST Steel 20G GOST 1050-88 normalized,GOST,280,460,20.6,189,204000,79000,0.29,7820,20,280,460,42.6,1.22E-05,68,1.91,0.035805627,26.08695652,4.117647059,35.8056266
331B0B0752ED47E2AFCA49BBF0CAAEA1,GOST Steel 20G GOST 1050-88 Quenching and cooling in the water,GOST,420,570,16.6,209,204000,79000,0.29,7820,20,420,570,42.6,1.22E-05,68,1.91,0.05370844,26.08695652,6.176470588,53.7084399
C5E0FA871DD0470F80AB920534FD264B,GOST Steel 30G GOST 1050-88 normalized,GOST,320,550,16.6,209,200000,77000,0.3,7810,20,320,550,42.6,1.22E-05,68,1.91,0.040973111,25.60819462,4.705882353,40.9731114
60139521F70C4ED7A979E2F663355740,GOST Steel 30G GOST 1050-88 Quenching and cooling in the water,GOST,560,680,13.4,231,200000,77000,0.3,7810,20,560,680,42.6,1.22E-05,68,1.91,0.071702945,25.60819462,8.235294118,71.70294494
D2484912EC2943EAA1FDAC06AF85ACF2,GOST Steel 40G GOST 1050-88 normalized,GOST,360,600,16.6,217,204000,79000,0.29,7810,20,360,600,42.6,1.22E-05,68,1.91,0.04609475,26.12035851,5.294117647,46.09475032
FB900C41CE7A42C08E88CDCFE6F1CB99,GOST Steel 40G GOST 1050-88 Quenching and cooling in the water,GOST,590,840,13.1,244,204000,79000,0.29,7810,20,590,840,42.6,1.22E-05,68,1.91,0.075544174,26.12035851,8.676470588,75.54417414
C0FA1CAA1875400F85FF931A19CD7F69,GOST Steel 50G GOST 1050-88 normalized,GOST,400,660,15.2,223,216000,84000,0.29,7810,20,400,660,42.6,1.22E-05,68,1.91,0.051216389,27.65685019,5.882352941,51.21638924
8497EE4A3BDA4402B4B8D03E2B14817D,GOST Steel 50G GOST 1050-88 Quenching and cooling in the water,GOST,560,820,13.6,221,216000,84000,0.29,7810,20,560,820,42.6,1.22E-05,68,1.91,0.071702945,27.65685019,8.235294118,71.70294494
8C6D63908D8940648799B4F25EB94C4C,GOST Steel 65G GOST 1050-88 normalized,GOST,440,750,15.3,223,215000,83000,0.3,7850,20,440,750,42.6,1.22E-05,68,1.91,0.056050955,27.38853503,6.470588235,56.05095541
BE04FB0DBC5C453D82048E724DA54DDC,GOST Steel 65G GOST 1050-88 Improved,GOST,700,900,13.2,248,215000,83000,0.3,7850,20,700,900,42.6,1.22E-05,68,1.91,0.089171975,27.38853503,10.29411765,89.17197452
7D6B6C213DAB40C1843358054ECEA506,GOST Steel 65G GOST 1050-88 Quenching and cooling in the water,GOST,1250,1500,7.5,445,215000,83000,0.3,7850,20,1250,1500,42.6,1.22E-05,68,1.91,0.159235669,27.38853503,18.38235294,159.2356688
5B77FA396578445BA42E9E3C9930EFCA,GOST Steel A11 GOST 1414-75,GOST,390,490,10,207,216000,83000,0.3,7860,20,390,490,42.6,1.22E-05,68,1.91,0.049618321,27.48091603,5.735294118,49.61832061
8F095D9239564C55935DBFC05768BEC4,GOST Steel A12 GOST 1414-75,GOST,390,510,7,217,216000,83000,0.3,7860,20,390,510,42.6,1.22E-05,68,1.91,0.049618321,27.48091603,5.735294118,49.61832061
E2470B2682474AEAA936AD4628E5C265,GOST Steel A12 GOST 1414-75,GOST,390,460,7,217,216000,83000,0.3,7860,20,390,460,42.6,1.22E-05,68,1.91,0.049618321,27.48091603,5.735294118,49.61832061
0F43F3F5D3F64B7C8C1CF7F24739E6AA,GOST Steel A20 GOST 1414-75,GOST,390,530,7,217,216000,83000,0.3,7860,20,390,530,42.6,1.22E-05,68,1.91,0.049618321,27.48091603,5.735294118,49.61832061
4A2425E24A1A4466954FACF211DCFF88,GOST Steel A30 GOST 1414-75,GOST,390,540,6,223,216000,83000,0.3,7860,20,390,540,42.6,1.22E-05,68,1.91,0.049618321,27.48091603,5.735294118,49.61832061
F2D22E8FF2A24CBCBAD80666111B20C1,GOST Steel A35 GOST 1414-75,GOST,390,570,6,229,216000,83000,0.3,7860,20,390,570,42.6,1.22E-05,68,1.91,0.049618321,27.48091603,5.735294118,49.61832061
7CADF5DCB5E44229AC10B73EA829ED1C,GOST Steel 15Ch GOST 4543-71,GOST,490,690,12,214,206000,80000,0.29,7860,20,490,690,42.6,1.22E-05,90,1.91,0.062340967,26.2086514,5.444444444,62.34096692
364D774AFC3E4087992713ADEDC4CEF2,GOST Steel 20Ch GOST 4543-71,GOST,635,780,11,179,216000,83000,0.3,7830,20,635,780,42.6,1.22E-05,90,1.91,0.08109834,27.5862069,7.055555556,81.09833972
DA1AC9899D724641B8CCF2282B54320D,GOST Steel 20Ch GOST 4543-71 normalized,GOST,300,600,17.1,217,216000,83000,0.3,7830,20,300,600,42.6,1.22E-05,90,1.91,0.038314176,27.5862069,3.333333333,38.31417625
C62E38B4E6F54ECDBC396E6FDD0752BE,GOST Steel 20Ch GOST 4543-71 Improved,GOST,500,700,13.7,220,216000,83000,0.3,7830,20,500,700,42.6,1.22E-05,90,1.91,0.06385696,27.5862069,5.555555556,63.85696041
2E13B8AB80D149199600265D0BF8FF6E,GOST Steel 20Ch GOST 4543-71 Quenching and cooling in the oil,GOST,630,850,12.7,243,216000,83000,0.3,7830,20,630,850,42.6,1.22E-05,90,1.91,0.08045977,27.5862069,7,80.45977011
78A9EB6FF4A14353BAA50B3022A8F850,GOST Steel 30Ch GOST 4543-71,GOST,685,880,12,187,208000,80000,0.3,7820,20,685,880,42.6,1.22E-05,90,1.91,0.087595908,26.59846547,7.611111111,87.59590793
127F2E0BC2FE48FBBC92BBD55A349BAB,GOST Steel 35Ch GOST 4543-71,GOST,735,910,11,197,214000,83000,0.29,7850,20,735,910,42.6,1.22E-05,90,1.91,0.093630573,27.2611465,8.166666667,93.63057325
CDE763985E9543559261C16EA9E5297C,GOST Steel 40Ch GOST 4543-71,GOST,785,980,10,217,214000,83000,0.29,7850,20,785,980,42.6,1.22E-05,90,1.91,0.1,27.2611465,8.722222222,100
D9D4F288E38F4BC8991C4375DD49500E,GOST Steel 40Ch GOST 4543-71 normalized,GOST,330,630,17.6,215,214000,83000,0.29,7850,20,330,630,42.6,1.22E-05,90,1.91,0.042038217,27.2611465,3.666666667,42.03821656
6A3AFDB5280D4862B843741BF2F09416,GOST Steel 40Ch GOST 4543-71 Improved,GOST,650,800,12.4,216,214000,83000,0.29,7850,20,650,800,42.6,1.22E-05,90,1.91,0.082802548,27.2611465,7.222222222,82.80254777
1FF29F6F3B0F4EECB97F8EFC1B4E6E81,GOST Steel 40Ch GOST 4543-71 Quenching and cooling in the oil,GOST,900,1100,9.9,257,214000,83000,0.29,7850,20,900,1100,42.6,1.22E-05,90,1.91,0.114649682,27.2611465,10,114.6496815
CE3B0E9894384CA7AA2822D42785AB39,GOST Steel 40Ch GOST 4543-71 Quenching and cooling in the oil,GOST,1100,1300,7.3,394,214000,83000,0.29,7850,20,1100,1300,42.6,1.22E-05,90,1.91,0.140127389,27.2611465,12.22222222,140.1273885
BE62C82651E44232869BEE9086446DA0,GOST Steel 45Ch GOST 4543-71,GOST,835,1030,9,229,206000,79000,0.3,7820,20,835,1030,42.6,1.22E-05,90,1.91,0.106777494,26.342711,9.277777778,106.7774936
1642B653AB03496CAAB74634F7A06B27,GOST Steel 45Ch GOST 4543-71 normalized,GOST,350,650,17.9,215,206000,79000,0.3,7820,20,350,650,42.6,1.22E-05,90,1.91,0.044757033,26.342711,3.888888889,44.75703325
07DC7C02F02543F6A544E98E3EBE3D4C,GOST Steel 45Ch GOST 4543-71 Improved,GOST,750,950,11,238,206000,79000,0.3,7820,20,750,950,42.6,1.22E-05,90,1.91,0.095907928,26.342711,8.333333333,95.90792839
604D8921838D4363B6485DBA9D313A8E,GOST Steel 45Ch GOST 4543-71 Quenching and cooling in the oil,GOST,1200,1400,6.6,424,206000,79000,0.3,7820,20,1200,1400,42.6,1.22E-05,90,1.91,0.153452685,26.342711,13.33333333,153.4526854
C3B68D3C427442B49335BB20F5F357F7,GOST Steel 50Ch GOST 4543-71,GOST,885,1080,9,229,207000,80000,0.29,7860,20,885,1080,42.6,1.22E-05,90,1.91,0.11259542,26.33587786,9.833333333,112.5954198
B770917588FE41F3BD6CDD39529C8541,GOST Steel 50Ch GOST 4543-71 normalized,GOST,350,650,21.3,187,207000,80000,0.29,7860,20,350,650,42.6,1.22E-05,90,1.91,0.044529262,26.33587786,3.888888889,44.52926209
D16C84992F0347D3B302DB0EBF2FA73E,GOST Steel 50Ch GOST 4543-71 Quenching and cooling in the oil,GOST,1300,1500,7,450,207000,80000,0.29,7860,20,1300,1500,42.6,1.22E-05,90,1.91,0.165394402,26.33587786,14.44444444,165.394402
9D48586F08524E79BFCAD56CB56004F1,GOST Steel 10G2 GOST 4543-71 normalized,GOST,250,430,20.2,188,204000,79000,0.29,7790,20,250,430,42.6,1.22E-05,90,1.91,0.032092426,26.18741977,2.777777778,32.09242619
E9EB7E5380544707839DD4ADE1819EF4,GOST Steel 35G2 GOST 4543-71 normalized,GOST,370,630,15.6,225,204000,79000,0.29,7790,20,370,630,42.6,1.22E-05,90,1.91,0.047496791,26.18741977,4.111111111,47.49679076
7D60F6CEFD9E4184A52EA3160C9D17E6,GOST Steel 35G2 GOST 4543-71 Quenching and cooling in the water,GOST,650,800,13.6,249,204000,79000,0.29,7790,20,650,800,42.6,1.22E-05,90,1.91,0.083440308,26.18741977,7.222222222,83.44030809
88A93B85DF164CEE92F5A25FEAC39808,GOST Steel 40G2 GOST 4543-71 normalized,GOST,390,670,15.4,223,212000,82000,0.29,7800,20,390,670,42.6,1.22E-05,90,1.91,0.05,27.17948718,4.333333333,50
4E5D664414FA4F11B937FD6244FC9B89,GOST Steel 40G2 GOST 4543-71 Quenching and cooling in the oil,GOST,950,1120,9.8,331,212000,82000,0.29,7800,20,950,1120,42.6,1.22E-05,90,1.91,0.121794872,27.17948718,10.55555556,121.7948718
96BBBC1EF74749B9B65868A1C522F8F0,GOST Steel 45G2 GOST 4543-71 normalized,GOST,410,700,15,222,204000,79000,0.29,7810,20,410,700,42.6,1.22E-05,90,1.91,0.052496799,26.12035851,4.555555556,52.49679898
C3ACE47684DA4A42A3AA07CB2151C61C,GOST Steel 45G2 GOST 4543-71 Quenching and cooling in the oil,GOST,700,850,13.3,295,204000,79000,0.29,7810,20,700,850,42.6,1.22E-05,90,1.91,0.089628681,26.12035851,7.777777778,89.62868118
D61E463BC2F441C580F3684B6C23D9E3,GOST Steel 33ChS GOST 4543-71 normalized,GOST,300,600,17.6,217,214000,83000,0.29,7640,20,300,600,42.6,1.22E-05,90,1.91,0.039267016,28.0104712,3.333333333,39.26701571
FBF881F14FE94639ADC938DCE2B148B0,GOST Steel 33ChS GOST 4543-71 Quenching and cooling in the oil,GOST,700,900,11.8,231,214000,83000,0.29,7640,20,700,900,42.6,1.22E-05,90,1.91,0.091623037,28.0104712,7.777777778,91.62303665
C3278CD1246046E6AB4777F663C6EB5A,GOST Steel 38ChS GOST 4543-71 Improved,GOST,750,950,10.7,238,211000,82000,0.29,7640,20,750,950,42.6,1.22E-05,90,1.91,0.098167539,27.61780105,8.333333333,98.16753927
2E28F679C34B4EC184625810257D2551,GOST Steel 30ChMA GOST 4543-71,GOST,735,930,12,229,208000,80000,0.3,7820,20,735,930,42.6,1.22E-05,90,1.91,0.09398977,26.59846547,8.166666667,93.98976982
20C2ED12BB1445FC9951AD451C43878C,GOST Steel 30ChM GOST 4543-71 Quenching and cooling in the oil,GOST,750,950,10.9,231,208000,80000,0.3,7820,20,750,950,42.6,1.22E-05,90,1.91,0.095907928,26.59846547,8.333333333,95.90792839
5FE3D8D374EF49B89EC204398F926942,GOST Steel 35ChM GOST 4543-71,GOST,835,930,12,241,213000,82000,0.3,7820,20,835,930,42.6,1.22E-05,90,1.91,0.106777494,27.23785166,9.277777778,106.7774936
88DAE087C48D47419B4A034F7804D708,GOST Steel 35ChM GOST 4543-71 Quenching and cooling in the oil,GOST,850,1000,10.2,270,213000,82000,0.3,7820,20,850,1000,42.6,1.22E-05,90,1.91,0.108695652,27.23785166,9.444444444,108.6956522
094D4EAD93134D8D97AC2DF574EC147B,GOST Steel 35ChM GOST 4543-71 Quenching and cooling in the oil,GOST,1400,1600,7.3,472,213000,82000,0.3,7820,20,1400,1600,42.6,1.22E-05,90,1.91,0.179028133,27.23785166,15.55555556,179.028133
8D7A52958690441A89B0E2F0CF0F5FE6,GOST Steel 18ChG GOST 4543-71 Quenching and cooling in the oil,GOST,735,800,10,187,213000,82000,0.3,7820,20,735,800,42.6,1.22E-05,90,1.91,0.09398977,27.23785166,8.166666667,93.98976982
6EFEB60CC45E4515AF8CEDCD1CE5C52E,GOST Steel 18ChGT GOST 4543-71 normalized,GOST,430,700,15.3,216,211000,82000,0.29,7800,20,430,700,42.6,1.22E-05,90,1.91,0.055128205,27.05128205,4.777777778,55.12820513
55B07E3087F44C83A794DC73F72CF8C3,"GOST Steel 18ChGT GOST 4543-71 Case hardening,quenching and cooling in the oil",GOST,800,1000,9,249,211000,82000,0.29,7800,20,800,1000,42.6,1.22E-05,90,1.91,0.102564103,27.05128205,8.888888889,102.5641026
5B33C040B0F048A29D9348E9ABF2890F,GOST Steel 30ChGT GOST 4543-71 Quenching and cooling in the oil,GOST,1050,1250,8.4,371,212000,82000,0.29,7800,20,1050,1250,42.6,1.22E-05,90,1.91,0.134615385,27.17948718,11.66666667,134.6153846
412D967D61DC4A108BEA1E1990C4B0D9,"GOST Steel 30ChGT GOST 4543-71 Case hardening,quenching and cooling in the oil",GOST,800,1100,9.1,255,212000,82000,0.29,7800,20,800,1100,42.6,1.22E-05,90,1.91,0.102564103,27.17948718,8.888888889,102.5641026
67B5887D89734558867C4216D8294C9F,GOST Steel 20ChGSA GOST 4543-71,GOST,635,780,12,207,213000,82000,0.3,7760,20,635,780,42.6,1.22E-05,90,1.91,0.081829897,27.44845361,7.055555556,81.82989691
79449493586A419591EC74060C0451EF,GOST Steel 20ChGSA GOST 4543-71 Quenching and cooling in the oil,GOST,650,800,12.1,212,213000,82000,0.3,7760,20,650,800,42.6,1.22E-05,90,1.91,0.083762887,27.44845361,7.222222222,83.7628866
6B8E8CED7620487480B0595B0660D6D8,GOST Steel 20ChGNR GOST 4543-71 Quenching and cooling in the oil,GOST,1200,1300,7,410,213000,82000,0.3,7800,20,1200,1300,42.6,1.22E-05,90,1.91,0.153846154,27.30769231,13.33333333,153.8461538
2D9DC20B55084866A8D5829122AE1AFA,GOST Steel 20ChGNR GOST 4543-71 Quenching and cooling in the oil,GOST,1400,1450,6.8,447,213000,82000,0.3,7800,20,1400,1450,42.6,1.22E-05,90,1.91,0.179487179,27.30769231,15.55555556,179.4871795
614D9CE1F03549DD94C0692B5D4297B6,GOST Steel 40ChFA GOST 4543-71 Quenching and cooling in the oil,GOST,750,900,10,224,215000,83000,0.3,7810,20,750,900,42.6,1.22E-05,90,1.91,0.09603073,27.52880922,8.333333333,96.03072983
F9599AEE992A4E4397D5A251011CDE8A,GOST Steel 40ChFA GOST 4543-71 Quenching and cooling in the oil,GOST,1300,1600,7.4,467,215000,83000,0.3,7810,20,1300,1600,42.6,1.22E-05,90,1.91,0.166453265,27.52880922,14.44444444,166.453265
4B48F3211F5D4449A1851B0B2242FBF5,GOST Steel 30ChGS GOST 4543-71,GOST,835,1080,10,229,213000,82000,0.3,7850,20,835,1080,42.6,1.22E-05,90,1.91,0.106369427,27.13375796,9.277777778,106.3694268
0C1143258FA04BD881DA84DDA764FA50,GOST Steel 20ChN GOST 4543-71,GOST,590,780,14,197,200000,77000,0.3,7850,20,590,780,42.6,1.22E-05,90,1.91,0.075159236,25.47770701,6.555555556,75.15923567
B8C24A92378843569D9B1230B7288E29,GOST Steel 40ChN GOST 4543-71,GOST,785,980,11,229,200000,77000,0.3,7850,20,785,980,42.6,1.22E-05,90,1.91,0.1,25.47770701,8.722222222,100
3BE7FC06EC864725BE8AD650C58A9B85,GOST Steel 40ChN GOST 4543-71 normalized,GOST,460,780,14.3,227,200000,77000,0.3,7850,20,460,780,42.6,1.22E-05,90,1.91,0.058598726,25.47770701,5.111111111,58.59872611
1ED1484B5AC040CF83FA7C06B458F303,GOST Steel 40ChN GOST 4543-71 Quenching and cooling in the oil,GOST,1000,1200,8.6,333,200000,77000,0.3,7850,20,1000,1200,42.6,1.22E-05,90,1.91,0.127388535,25.47770701,11.11111111,127.388535
9CBD9288D48446D2897FA73B00B5E30D,GOST Steel 45ChN GOST 4543-71,GOST,835,1030,10,207,200000,77000,0.3,7820,20,835,1030,42.6,1.22E-05,90,1.91,0.106777494,25.57544757,9.277777778,106.7774936
22E808ABC4454984B635CF010C28979E,GOST Steel 50ChN GOST 4543-71,GOST,885,1080,9,207,200000,77000,0.3,7860,20,885,1080,42.6,1.22E-05,90,1.91,0.11259542,25.44529262,9.833333333,112.5954198
765B75D37B8F4D4999A6B46A918F5D71,GOST Steel 30ChN3A GOST 4543-71,GOST,785,980,10,241,215000,83000,0.3,7850,20,785,980,42.6,1.22E-05,90,1.91,0.1,27.38853503,8.722222222,100
4B59945A1F0E44B2B8D01A465C18D721,GOST Steel 12ChN2 GOST 4543-71 Quenching and cooling in the oil,GOST,600,800,13.6,219,211000,82000,0.29,7880,20,600,800,42.6,1.22E-05,90,1.91,0.076142132,26.77664975,6.666666667,76.14213198
0D6F5ADF90A04F798C3A8BB7D181B234,"GOST Steel 12ChN2 GOST 4543-71 Case hardening,quenching and cooling in the oil",GOST,600,800,13.6,219,211000,82000,0.29,7880,20,600,800,42.6,1.22E-05,90,1.91,0.076142132,26.77664975,6.666666667,76.14213198
AF262B70F7C74FB2BE7FC95A24EA666A,GOST Steel 12ChN3A GOST 4543-71 Improved,GOST,700,950,11,242,200000,77000,0.3,7850,20,700,950,42.6,1.22E-05,90,1.91,0.089171975,25.47770701,7.777777778,89.17197452
243047FB716C4E0998F4B9E0EE83B31B,GOST Steel 12ChN3A GOST 4543-71 Quenching and heating,GOST,850,1000,9.8,239,200000,77000,0.3,7850,20,850,1000,42.6,1.22E-05,90,1.91,0.108280255,25.47770701,9.444444444,108.2802548
66E70FD7756A42369BF84776C83F0DE1,GOST Steel 20Ch2N4A GOST 4543-71 Quenching and heating,GOST,450,680,14.7,228,203000,78000,0.3,7850,20,450,680,42.6,1.22E-05,90,1.91,0.057324841,25.85987261,5,57.32484076
CB2F1E1026F544F3B10B17B48F2FF33A,"GOST Steel 20Ch2N4A GOST 4543-71 Case hardening,quenching and cooling in the oil",GOST,850,1100,10,245,203000,78000,0.3,7850,20,850,1100,42.6,1.22E-05,90,1.91,0.108280255,25.85987261,9.444444444,108.2802548
27B5331FA62040BF9F4E1153D6F7DE58,GOST Steel 20Ch2N4A GOST 4543-71 Quenching and cooling in the oil,GOST,1100,1300,7.1,396,203000,78000,0.3,7850,20,1100,1300,42.6,1.22E-05,90,1.91,0.140127389,25.85987261,12.22222222,140.1273885
50112172221D467FB48DBA9952B5B62C,GOST Steel 30ChGS GOST 4543-71 Annealing,GOST,360,600,16.3,218,213000,82000,0.3,7850,20,360,600,42.6,1.22E-05,90,1.91,0.045859873,27.13375796,4,45.85987261
CF1E6550EC384289B4BAC73FF8BFBBB8,GOST Steel 30ChGSA GOST 4543-71 Improved,GOST,850,1100,9.6,253,215000,83000,0.3,7850,20,850,1100,42.6,1.22E-05,90,1.91,0.108280255,27.38853503,9.444444444,108.2802548
764CBCABBDA34948A9195A2CE3DE8DA8,GOST Steel 30ChGSA GOST 4543-71 Quenching and cooling in the oil,GOST,1300,1500,7,451,215000,83000,0.3,7850,20,1300,1500,42.6,1.22E-05,90,1.91,0.165605096,27.38853503,14.44444444,165.6050955
3333E40D8F8D4C09B9CC05F3AFD06C23,GOST Steel 38Ch210 GOST 4543-71 Quenching and cooling in the oil,GOST,700,800,12.4,210,215000,83000,0.3,7850,20,700,800,42.6,1.22E-05,90,1.91,0.089171975,27.38853503,7.777777778,89.17197452
D36F4F5789654AD38015CBE760E0007D,GOST Steel 38ChA GOST 4543-71 Quenched and tempered,GOST,785,930,12,228,206000,80000,0.29,7860,20,785,930,42.6,1.22E-05,90,1.91,0.099872774,26.2086514,8.722222222,99.87277354
614A8999AD6741FEA6F7C3E742CFCE60,GOST Steel 38Ch2MJuA GOST 4543-71,GOST,835,980,14,244,206000,80000,0.3,7860,20,835,980,42.6,1.22E-05,90,1.91,0.106234097,26.2086514,9.277777778,106.2340967
A7F8CEF39B134CDF80D26AF0AB73E6C4,GOST Steel 12MCh GOST 20072-74,GOST,235,410,21,217,212000,82000,0.29,7850,20,235,410,42.6,1.22E-05,68,1.91,0.029936306,27.00636943,3.455882353,29.93630573
095652EDD7224C6E81A93FB5687C8B0B,GOST Steel 12Ch1MF GOST 20072-74,GOST,255,470,21,217,198000,77000,0.29,7800,20,255,470,42.6,1.22E-05,68,1.91,0.032692308,25.38461538,3.75,32.69230769
4691B9EC590948BC99143DD5098D2F82,GOST Steel 20Ch1M1F1TR GOST 20072-74,GOST,665,780,15,229,200000,77000,0.3,7800,20,665,780,42.6,1.22E-05,68,1.91,0.08525641,25.64102564,9.779411765,85.25641026
B7124C4BD4CF4A92873A2658C1EC508B,GOST Steel 20Ch1M1F1BR GOST 20072-74,GOST,665,780,14,229,200000,77000,0.3,7800,20,665,780,42.6,1.22E-05,68,1.91,0.08525641,25.64102564,9.779411765,85.25641026
F9FD4AF2D8A34069AAD3A646F549A0C4,GOST Steel 25Ch1MF GOST 20072-74,GOST,735,880,14,229,213000,82000,0.3,7840,20,735,880,42.6,1.22E-05,68,1.91,0.09375,27.16836735,10.80882353,93.75
7C1A5E61FBB24EA583CCFC0A0631D1F8,GOST Steel 25Ch1MF GOST 20072-74,GOST,665,780,16,229,213000,82000,0.3,7840,20,665,780,42.6,1.22E-05,68,1.91,0.084821429,27.16836735,9.779411765,84.82142857
9C19E3D955034A07AEF4DD032E8B8D64,GOST Steel 18Ch3MV GOST 20072-74,GOST,440,640,18,270,200000,77000,0.3,7850,20,440,640,42.6,1.22E-05,68,1.91,0.056050955,25.47770701,6.470588235,56.05095541
D19D4897D5774C0AAF1CF60570B7C5EE,GOST Steel 20Ch3MVF GOST 20072-74,GOST,735,880,12,269,207000,80000,0.29,7800,20,735,880,42.6,1.22E-05,68,1.91,0.094230769,26.53846154,10.80882353,94.23076923
446D81AB5A8D42848F2C779339A57DEC,GOST Steel 15Ch5 GOST 20072-74,GOST,165,390,24,217,215000,83000,0.3,7630,20,165,390,42.6,1.22E-05,68,1.91,0.021625164,28.17824377,2.426470588,21.62516383
A042FA14C84446F58911AAA5508C490B,GOST Steel 15Ch5M GOST 20072-74,GOST,215,390,22,217,211000,82000,0.29,7750,20,215,390,42.6,1.22E-05,68,1.91,0.027741935,27.22580645,3.161764706,27.74193548
7AACFB4FCB744D93B17CF2D2FD3C1D43,GOST Steel 15Ch5VF GOST 20072-74,GOST,215,390,22,217,200000,77000,0.3,7850,20,215,390,42.6,1.22E-05,68,1.91,0.027388535,25.47770701,3.161764706,27.38853503
198ABBABD7C547F98443BA82118EAA8D,GOST Steel 12Ch8VF GOST 20072-74,GOST,165,390,22,217,200000,77000,0.3,7850,20,165,390,42.6,1.22E-05,68,1.91,0.021019108,25.47770701,2.426470588,21.01910828
4CD97CA5E51E4B72A023B3322F76E655,GOST Steel 13Ch14N3V2FR GOST 5949-75,GOST,735,930,14,302,200000,77000,0.3,7850,20,735,930,42.6,1.22E-05,68,1.91,0.093630573,25.47770701,10.80882353,93.63057325
ADABF1FC42FC4B4B80CE21CB08C62A8D,GOST Steel 13Ch14N3V2FR GOST 5949-75,GOST,885,1130,12,302,200000,77000,0.3,7850,20,885,1130,42.6,1.22E-05,68,1.91,0.112738854,25.47770701,13.01470588,112.7388535
DB7F22D2E4DD49F3A0DC4D350659365C,GOST Steel 10Ch11N23T3MR GOST 5949-75,GOST,590,880,8,261,200000,77000,0.3,8120,20,590,880,42.6,1.22E-05,68,1.91,0.072660099,24.63054187,8.676470588,72.66009852
6D8AE8BFCA76454BA4B837BD53128ECC,GOST Steel 10Ch11N23T3MR GOST 5949-75,GOST,685,980,10,286,200000,77000,0.3,8120,20,685,980,42.6,1.22E-05,68,1.91,0.084359606,24.63054187,10.07352941,84.35960591
D162BEF1D3EF4EC19FAEAD94CC136CF2,GOST Steel 12Ch18N10T GOST 5949-75,GOST,196,510,40,151,215000,83000,0.3,7630,20,196,510,42.6,1.22E-05,68,1.91,0.025688073,28.17824377,2.882352941,25.68807339
6482B32CDD094169AE7A427820AE5D94,GOST Steel 12Ch18N9T GOST 5949-75,GOST,196,540,40,151,195000,75000,0.3,7900,20,196,540,42.6,1.22E-05,68,1.91,0.024810127,24.6835443,2.882352941,24.81012658
403738DCB5AF4DBAA929AC3BAEDBFC69,GOST Steel 12Ch18N12T GOST 5949-75,GOST,196,540,40,152,200000,77000,0.3,7850,20,196,540,42.6,1.22E-05,68,1.91,0.024968153,25.47770701,2.882352941,24.96815287
787D1C147B7146D1A30F3E95BB746799,GOST Steel 12Ch25N16G7AR GOST 5949-75,GOST,325,690,40,182,216000,84000,0.29,7670,20,325,690,42.6,1.22E-05,68,1.91,0.042372881,28.16166884,4.779411765,42.37288136
F913716457784954BA08F16B208FA305,GOST Steel 20 GOST 1577-93 normalized,GOST,230,475,27,156,206000,80000,0.29,7860,20,230,475,42.6,1.22E-05,68,1.91,0.029262087,26.2086514,3.382352941,29.26208651
4108F17B5302496A8638E37FB7633AD7,GOST Steel 20 GOST 1577-93 normalized,GOST,210,450,25,156,206000,80000,0.29,7860,20,210,450,42.6,1.22E-05,68,1.91,0.026717557,26.2086514,3.088235294,26.71755725
116683586E944A6C816BF00576A7575A,GOST Steel 20 GOST 1577-93 Quenched and tempered,GOST,350,625,20,156,206000,80000,0.29,7860,20,350,625,42.6,1.22E-05,68,1.91,0.044529262,26.2086514,5.147058824,44.52926209
B630B672804448059DA2F3BA63FD0426,GOST Steel 20 GOST 1577-93 Quenched and tempered,GOST,300,575,22,156,206000,80000,0.29,7860,20,300,575,42.6,1.22E-05,68,1.91,0.038167939,26.2086514,4.411764706,38.16793893
3BFDDE06EF814E2BB9FD65404F5B4B03,GOST Steel 25 GOST 1577-93 normalized,GOST,260,495,25,170,206000,80000,0.29,7860,20,260,495,42.6,1.22E-05,68,1.91,0.03307888,26.2086514,3.823529412,33.07888041
E339FF3C77FA4B5ABBDE5A46592A3BF8,GOST Steel 25 GOST 1577-93 normalized,GOST,240,495,25,170,206000,80000,0.29,7860,20,240,495,42.6,1.22E-05,68,1.91,0.030534351,26.2086514,3.529411765,30.53435115
0E3F90E2A1774EFDAE5465C6E1946C99,GOST Steel 25 GOST 1577-93 normalized,GOST,220,475,23,170,206000,80000,0.29,7860,20,220,475,42.6,1.22E-05,68,1.91,0.027989822,26.2086514,3.235294118,27.98982188
C5B46312C2A54A5C955ED8820231023E,GOST Steel 25 GOST 1577-93 Quenched and tempered,GOST,370,625,19,170,206000,80000,0.29,7860,20,370,625,42.6,1.22E-05,68,1.91,0.047073791,26.2086514,5.441176471,47.07379135
46645640AFC54C70B4CA2D124A904B2F,GOST Steel 25 GOST 1577-93 Quenched and tempered,GOST,320,575,21,170,206000,80000,0.29,7860,20,320,575,42.6,1.22E-05,68,1.91,0.040712468,26.2086514,4.705882353,40.71246819
926593FA4B9D451393FD9745475EC9F9,GOST Steel 30 GOST 1577-93 normalized,GOST,280,540,23,179,206000,80000,0.29,7860,20,280,540,42.6,1.22E-05,68,1.91,0.03562341,26.2086514,4.117647059,35.62340967
4FCD7DB731124B38A8CAE33A409FE07F,GOST Steel 30 GOST 1577-93 normalized,GOST,250,540,23,179,206000,80000,0.29,7860,20,250,540,42.6,1.22E-05,68,1.91,0.031806616,26.2086514,3.676470588,31.80661578
9302BBF692AC4B6188D3886D0461079E,GOST Steel 30 GOST 1577-93 normalized,GOST,230,520,21,179,206000,80000,0.29,7860,20,230,520,42.6,1.22E-05,68,1.91,0.029262087,26.2086514,3.382352941,29.26208651
45144008DA584720B3677775664AD508,GOST Steel 30 GOST 1577-93 Quenched and tempered,GOST,400,675,18,179,206000,80000,0.29,7860,20,400,675,42.6,1.22E-05,68,1.91,0.050890585,26.2086514,5.882352941,50.89058524
62B16AC5F18B4765BB80FF265175CD62,GOST Steel 30 GOST 1577-93 Quenched and tempered,GOST,350,625,20,179,206000,80000,0.29,7860,20,350,625,42.6,1.22E-05,68,1.91,0.044529262,26.2086514,5.147058824,44.52926209
321E40680D594252A72939E40E710FA1,GOST Steel 30 GOST 1577-93 Quenched and tempered,GOST,300,575,21,179,206000,80000,0.29,7860,20,300,575,42.6,1.22E-05,68,1.91,0.038167939,26.2086514,4.411764706,38.16793893
22D3FFA93D054A4B9EBEB4A6F8D51D0D,GOST Steel 35 GOST 1577-93 normalized,GOST,300,575,21,207,206000,80000,0.29,7860,20,300,575,42.6,1.22E-05,68,1.91,0.038167939,26.2086514,4.411764706,38.16793893
5469EF3068114752A4E85695F82F1690,GOST Steel 35 GOST 1577-93 normalized,GOST,270,575,21,207,206000,80000,0.29,7860,20,270,575,42.6,1.22E-05,68,1.91,0.034351145,26.2086514,3.970588235,34.35114504
B7A1B60C5CB74A50B94592D7145BF5A8,GOST Steel 35 GOST 1577-93 normalized,GOST,245,555,19,207,206000,80000,0.29,7860,20,245,555,42.6,1.22E-05,68,1.91,0.031170483,26.2086514,3.602941176,31.17048346
CAF34E347D5F4348AA522034A7169AF3,GOST Steel 35 GOST 1577-93 Quenched and tempered,GOST,430,705,17,187,206000,80000,0.29,7860,20,430,705,42.6,1.22E-05,68,1.91,0.054707379,26.2086514,6.323529412,54.70737913
EE6DFF78D451403CA80CD16A88A9A3C2,GOST Steel 35 GOST 1577-93 Quenched and tempered,GOST,370,675,19,187,206000,80000,0.29,7860,20,370,675,42.6,1.22E-05,68,1.91,0.047073791,26.2086514,5.441176471,47.07379135
B53C6042B77A4D4B98D3B3D4C31856E3,GOST Steel 35 GOST 1577-93 Quenched and tempered,GOST,320,625,20,187,206000,80000,0.29,7860,20,320,625,42.6,1.22E-05,68,1.91,0.040712468,26.2086514,4.705882353,40.71246819
B22A42DA81A34501A31C30B4AB817009,GOST Steel 40 GOST 1577-93 normalized,GOST,320,625,19,217,206000,80000,0.29,7860,20,320,625,42.6,1.22E-05,68,1.91,0.040712468,26.2086514,4.705882353,40.71246819
9818679F7403437AA6D638157624D9CD,GOST Steel 40 GOST 1577-93 normalized,GOST,290,625,19,217,206000,80000,0.29,7860,20,290,625,42.6,1.22E-05,68,1.91,0.036895674,26.2086514,4.264705882,36.8956743
26223DAB6FD54F39BF5FDF02AB1D4891,GOST Steel 40 GOST 1577-93 normalized,GOST,260,605,17,217,206000,80000,0.29,7860,20,260,605,42.6,1.22E-05,68,1.91,0.03307888,26.2086514,3.823529412,33.07888041
CA6D069304D245BAA9A42B30519B6986,GOST Steel 40 GOST 1577-93 Quenched and tempered,GOST,460,725,16,187,206000,80000,0.29,7860,20,460,725,42.6,1.22E-05,68,1.91,0.058524173,26.2086514,6.764705882,58.52417303
13C089CF34C5447C9F7D91CA7FA63916,GOST Steel 40 GOST 1577-93 Quenched and tempered,GOST,400,705,18,187,206000,80000,0.29,7860,20,400,705,42.6,1.22E-05,68,1.91,0.050890585,26.2086514,5.882352941,50.89058524
F4D9A071EDC845EBA54027BDF25A218F,GOST Steel 40 GOST 1577-93 Quenched and tempered,GOST,350,675,19,187,206000,80000,0.29,7860,20,350,675,42.6,1.22E-05,68,1.91,0.044529262,26.2086514,5.147058824,44.52926209
C4BF242FDAFD49F08F55B81A1377F188,GOST Steel 45 GOST 1577-93 normalized,GOST,340,675,17,229,206000,80000,0.29,7860,20,340,675,42.6,1.22E-05,68,1.91,0.043256997,26.2086514,5,43.25699746
1873FD124C5443D4BB8D463820F87609,GOST Steel 45 GOST 1577-93 normalized,GOST,305,675,17,229,206000,80000,0.29,7860,20,305,675,42.6,1.22E-05,68,1.91,0.038804071,26.2086514,4.485294118,38.80407125
1C9EBDF383EC481DB57AF1302F3BDFD3,GOST Steel 45 GOST 1577-93 normalized,GOST,275,655,15,229,206000,80000,0.29,7860,20,275,655,42.6,1.22E-05,68,1.91,0.034987277,26.2086514,4.044117647,34.98727735
F5AF68D46D204B4BABE972CF7E5D49A4,GOST Steel 45 GOST 1577-93 Quenched and tempered,GOST,500,775,14,197,206000,80000,0.29,7860,20,500,775,42.6,1.22E-05,68,1.91,0.063613232,26.2086514,7.352941176,63.61323155
3131DCFC935042729D1AE6741A5C8E13,GOST Steel 45 GOST 1577-93 Quenched and tempered,GOST,430,725,16,197,206000,80000,0.29,7860,20,430,725,42.6,1.22E-05,68,1.91,0.054707379,26.2086514,6.323529412,54.70737913
C77AFE0F622949F3973852C8352780F6,GOST Steel 45 GOST 1577-93 Quenched and tempered,GOST,370,705,17,197,206000,80000,0.29,7860,20,370,705,42.6,1.22E-05,68,1.91,0.047073791,26.2086514,5.441176471,47.07379135
345A0137FC044103825730FF7D41665A,GOST Steel 50 GOST 1577-93 normalized,GOST,355,710,16,241,206000,80000,0.29,7860,20,355,710,42.6,1.22E-05,68,1.91,0.045165394,26.2086514,5.220588235,45.1653944
0EC361A96E1A4E8F850BA9F9AC24A3F4,GOST Steel 50 GOST 1577-93 normalized,GOST,320,710,16,241,206000,80000,0.29,7860,20,320,710,42.6,1.22E-05,68,1.91,0.040712468,26.2086514,4.705882353,40.71246819
A66197F09B2F45BDB54721E177255B70,GOST Steel 50 GOST 1577-93 normalized,GOST,290,690,14,241,206000,80000,0.29,7860,20,290,690,42.6,1.22E-05,68,1.91,0.036895674,26.2086514,4.264705882,36.8956743
00CB538BD15246E8A949FEB5142347D7,GOST Steel 50 GOST 1577-93 Quenched and tempered,GOST,520,825,13,207,206000,80000,0.29,7860,20,520,825,42.6,1.22E-05,68,1.91,0.066157761,26.2086514,7.647058824,66.15776081
FA418B52B1224146BF1660D5314257FE,GOST Steel 50 GOST 1577-93 Quenched and tempered,GOST,460,775,15,207,206000,80000,0.29,7860,20,460,775,42.6,1.22E-05,68,1.91,0.058524173,26.2086514,6.764705882,58.52417303
67001DDCC32849ECB65B16B830E446CB,GOST Steel 50 GOST 1577-93 Quenched and tempered,GOST,400,725,16,207,206000,80000,0.29,7860,20,400,725,42.6,1.22E-05,68,1.91,0.050890585,26.2086514,5.882352941,50.89058524
646AF47B54884305B774FCAAA656A4DA,GOST Steel 55 GOST 1577-93 normalized,GOST,370,750,15,255,206000,80000,0.29,7860,20,370,750,42.6,1.22E-05,68,1.91,0.047073791,26.2086514,5.441176471,47.07379135
0F16970604B0452799931E7BE532F887,GOST Steel 55 GOST 1577-93 normalized,GOST,330,750,15,255,206000,80000,0.29,7860,20,330,750,42.6,1.22E-05,68,1.91,0.041984733,26.2086514,4.852941176,41.98473282
834305385FD849DDAA1D5733A094B4CA,GOST Steel 55 GOST 1577-93 normalized,GOST,300,730,13,255,206000,80000,0.29,7860,20,300,730,42.6,1.22E-05,68,1.91,0.038167939,26.2086514,4.411764706,38.16793893
1235611A90B840D69DD655B29E3F7129,GOST Steel 55 GOST 1577-93 Quenched and tempered,GOST,550,875,12,217,206000,80000,0.29,7860,20,550,875,42.6,1.22E-05,68,1.91,0.069974555,26.2086514,8.088235294,69.97455471
B1AC6AB3A5D444BAA7A4337766B8CC9C,GOST Steel 55 GOST 1577-93 Quenched and tempered,GOST,500,825,14,217,206000,80000,0.29,7860,20,500,825,42.6,1.22E-05,68,1.91,0.063613232,26.2086514,7.352941176,63.61323155
5F0FA3CCC9CF48EFBA08843D9211A39E,GOST Steel 55 GOST 1577-93 Quenched and tempered,GOST,430,775,15,217,206000,80000,0.29,7860,20,430,775,42.6,1.22E-05,68,1.91,0.054707379,26.2086514,6.323529412,54.70737913
416C189EED65461798ADCF12E5D20B80,GOST Steel 60 GOST 1577-93 normalized,GOST,380,785,14,255,206000,80000,0.29,7860,20,380,785,42.6,1.22E-05,68,1.91,0.048346056,26.2086514,5.588235294,48.34605598
2DB3672F69944DB59BEAAA6E372784FB,GOST Steel 60 GOST 1577-93 normalized,GOST,340,785,14,255,206000,80000,0.29,7860,20,340,785,42.6,1.22E-05,68,1.91,0.043256997,26.2086514,5,43.25699746
A0CE7DDD5EF74177A8DF739F5EB2D767,GOST Steel 60 GOST 1577-93 normalized,GOST,310,755,12,255,206000,80000,0.29,7860,20,310,755,42.6,1.22E-05,68,1.91,0.039440204,26.2086514,4.558823529,39.44020356
B08DAE7B20194A7EB2F387794816C128,GOST Steel 60 GOST 1577-93 Quenched and tempered,GOST,580,925,11,229,206000,80000,0.29,7860,20,580,925,42.6,1.22E-05,68,1.91,0.073791349,26.2086514,8.529411765,73.7913486
B53BA858119446A6BF5EC9968C9DD4BE,GOST Steel 60 GOST 1577-93 Quenched and tempered,GOST,520,875,13,229,206000,80000,0.29,7860,20,520,875,42.6,1.22E-05,68,1.91,0.066157761,26.2086514,7.647058824,66.15776081
CF65F112DBAC47C984AA391BC5189263,GOST Steel 60 GOST 1577-93 Quenched and tempered,GOST,450,825,14,229,206000,80000,0.29,7860,20,450,825,42.6,1.22E-05,68,1.91,0.057251908,26.2086514,6.617647059,57.2519084
A4F5AEDC19444AEFA2C9E24BD715F062,GOST Steel 30Ch GOST 1577-93 Quenched and tempered,GOST,650,925,12,187,206000,80000,0.29,7860,20,650,925,42.6,1.22E-05,68,1.91,0.082697201,26.2086514,9.558823529,82.69720102
2296CA48B5124374A018A0345B68EC0A,GOST Steel 30Ch GOST 1577-93 Quenched and tempered,GOST,550,825,14,187,206000,80000,0.29,7860,20,550,825,42.6,1.22E-05,68,1.91,0.069974555,26.2086514,8.088235294,69.97455471
C2A4DE15E3C948DCAA908A869CB91579,GOST Steel 30Ch GOST 1577-93 Quenched and tempered,GOST,410,725,15,187,206000,80000,0.29,7860,20,410,725,42.6,1.22E-05,68,1.91,0.05216285,26.2086514,6.029411765,52.16284987
9914C06B9FD2444AB8ED310DBDBC0521,GOST Steel 38ChA GOST 1577-93 Quenched and tempered,GOST,750,1050,11,207,206000,80000,0.29,7860,20,750,1050,42.6,1.22E-05,68,1.91,0.095419847,26.2086514,11.02941176,95.41984733
D087AC15E5C149CBA87BC931B85DAE37,GOST Steel 38ChA GOST 1577-93 Quenched and tempered,GOST,630,925,13,207,206000,80000,0.29,7860,20,630,925,42.6,1.22E-05,68,1.91,0.080152672,26.2086514,9.264705882,80.15267176
3908DD823D094D11AB0E1E9466C5BEED,GOST Steel 38ChA GOST 1577-93 Quenched and tempered,GOST,510,825,14,207,206000,80000,0.29,7860,20,510,825,42.6,1.22E-05,68,1.91,0.064885496,26.2086514,7.5,64.88549618
D755094CF14B4CDDBD22AFC380612D18,GOST Steel 40Ch GOST 1577-93 Quenched and tempered,GOST,800,1100,10,217,206000,80000,0.29,7860,20,800,1100,42.6,1.22E-05,68,1.91,0.10178117,26.2086514,11.76470588,101.7811705
6F58E4F5679043B9B7950936FA91311E,GOST Steel 40Ch GOST 1577-93 Quenched and tempered,GOST,660,1000,12,217,206000,80000,0.29,7860,20,660,1000,42.6,1.22E-05,68,1.91,0.083969466,26.2086514,9.705882353,83.96946565
04DBEAAE0CAB46769AA0337823B0981B,GOST Steel 40Ch GOST 1577-93 Quenched and tempered,GOST,560,875,14,217,206000,80000,0.29,7860,20,560,875,42.6,1.22E-05,68,1.91,0.071246819,26.2086514,8.235294118,71.24681934
496A1F2ECE2D4391A8FC90D7A71A5259,GOST Steel 15L GOST 977-88 normalized,GOST,196,392,24,187,200000,77000,0.3,7820,20,196,392,42.6,1.22E-05,85,1.91,0.025063939,25.57544757,2.305882353,25.06393862
630B4A56C7944104AB3BD448DA98CE16,GOST Steel 20L GOST 977-88 normalized,GOST,216,412,22,197,200000,77000,0.3,7820,20,216,412,42.6,1.22E-05,85,1.91,0.027621483,25.57544757,2.541176471,27.62148338
2EEECBC27A6B4CD590F35CCDBA5731ED,GOST Steel 25L GOST 977-88 normalized,GOST,235,441,19,189,205000,79000,0.3,7830,20,235,441,42.6,1.22E-05,85,1.91,0.030012771,26.18135377,2.764705882,30.01277139
9DC2ED38C5664585B3932F7AEDA029EC,GOST Steel 30L GOST 977-88 normalized,GOST,255,471,17,194,210000,81000,0.3,7810,20,255,471,42.6,1.22E-05,85,1.91,0.032650448,26.88860435,3,32.65044814
B6947B87511E4A2FA700112B2005C047,GOST Steel 35L GOST 977-88 normalized,GOST,275,491,15,197,212000,82000,0.29,7830,20,275,491,42.6,1.22E-05,85,1.91,0.035121328,27.07535121,3.235294118,35.12132822
287D17B24A4141DE8DDAE435B0534520,GOST Steel 40L GOST 977-88 normalized,GOST,294,520,14,205,215000,83000,0.3,7810,20,294,520,42.6,1.22E-05,85,1.91,0.037644046,27.52880922,3.458823529,37.64404609
A6AA7BE4A821494EB66262AEEF49DC4A,GOST Steel 45L GOST 977-88 normalized,GOST,314,540,12,212,215000,83000,0.3,7800,20,314,540,42.6,1.22E-05,85,1.91,0.04025641,27.56410256,3.694117647,40.25641026
C62934960F584D54AF3D034930C26267,GOST Steel 50L GOST 977-88 normalized,GOST,334,569,11,221,219000,85000,0.29,7820,20,334,569,42.6,1.22E-05,85,1.91,0.042710997,28.00511509,3.929411765,42.71099744
5DB7F4EF082E4461AD3BDB19754E3C07,GOST Steel 20GL GOST 977-88 normalized,GOST,275,540,18,202,200000,77000,0.3,7820,20,275,540,42.6,1.22E-05,85,1.91,0.03516624,25.57544757,3.235294118,35.16624041
0F832DA2713947209024C8C59961C0EA,GOST Steel 35GL GOST 977-88 normalized,GOST,294,540,12,208,200000,77000,0.3,7820,20,294,540,42.6,1.22E-05,85,1.91,0.037595908,25.57544757,3.458823529,37.59590793
33282898319C4FB5A40B11DE58C39521,GOST Steel 35GL GOST 977-88 Quenching and cooling in the water,GOST,343,589,14,223,200000,77000,0.3,7820,20,343,589,42.6,1.22E-05,85,1.91,0.043861893,25.57544757,4.035294118,43.86189258
A67DD59ED29A450C8A8F3DFD9C005216,GOST Steel 20GSL GOST 977-88 normalized,GOST,294,540,18,203,200000,77000,0.3,7820,20,294,540,42.6,1.22E-05,85,1.91,0.037595908,25.57544757,3.458823529,37.59590793
C3181A0478434F1BB8BA4CCA9CF34140,GOST Steel 30GSL GOST 977-88 normalized,GOST,343,589,14,223,200000,77000,0.3,7820,20,343,589,42.6,1.22E-05,85,1.91,0.043861893,25.57544757,4.035294118,43.86189258
73A97B4A72EE4926AD919BC8E77C12A2,GOST Steel 30GSL GOST 977-88 Quenching and cooling in the water,GOST,392,638,13.8,233,200000,77000,0.3,7820,20,392,638,42.6,1.22E-05,85,1.91,0.050127877,25.57544757,4.611764706,50.12787724
9782098AC6D64B268203D3DC74224DDF,GOST Steel 20G1FL GOST 977-88 normalized,GOST,314,510,17,198,200000,77000,0.3,7820,20,314,510,42.6,1.22E-05,85,1.91,0.040153453,25.57544757,3.694117647,40.15345269
B492430CC06E4A67A69DA104CD17756F,GOST Steel 20FL GOST 977-88 normalized,GOST,294,491,18,194,200000,77000,0.3,7820,20,294,491,42.6,1.22E-05,85,1.91,0.037595908,25.57544757,3.458823529,37.59590793
B30FC5F4768E4126AB956770B7A32ECB,GOST Steel 30ChGSFL GOST 977-88 normalized,GOST,392,589,15,223,200000,77000,0.3,7820,20,392,589,42.6,1.22E-05,85,1.91,0.050127877,25.57544757,4.611764706,50.12787724
B1E9617526BD45E890545B6BE6879F5F,GOST Steel 45FL GOST 977-88 normalized,GOST,392,589,12,227,200000,77000,0.3,7820,20,392,589,42.6,1.22E-05,85,1.91,0.050127877,25.57544757,4.611764706,50.12787724
7A201182E0C14697B98F0EBC575D3370,GOST Steel 20ChML GOST 977-88 normalized,GOST,245,441,18,193,215000,83000,0.3,7800,20,245,441,42.6,1.22E-05,85,1.91,0.031410256,27.56410256,2.882352941,31.41025641
AE477A5A32334857A784A79FCE9B6BF1,GOST Steel 20ChMFL GOST 977-88 normalized,GOST,275,491,16,194,200000,77000,0.3,7820,20,275,491,42.6,1.22E-05,85,1.91,0.03516624,25.57544757,3.235294118,35.16624041
209D3A1D23F848A688CE40C15FAE0080,GOST Steel 20GNMFL GOST 977-88 normalized,GOST,491,589,15,226,200000,77000,0.3,7820,20,491,589,42.6,1.22E-05,85,1.91,0.062787724,25.57544757,5.776470588,62.78772379
7809AFC0792E4C5180D169BC6A183CE7,GOST Steel 35ChML GOST 977-88 normalized,GOST,392,589,12,225,215000,83000,0.3,7840,20,392,589,42.6,1.22E-05,85,1.91,0.05,27.42346939,4.611764706,50
0B1874E838AC44439979E75F862553CD,GOST Steel 30ChNML GOST 977-88 normalized,GOST,540,687,12,228,200000,77000,0.3,7820,20,540,687,42.6,1.22E-05,85,1.91,0.069053708,25.57544757,6.352941176,69.05370844
CC32ED58761349D89B8FBB5D9241A0C1,GOST Steel 35ChGSL GOST 977-88 normalized,GOST,343,589,14,227,215000,83000,0.3,7800,20,343,589,42.6,1.22E-05,85,1.91,0.043974359,27.56410256,4.035294118,43.97435897
57CFBD41DD904B5E814F18FDD79298D4,GOST Steel 35ChGSL GOST 977-88 Quenching and cooling in the water,GOST,589,785,12.3,213,215000,83000,0.3,7800,20,589,785,42.6,1.22E-05,85,1.91,0.075512821,27.56410256,6.929411765,75.51282051
3546B74F54694A568AC3B4A91F3CC6E7,GOST Steel 20DChL GOST 977-88 normalized,GOST,392,491,12,208,200000,77000,0.3,7820,20,392,491,42.6,1.22E-05,85,1.91,0.050127877,25.57544757,4.611764706,50.12787724
773C483C7CB64867921A94CC385B114F,GOST Steel 08GDNFL GOST 977-88 normalized,GOST,343,441,18,192,212000,82000,0.29,7820,20,343,441,42.6,1.22E-05,85,1.91,0.043861893,27.10997442,4.035294118,43.86189258
11E67286975E49AA8566B69FFCE929A0,GOST Steel 13ChNDFTL GOST 977-88 normalized,GOST,392,491,18,200,200000,77000,0.3,7820,20,392,491,42.6,1.22E-05,85,1.91,0.050127877,25.57544757,4.611764706,50.12787724
B65B1C9B29924710951B0E6C063A35B6,GOST Steel 12DN2FL GOST 977-88 normalized,GOST,540,638,12,232,200000,77000,0.3,7820,20,540,638,42.6,1.22E-05,85,1.91,0.069053708,25.57544757,6.352941176,69.05370844
BC2276F495DA4B23A9928A1D2A53DCC8,GOST Steel 25L GOST 977-88 Quenched and tempered,GOST,294,491,22,186,205000,79000,0.3,7830,20,294,491,42.6,1.22E-05,85,1.91,0.037547893,26.18135377,3.458823529,37.54789272
0F66978039614AC4BA2804F7D36D1838,GOST Steel 30L GOST 977-88 Quenched and tempered,GOST,294,491,17,194,205000,79000,0.3,7810,20,294,491,42.6,1.22E-05,85,1.91,0.037644046,26.24839949,3.458823529,37.64404609
5054AADF1D3E4F13A681DE851484DC54,GOST Steel 35L GOST 977-88 Quenched and tempered,GOST,343,540,16,207,205000,79000,0.3,7830,20,343,540,42.6,1.22E-05,85,1.91,0.043805875,26.18135377,4.035294118,43.80587484
91EF773D32E54212A723F20A37DFFF52,GOST Steel 40L GOST 977-88 Quenched and tempered,GOST,343,540,14,211,205000,79000,0.3,7810,20,343,540,42.6,1.22E-05,85,1.91,0.043918054,26.24839949,4.035294118,43.91805378
A5F463C5CDAA43C1BD694E73A9DAE4F0,GOST Steel 45L GOST 977-88 Quenched and tempered,GOST,392,589,10,229,205000,79000,0.3,7800,20,392,589,42.6,1.22E-05,85,1.91,0.05025641,26.28205128,4.611764706,50.25641026
F154B136480842A2BB15242DC5232297,GOST Steel 50L GOST 977-88 Quenched and tempered,GOST,392,736,14,228,205000,79000,0.3,7820,20,392,736,42.6,1.22E-05,85,1.91,0.050127877,26.21483376,4.611764706,50.12787724
8DC2CDFE131448958F9DB35792DF9289,GOST Steel 20GL GOST 977-88 Quenched and tempered,GOST,334,530,14,207,205000,79000,0.3,7820,20,334,530,42.6,1.22E-05,85,1.91,0.042710997,26.21483376,3.929411765,42.71099744
002FA3936335435CA4CB5D7D02B2DB1C,GOST Steel 35GL GOST 977-88 Quenched and tempered,GOST,343,589,14,223,200000,77000,0.3,7820,20,343,589,42.6,1.22E-05,85,1.91,0.043861893,25.57544757,4.035294118,43.86189258
1AD0EDAD51484E5FB59A2BA8CC1B377C,GOST Steel 30GSL GOST 977-88 Quenched and tempered,GOST,392,638,14,233,200000,77000,0.3,7820,20,392,638,42.6,1.22E-05,85,1.91,0.050127877,25.57544757,4.611764706,50.12787724
8582CCE0568F49BA8845ED6E989784C1,GOST Steel 30ChGSFL GOST 977-88 Quenched and tempered,GOST,589,785,14,223,200000,77000,0.3,7820,20,589,785,42.6,1.22E-05,85,1.91,0.075319693,25.57544757,6.929411765,75.31969309
6833090567BD40D9BF0F5AFA5EE21117,GOST Steel 30ChGSFL GOST 977-88 Quenched and tempered,GOST,491,687,12,232,200000,77000,0.3,7820,20,491,687,42.6,1.22E-05,85,1.91,0.062787724,25.57544757,5.776470588,62.78772379
55E40B098FBA43F7889F6984F1C2448F,GOST Steel 45FL GOST 977-88 Quenched and tempered,GOST,441,638,10,240,200000,77000,0.3,7820,20,441,638,42.6,1.22E-05,85,1.91,0.056393862,25.57544757,5.188235294,56.39386189
56BFFA9DB7BC43668F4FBE6CC13B4616,GOST Steel 32Ch06L GOST 977-88 Quenched and tempered,GOST,491,638,12,229,205000,79000,0.3,7850,20,491,638,42.6,1.22E-05,85,1.91,0.062547771,26.11464968,5.776470588,62.5477707
D4D9CA9394AF48469111C8EC85835E8C,GOST Steel 20GNMFL GOST 977-88 Quenched and tempered,GOST,589,687,14,225,200000,77000,0.3,7820,20,589,687,42.6,1.22E-05,85,1.91,0.075319693,25.57544757,6.929411765,75.31969309
D97FBB8DD15F45ECBBE1970C6BA4A3A6,GOST Steel 35ChML GOST 977-88 Quenched and tempered,GOST,540,687,12,224,205000,79000,0.3,7840,20,540,687,42.6,1.22E-05,85,1.91,0.068877551,26.14795918,6.352941176,68.87755102
B611BB1A65EF4F13BD4FAE72A2FB1103,GOST Steel 30ChNML GOST 977-88 Quenched and tempered,GOST,638,785,10,223,205000,79000,0.3,7820,20,638,785,42.6,1.22E-05,85,1.91,0.081585678,26.21483376,7.505882353,81.58567775
83E45246C53B414485B7AB90159339E5,GOST Steel 35ChGSL GOST 977-88 Quenched and tempered,GOST,589,785,10,225,205000,79000,0.3,7800,20,589,785,42.6,1.22E-05,85,1.91,0.075512821,26.28205128,6.929411765,75.51282051
45852D361ED24C4C8D9171E4CB6B45A4,GOST Steel 35NGML GOST 977-88 Quenched and tempered,GOST,589,736,12,220,200000,77000,0.3,7820,20,589,736,42.6,1.22E-05,85,1.91,0.075319693,25.57544757,6.929411765,75.31969309
3038FD8A4F0A4986ADB67C3A7BA6E5D1,GOST Steel 20DChL GOST 977-88 Quenched and tempered,GOST,540,638,12,232,200000,77000,0.3,7820,20,540,638,42.6,1.22E-05,85,1.91,0.069053708,25.57544757,6.352941176,69.05370844
BA929E458388462AAC669912D76C7591,GOST Steel 12DN2FL GOST 977-88 Quenched and tempered,GOST,638,785,12,221,200000,77000,0.3,7820,20,638,785,42.6,1.22E-05,85,1.91,0.081585678,25.57544757,7.505882353,81.58567775
0A0A692AC710466CA74AE96A2FE948A7,GOST Steel 12DChN1MFL GOST 977-88 Quenched and tempered,GOST,735,981,10,253,200000,77000,0.3,7820,20,735,981,42.6,1.22E-05,85,1.91,0.09398977,25.57544757,8.647058824,93.98976982
44428BCCC6C34AE0BC73F899DAFC04AC,GOST Steel 23ChGS2MFL GOST 977-88 Quenched and tempered,GOST,1079,1275,6,386,200000,77000,0.3,7820,20,1079,1275,42.6,1.22E-05,85,1.91,0.13797954,25.57544757,12.69411765,137.9795396
7BF622C8A6FC45388AA2CD6DEF2FE2B1,GOST Steel 12Ch7G3SL GOST 977-88 Quenched and tempered,GOST,1079,1324,9,397,200000,77000,0.3,7820,20,1079,1324,42.6,1.22E-05,85,1.91,0.13797954,25.57544757,12.69411765,137.9795396
19E9036B5B7542B09711056EFE5C3398,GOST Steel 25Ch2GNMFL1 GOST 977-88 Quenched and tempered,GOST,491,638,12,236,200000,77000,0.3,7820,20,491,638,42.6,1.22E-05,85,1.91,0.062787724,25.57544757,5.776470588,62.78772379
1B858B601DE54B57AEDBC21774FC6A2E,GOST Steel 25Ch2GNMFL2 GOST 977-88 Quenched and tempered,GOST,1079,1275,5,387,200000,77000,0.3,7820,20,1079,1275,42.6,1.22E-05,85,1.91,0.13797954,25.57544757,12.69411765,137.9795396
8B86F972AB0D4475904ACE1CDB2339E6,GOST Steel 27Ch5GSML GOST 977-88 Quenched and tempered,GOST,1177,1472,5,436,200000,77000,0.3,7820,20,1177,1472,42.6,1.22E-05,85,1.91,0.150511509,25.57544757,13.84705882,150.511509
435458AC71BD4B9D9D9FCBADFAAFA115,GOST Steel 30Ch3S3GML GOST 977-88 Quenched and tempered,GOST,1472,1766,4,494,200000,77000,0.3,7820,20,1472,1766,42.6,1.22E-05,85,1.91,0.188235294,25.57544757,17.31764706,188.2352941
DAED1C09E7AF4E8F961A9A7F41C43C05,GOST Steel 03N12Ch5M3TL GOST 977-88 Quenched and tempered,GOST,1275,1324,8,422,200000,77000,0.3,7820,20,1275,1324,42.6,1.22E-05,85,1.91,0.163043478,25.57544757,15,163.0434783
2238CC7D519648598CC9D364F3589E89,GOST Steel 03N12Ch5M3TJuL GOST 977-88 Quenched and tempered,GOST,1422,1472,8,452,200000,77000,0.3,7820,20,1422,1472,42.6,1.22E-05,85,1.91,0.181841432,25.57544757,16.72941176,181.8414322
75D96A6FC1D14763B0E88ACB8FAC55B2,GOST Steel 40ChL GOST 977-88 Quenching and cooling in the oil,GOST,491,638,13,223,219000,85000,0.29,7840,20,491,638,42.6,1.22E-05,85,1.91,0.062627551,27.93367347,5.776470588,62.62755102
B4E701BB64DE48E1AB6E32623784454A,GOST Steel 50ChFA GOST 14959-79 heat treated,GOST,1080,1270,8,381,206000,80000,0.3,7860,20,1080,1270,42.6,1.22E-05,90,1.91,0.13740458,26.2086514,12,137.4045802
3D081D531A6F42E08D02BBFC82F0BF8F,GOST Steel 55S2 GOST 14959-79 heat treated,GOST,1175,1270,6,396,206000,80000,0.3,7860,20,1175,1270,42.6,1.22E-05,90,1.91,0.149491094,26.2086514,13.05555556,149.4910941
F1F704FCAB7D412B916709CED28F3C1E,GOST Steel 50ChGA GOST 14959-79 heat treated,GOST,1175,1270,7,396,206000,80000,0.3,7860,20,1175,1270,42.6,1.22E-05,90,1.91,0.149491094,26.2086514,13.05555556,149.4910941
9C19D505876947D484F8FEBE0348B361,GOST Steel 50ChGFA GOST 14959-79 heat treated,GOST,1325,1420,6,440,206000,80000,0.3,7860,20,1325,1420,42.6,1.22E-05,90,1.91,0.168575064,26.2086514,14.72222222,168.5750636
378C59F3080F45BD92DB764A3BE3222D,GOST Grey cast iron 10 GOST1412-85,GOST,50,100,13.6,190,90000,36000,0.25,6800,20,50,100,26.9,1.28E-05,85,1.8,0.007352941,13.23529412,0.588235294,7.352941176
359F3D6CC51343B8B468797280C0C33A,GOST Grey cast iron 15 GOST1412-85,GOST,75,150,11.2,210,90000,36000,0.25,7000,20,75,150,26.9,1.28E-05,85,1.8,0.010714286,12.85714286,0.882352941,10.71428571
16B32086564B407F9F97ACE7F7E043B9,GOST Grey cast iron 18 GOST1412-85,GOST,90,180,10.7,218,95000,38000,0.25,7050,20,90,180,26.9,1.28E-05,85,1.8,0.012765957,13.4751773,1.058823529,12.76595745
90587431694643E69859C9144E9777C1,GOST Grey cast iron 20 GOST1412-85,GOST,100,200,9.6,230,100000,40000,0.25,7100,20,100,200,26.9,1.28E-05,85,1.8,0.014084507,14.08450704,1.176470588,14.08450704
2F0C24FD01FC458FA7268473FFCE0717,GOST Grey cast iron 21 GOST1412-85,GOST,105,210,9.9,222,100000,40000,0.25,7150,20,105,210,26.9,1.28E-05,85,1.8,0.014685315,13.98601399,1.235294118,14.68531469
49E038A93B73430F8F749FE2E87DF041,GOST Grey cast iron 24 GOST1412-85,GOST,120,240,10.7,233,105000,42000,0.25,7200,20,120,240,26.9,1.28E-05,85,1.8,0.016666667,14.58333333,1.411764706,16.66666667
E9A1864FDFC24A84A0004B1337C34B1B,GOST Grey cast iron 25 GOST1412-85,GOST,125,250,9.3,245,110000,44000,0.25,7200,20,125,250,26.9,1.28E-05,85,1.8,0.017361111,15.27777778,1.470588235,17.36111111
A4079BA342F0442C8647B1B5293836F9,GOST Grey cast iron 30 GOST1412-85,GOST,150,300,9.3,260,120000,48000,0.25,7300,20,150,300,26.9,1.28E-05,85,1.8,0.020547945,16.43835616,1.764705882,20.54794521
D0607A869A074E79AD2440F15FCE3A6C,GOST Grey cast iron 35 GOST1412-85,GOST,175,350,9.7,275,125000,50000,0.25,7400,20,175,350,26.9,1.28E-05,85,1.8,0.023648649,16.89189189,2.058823529,23.64864865
6522A2E656D74E2D9CAE49358C70D04E,GOST Nodular cast iron 35 GOST7293-85,GOST,220,350,22,155,170000,70000,0.21,7160,20,220,350,23.7,1.35E-05,85,1.8,0.030726257,23.74301676,2.588235294,30.72625698
4908371116314E59919DFBF156C3357D,GOST Nodular cast iron 40 GOST7293-85,GOST,250,400,15,171,170000,70000,0.21,7160,20,250,400,23.7,1.35E-05,85,1.8,0.034916201,23.74301676,2.941176471,34.91620112
84C104060E4B48E0AC702B40F6745DB6,GOST Nodular cast iron 45 GOST7293-85,GOST,310,450,10,182,170000,70000,0.21,7160,20,310,450,23.7,1.35E-05,85,1.8,0.043296089,23.74301676,3.647058824,43.29608939
510F06113FBD46538285DB950924F7EE,GOST Nodular cast iron 50 GOST7293-85,GOST,320,500,7,199,170000,70000,0.21,7160,20,320,500,23.7,1.35E-05,85,1.8,0.044692737,23.74301676,3.764705882,44.69273743
75E4CD3582FC466E8418E37EE88328BC,GOST Nodular cast iron 60 GOST7293-85,GOST,370,600,3,234,180000,75000,0.2,7160,20,370,600,23.7,1.35E-05,85,1.8,0.051675978,25.1396648,4.352941176,51.67597765
9FB21269EF1C41CBBA560ED32905D79C,GOST Nodular cast iron 70 GOST7293-85,GOST,420,700,2,265,180000,75000,0.2,7160,20,420,700,23.7,1.35E-05,85,1.8,0.058659218,25.1396648,4.941176471,58.65921788
BBEA1C4BE76E465698B2DD266AA8AA5C,GOST Nodular cast iron 80 GOST7293-85,GOST,480,800,2,299,180000,75000,0.2,7160,20,480,800,23.7,1.35E-05,85,1.8,0.067039106,25.1396648,5.647058824,67.03910615
5B818D04F5EE44D4A2949CE0FCDB1580,GOST Nodular cast iron 100 GOST7293-85,GOST,700,1000,2,315,185000,77000,0.2,7160,20,700,1000,23.7,1.35E-05,85,1.8,0.097765363,25.83798883,8.235294118,97.76536313
16B1D6A898D9430D9F90DCEAD7AFBB3D,GOST Malleable cast iron 30-6,GOST,170,294,6,131,160000,64000,0.25,7160,20,170,294,26.9,1.28E-05,85,1.8,0.023743017,22.34636872,2,23.74301676
D62CBE05EB014486AEE2C4CB7ED7411A,GOST Malleable cast iron 33-8,GOST,190,323,8,131,160000,64000,0.25,7160,20,190,323,26.9,1.28E-05,85,1.8,0.026536313,22.34636872,2.235294118,26.53631285
E0476B44DF084095AD3C4F5DF1186E0E,GOST Malleable cast iron 35-10,GOST,190,333,10,131,160000,64000,0.25,7160,20,190,333,26.9,1.28E-05,85,1.8,0.026536313,22.34636872,2.235294118,26.53631285
87E3834056014CE3A7C00F7CE69C7179,GOST Malleable cast iron 37-12,GOST,210,362,12,136,160000,64000,0.25,7160,20,210,362,26.9,1.28E-05,85,1.8,0.029329609,22.34636872,2.470588235,29.32960894
74B46BED07944C8AAFB9D037B92CBD2E,GOST Malleable cast iron 45-7,GOST,260,441,7,178,160000,64000,0.25,7160,20,260,441,26.9,1.28E-05,85,1.8,0.036312849,22.34636872,3.058823529,36.31284916
767B09EECFD940DC80E13A5525CA88EA,GOST Malleable cast iron 50-5,GOST,290,490,5,200,160000,64000,0.25,7160,20,290,490,26.9,1.28E-05,85,1.8,0.040502793,22.34636872,3.411764706,40.5027933
960DFBEC653447748E8761C312BBA522,GOST Malleable cast iron 55-4,GOST,325,539,4,216,160000,64000,0.25,7160,20,325,539,26.9,1.28E-05,85,1.8,0.045391061,22.34636872,3.823529412,45.39106145
0824EF2715414C3B8A69801C2CA2FD6B,GOST Malleable cast iron 60-3,GOST,350,588,3,234,160000,64000,0.25,7160,20,350,588,26.9,1.28E-05,85,1.8,0.048882682,22.34636872,4.117647059,48.88268156
687B63FA75DA4B78A46A4F631E2B6486,GOST Malleable cast iron 65-3,GOST,380,637,3,240,160000,64000,0.25,7160,20,380,637,26.9,1.28E-05,85,1.8,0.053072626,22.34636872,4.470588235,53.0726257
C5EBD58F6FCA4E98853A41E00C8295E0,GOST Malleable cast iron 70-2,GOST,410,686,2,263,160000,64000,0.25,7160,20,410,686,26.9,1.28E-05,85,1.8,0.05726257,22.34636872,4.823529412,57.26256983
41D68BECADF84126BD3766E311463381,GOST Malleable cast iron 80-1.5,GOST,470,784,1.5,295,160000,64000,0.25,7160,20,470,784,26.9,1.28E-05,85,1.8,0.065642458,22.34636872,5.529411765,65.6424581
C6EB559ED97E4E6B90352E1BB2F1DCA0,GOST Malleable cast iron 40,GOST,180,400,4,220,160000,64000,0.25,7160,20,180,400,26.9,1.28E-05,85,1.8,0.025139665,22.34636872,2.117647059,25.1396648
8624AB6182104C25907EF2E40B0D904C,NF NF 13MF4,NF,240,360,26,158,206000,80000,0.3,7860,20,240,360,42.6,1.20E-05,68,1.91,0.030534351,26.2086514,3.529411765,30.53435115
81C8B967CECD4C7792BBEA3CD1916F99,NF NF 35MF6,NF,370,630,14,218,206000,80000,0.3,7860,20,370,630,42.6,1.20E-05,68,1.91,0.047073791,26.2086514,5.441176471,47.07379135
273B970D6A2848F7B375CAA3B50BDCE7,NF NF XE,NF,180,270,34,135,206000,80000,0.3,7860,20,180,270,42.6,1.20E-05,68,1.91,0.022900763,26.2086514,2.647058824,22.90076336
A4E34084A66E4888BA1ADE0A4945F876,NF NF ZE,NF,240,270,34,133,206000,80000,0.3,7860,20,240,270,42.6,1.20E-05,68,1.91,0.030534351,26.2086514,3.529411765,30.53435115
4F6B02A5645643F9AD66E12517BF03F8,NF NF ZES,NF,225,270,38,129,206000,80000,0.3,7860,20,225,270,42.6,1.20E-05,68,1.91,0.028625954,26.2086514,3.308823529,28.6259542
926A5E7CA86948B4A4538338D5512194,NF NF A34-2,NF,155,330,27,157,206000,80000,0.3,7860,20,155,330,42.6,1.20E-05,68,1.91,0.019720102,26.2086514,2.279411765,19.72010178
ECF18B41205A4E518A74699BE37E6195,NF NF A37CP,NF,235,360,26,157,206000,80000,0.3,7860,20,235,360,42.6,1.20E-05,90,1.91,0.029898219,26.2086514,2.611111111,29.89821883
9E7EDC0104F945399A208627A77B80FC,NF NF A42CP,NF,255,410,23,177,206000,80000,0.3,7860,20,255,410,42.6,1.20E-05,90,1.91,0.032442748,26.2086514,2.833333333,32.44274809
500BD88596814FFA84621A76E01B1ADE,NF NF E24-2,NF,215,340,25,162,206000,80000,0.3,7860,20,215,340,42.6,1.20E-05,68,1.91,0.02735369,26.2086514,3.161764706,27.35368957
6997EB67121241B7905C2C7F45102E64,NF NF E24-3,NF,215,340,25,162,206000,80000,0.3,7860,20,215,340,42.6,1.20E-05,68,1.91,0.02735369,26.2086514,3.161764706,27.35368957
0C7D5CE6258242DA9FC0D6D00F4FA6D7,NF NF E28-2,NF,275,400,22,184,206000,80000,0.3,7860,20,275,400,42.6,1.20E-05,68,1.91,0.034987277,26.2086514,4.044117647,34.98727735
9CA148643BA74BF593035B669021839F,NF NF E28-4,NF,255,400,23,179,206000,80000,0.3,7860,20,255,400,42.6,1.20E-05,68,1.91,0.032442748,26.2086514,3.75,32.44274809
492653734E424A3083F53D1278F71099,NF NF A50-2,NF,295,490,19,190,206000,80000,0.3,7860,20,295,490,42.6,1.20E-05,68,1.91,0.037531807,26.2086514,4.338235294,37.53180662
95AEF5B2922F4827B55DFADEC2903E29,NF NF E36-3,NF,355,490,20,184,206000,80000,0.3,7860,20,355,490,42.6,1.20E-05,68,1.91,0.045165394,26.2086514,5.220588235,45.1653944
0A1B3109077F4DB1A2FC2794B75D2EB1,NF NF E36-4,NF,355,490,22,179,206000,80000,0.3,7860,20,355,490,42.6,1.20E-05,68,1.91,0.045165394,26.2086514,5.220588235,45.1653944
A77B87544CEC4750AE6EBC9D644D90BD,NF NF A60-2,NF,335,590,15,215,206000,80000,0.3,7860,20,335,590,42.6,1.20E-05,68,1.91,0.042620865,26.2086514,4.926470588,42.62086514
6AAFE3CC6EB94C4AAA1CA37D35670E27,NF NF A70-2,NF,365,690,10,225,206000,80000,0.3,7860,20,365,690,42.6,1.20E-05,68,1.91,0.046437659,26.2086514,5.367647059,46.43765903
1DBE0753C6944FC693FBA767EE19D331,NF NF XC10,NF,350,490,16,195,206000,80000,0.3,7860,20,350,490,42.6,1.20E-05,90,1.91,0.044529262,26.2086514,3.888888889,44.52926209
805879A506C045CC9FD999C58C570035,NF NF XC12,NF,500,690,11,219,206000,80000,0.3,7860,20,500,690,42.6,1.20E-05,90,1.91,0.063613232,26.2086514,5.555555556,63.61323155
AF4058C54D56458981CF5CAA7AED7614,NF NF XC18,NF,270,440,21,185,206000,80000,0.3,7860,20,270,440,42.6,1.20E-05,90,1.91,0.034351145,26.2086514,3,34.35114504
CBEAEFF8C5904BB0AD6BD048860C8B31,NF NF XC25,NF,305,490,20,187,206000,80000,0.3,7860,20,305,490,42.6,1.20E-05,90,1.91,0.038804071,26.2086514,3.388888889,38.80407125
171AD0D73B894088A6DE42D8DD5F4BC7,NF NF XC32,NF,365,570,18,200,206000,80000,0.3,7860,20,365,570,42.6,1.20E-05,90,1.91,0.046437659,26.2086514,4.055555556,46.43765903
FC96299A8A5A49F39F5A16C7CF6D4E1B,NF NF XC38H1,NF,400,630,17,208,206000,80000,0.3,7860,20,400,630,42.6,1.20E-05,90,1.91,0.050890585,26.2086514,4.444444444,50.89058524
2B2B087AD0634E339949EBFB029F732E,NF NF XC42TS,NF,430,670,16,212,206000,80000,0.3,7860,20,430,670,42.6,1.20E-05,90,1.91,0.054707379,26.2086514,4.777777778,54.70737913
57DF3CC42B604AACAB47611A706042E0,NF NF XC42H1,NF,430,670,16,212,206000,80000,0.3,7860,20,430,670,42.6,1.20E-05,90,1.91,0.054707379,26.2086514,4.777777778,54.70737913
5B0EF16408EA4D5996C2B3CABC58EB55,NF NF XC48H1 heat treated,NF,460,710,15,213,206000,80000,0.3,7860,20,460,710,42.6,1.20E-05,90,1.91,0.058524173,26.2086514,5.111111111,58.52417303
8383AF04ED7B4DAB973C50C6A328AD96,NF NF XC42TS,NF,430,670,16,212,206000,80000,0.3,7860,20,430,670,42.6,1.20E-05,90,1.91,0.054707379,26.2086514,4.777777778,54.70737913
3D29E6F0C69744F3BA5334D03E721D7F,NF NF XC55H1,NF,490,750,14,220,206000,80000,0.3,7860,20,490,750,42.6,1.20E-05,90,1.91,0.062340967,26.2086514,5.444444444,62.34096692
3FA5409570264516A7A9A2C72B53A847,NF NF 52M4TS,NF,410,710,14,215,206000,80000,0.3,7860,20,410,710,42.6,1.20E-05,90,1.91,0.05216285,26.2086514,4.555555556,52.16284987
C85FE7A980DD49DA88D4D6193A9DB3BD,NF NF XC55H1,NF,490,750,14,220,206000,80000,0.3,7860,20,490,750,42.6,1.20E-05,90,1.91,0.062340967,26.2086514,5.444444444,62.34096692
EC37F3FC74C043FCA2105F9A2849480E,NF NF A48CP,NF,290,470,22,181,206000,80000,0.3,7860,20,290,470,42.6,1.20E-05,90,1.91,0.036895674,26.2086514,3.222222222,36.8956743
2A73E8AC51ED4624B1AEB8541310E706,NF NF 35M5,NF,500,670,16,215,206000,80000,0.3,7860,20,500,670,42.6,1.20E-05,90,1.91,0.063613232,26.2086514,5.555555556,63.61323155
DF825B8FAB6A4886A33A9DE53A170A13,NF NF 51S7 heat treated,NF,1350,1500,6,456,206000,80000,0.3,7860,20,1350,1500,42.6,1.20E-05,90,1.91,0.171755725,26.2086514,15,171.7557252
04E58DE9E71C4BF78D727C334A27273B,NF NF 32C4,NF,590,780,14,216,206000,80000,0.3,7860,20,590,780,42.6,1.20E-05,90,1.91,0.075063613,26.2086514,6.555555556,75.06361323
784E2640430B45DC98AD3219EBE887B3,NF NF 38C4,NF,620,830,13,240,206000,80000,0.3,7860,20,620,830,42.6,1.20E-05,90,1.91,0.078880407,26.2086514,6.888888889,78.88040712
73251E953EBF4CBBAB6D5F80E814B135,NF NF 42C4,NF,600,880,12,236,206000,80000,0.3,7860,20,600,880,42.6,1.20E-05,90,1.91,0.076335878,26.2086514,6.666666667,76.33587786
CA8FAEBE9DAA4B07A71F819F19A73A60,NF NF 35CD4TS,NF,715,880,12,237,206000,80000,0.3,7860,20,715,880,42.6,1.20E-05,90,1.91,0.090966921,26.2086514,7.944444444,90.96692112
D3BF80E2D7B0435B9BD52D9AF9C32843,NF NF 42C4TS,NF,685,880,12,235,206000,80000,0.3,7860,20,685,880,42.6,1.20E-05,90,1.91,0.087150127,26.2086514,7.611111111,87.15012723
F50EE4E9BB464916B7664C72651351DD,NF NF 16MC5 case-hardened,NF,700,980,9,243,206000,80000,0.3,7860,20,700,980,42.6,1.20E-05,90,1.91,0.089058524,26.2086514,7.777777778,89.05852417
4384B88F4A69496DB15AD25FF397B987,NF NF 20MC5 case-hardened,NF,850,1200,7,303,206000,80000,0.3,7860,20,850,1200,42.6,1.20E-05,90,1.91,0.108142494,26.2086514,9.444444444,108.1424936
B6883BED822C4B96AB9F733D6CEC3867,NF NF 55C3 heat treated,NF,1180,1370,6,418,206000,80000,0.3,7860,20,1180,1370,42.6,1.20E-05,90,1.91,0.150127226,26.2086514,13.11111111,150.1272265
A449A9B3FFEC4F8E834E602182603AE4,NF NF 15D3,NF,270,440,24,172,206000,80000,0.3,7860,20,270,440,42.6,1.20E-05,90,1.91,0.034351145,26.2086514,3,34.35114504
493669A90D964101ADB5F7E222721A0F,NF NF 15CD405,NF,295,450,20,184,206000,80000,0.3,7860,20,295,450,42.6,1.20E-05,90,1.91,0.037531807,26.2086514,3.277777778,37.53180662
1055AD3803E54A45A453D33C97D56A1C,NF NF 25CD4,NF,600,780,14,216,206000,80000,0.3,7860,20,600,780,42.6,1.20E-05,90,1.91,0.076335878,26.2086514,6.666666667,76.33587786
3F02C0E48F1D4AD2B22AF17180EA5F3C,NF NF 34CD4,NF,700,880,12,237,206000,80000,0.3,7860,20,700,880,42.6,1.20E-05,90,1.91,0.089058524,26.2086514,7.777777778,89.05852417
E48005D9413946F5B05B5C1FB7052F09,NF NF 42CD4 heat treated,NF,770,980,11,240,206000,80000,0.3,7860,20,770,980,42.6,1.20E-05,90,1.91,0.097964377,26.2086514,8.555555556,97.96437659
CA0EE04DEF584D8C87FB31773FD61779,NF NF 42CD4TS face hardened,NF,815,980,11,238,206000,80000,0.3,7860,20,815,980,42.6,1.20E-05,90,1.91,0.103689567,26.2086514,9.055555556,103.6895674
629AD5668F4B41F79CBF5974C27865A2,NF NF 50CV4 heat treated,NF,1125,1320,7,402,206000,80000,0.3,7860,20,1125,1320,42.6,1.20E-05,90,1.91,0.143129771,26.2086514,12.5,143.129771
9A2029B38BE24DA0BFDE7E3B3A679CE6,NF NF 40CAD612 nitrided,NF,720,900,13,241,206000,80000,0.3,7860,20,720,900,42.6,1.20E-05,90,1.91,0.091603053,26.2086514,8,91.60305344
33BE111F10CB43E58663FB92FBBC5C6D,NF NF 30CD12 heat treated,NF,810,1030,10,235,206000,80000,0.3,7860,20,810,1030,42.6,1.20E-05,90,1.91,0.103053435,26.2086514,9,103.0534351
997848CD492E4D53AD288A91E36EC0D3,NF NF 30CD12 nitrided,NF,770,980,11,240,206000,80000,0.3,7860,20,770,980,42.6,1.20E-05,90,1.91,0.097964377,26.2086514,8.555555556,97.96437659
00AE0B08C7184E1BB0A20E1B73100DAC,NF NF 16NC6 case-hardened,NF,800,1100,9,243,206000,80000,0.3,7860,20,800,1100,42.6,1.20E-05,90,1.91,0.10178117,26.2086514,8.888888889,101.7811705
5CDE4EA017454F3891AEFE820E48674F,NF NF 18NCD6 case-hardened,NF,850,1200,8,302,206000,80000,0.3,7860,20,850,1200,42.6,1.20E-05,90,1.91,0.108142494,26.2086514,9.444444444,108.1424936
0466BBAAD38E4DBF83A8D68F4DEB8420,NF NF 30CND8 heat treated,NF,850,1030,12,239,206000,80000,0.3,7860,20,850,1030,42.6,1.20E-05,90,1.91,0.108142494,26.2086514,9.444444444,108.1424936
060E6DD253E14BB29E8D876EE8729C77,NF NF Z6C13,NF,225,420,20,184,206000,80000,0.3,7860,20,225,420,42.6,1.20E-05,217.831,1.91,0.028625954,26.2086514,1.032910835,28.6259542
21D4C3E488AC467A83F147C94D297B9C,NF NF Z12C13,NF,440,630,16,216,206000,80000,0.3,7860,20,440,630,42.6,1.20E-05,217.831,1.91,0.055979644,26.2086514,2.019914521,55.97964377
7A28DAD01BCC4E47B4D822916BA75DB6,NF NF Z20C13,NF,540,730,14,215,206000,80000,0.3,7860,20,540,730,42.6,1.20E-05,217.831,1.91,0.06870229,26.2086514,2.478986003,68.70229008
04555AE0F7944934AB49F4BD65ECE485,NF NF Z30C13,NF,635,830,11,239,206000,80000,0.3,7860,20,635,830,42.6,1.20E-05,217.831,1.91,0.080788804,26.2086514,2.915103911,80.78880407
EC51A4A74F44463E881C911EB14178C7,NF NF Z8C17,NF,245,440,18,185,206000,80000,0.3,7860,20,245,440,42.6,1.20E-05,217.831,1.91,0.031170483,26.2086514,1.124725131,31.17048346
BFED92D6523D4167AA447AFCD85F5072,NF NF Z8CA7,NF,240,440,24,174,206000,80000,0.3,7860,20,240,440,42.6,1.20E-05,90,1.91,0.030534351,26.2086514,2.666666667,30.53435115
A4712E15F40C4074A9C3ECE84DEE2608,NF NF Z45CS9,NF,700,900,14,246,206000,80000,0.3,7860,20,700,900,42.6,1.20E-05,90,1.91,0.089058524,26.2086514,7.777777778,89.05852417
8C2AD3EA7AD14D5CAB373ED9D5ACE868,NF NF Z6CA13,NF,225,420,20,184,206000,80000,0.3,7860,20,225,420,42.6,1.20E-05,217.831,1.91,0.028625954,26.2086514,1.032910835,28.6259542
01676EBBB1F042EFA98BA872771B3BF6,NF NF Z10C13,NF,410,590,16,209,206000,80000,0.3,7860,20,410,590,42.6,1.20E-05,90,1.91,0.05216285,26.2086514,4.555555556,52.16284987
19B3B864CE2F46D2917BD4664C14249E,NF NF Z85CDMV1802,NF,800,1000,7,247,206000,80000,0.3,7860,20,800,1000,42.6,1.20E-05,217.831,1.91,0.10178117,26.2086514,3.672571856,101.7811705
4B0780266B1D408EB95C2688CBDEB102,NF NF Z6CN1809,NF,195,510,45,146,206000,80000,0.3,7860,20,195,510,42.6,1.20E-05,217.831,1.91,0.02480916,26.2086514,0.89518939,24.80916031
AAF68F1D36354838BA414DD5A86B7AE4,NF NF Z6CNT1810,NF,205,510,40,145,206000,80000,0.3,7860,20,205,510,42.6,1.20E-05,217.831,1.91,0.026081425,26.2086514,0.941096538,26.08142494
0EBB5EFB5D9B4E72913E9881C2E9814B,NF NF Z6CNT1812,NF,205,510,40,144,206000,80000,0.3,7860,20,205,510,42.6,1.20E-05,90,1.91,0.026081425,26.2086514,2.277777778,26.08142494
9770E5E27C864CEA9B161EC3426F4C75,NF NF Z2CN1810,NF,185,450,45,139,206000,80000,0.3,7860,20,185,450,42.6,1.20E-05,217.831,1.91,0.023536896,26.2086514,0.849282242,23.53689567
336EE4CBB4C74A05ADE8FF5A3BB891A4,NF NF Z15CN2413,NF,240,540,30,157,206000,80000,0.3,7860,20,240,540,42.6,1.20E-05,90,1.91,0.030534351,26.2086514,2.666666667,30.53435115
EBEC197738424256A4585052F34F070B,NF NF Z12NCS3516,NF,240,590,30,165,206000,80000,0.3,7860,20,240,590,42.6,1.20E-05,90,1.91,0.030534351,26.2086514,2.666666667,30.53435115
E02C8EC2F62641F18C1AABF31BAEE50A,NF NF Z12CN2520,NF,240,540,30,157,206000,80000,0.3,7860,20,240,540,42.6,1.20E-05,90,1.91,0.030534351,26.2086514,2.666666667,30.53435115
D11335907A4B4510BC70E33D54967736,NF NF Z12CNS2520,NF,240,540,30,157,206000,80000,0.3,7860,20,240,540,42.6,1.20E-05,90,1.91,0.030534351,26.2086514,2.666666667,30.53435115
B33AC16721584C39A3E8E32D91CD0675,NF NF Z15CN2413,NF,240,540,30,157,206000,80000,0.3,7860,20,240,540,42.6,1.20E-05,90,1.91,0.030534351,26.2086514,2.666666667,30.53435115
0D9C3185ED374C3B8B96377D40966ACC,NF NF Z12CNS2520,NF,240,540,30,157,206000,80000,0.3,7860,20,240,540,42.6,1.20E-05,90,1.91,0.030534351,26.2086514,2.666666667,30.53435115
FA449B42D2BB446F8049AF8003F633FA,NF NF Z6CND1711,NF,205,530,45,149,206000,80000,0.3,7860,20,205,530,42.6,1.20E-05,217.831,1.91,0.026081425,26.2086514,0.941096538,26.08142494
949D4BDBA08E4B8DAF93C6CF33C50147,NF NF Z6CNDT1712,NF,216,490,40,142,206000,80000,0.3,7860,20,216,490,42.6,1.20E-05,217.831,1.91,0.027480916,26.2086514,0.991594401,27.48091603
2D8139E3C74C40799803C80CA98803D2,NF NF Z2CND1712,NF,186,470,45,140,206000,80000,0.3,7860,20,186,470,42.6,1.20E-05,217.831,1.91,0.023664122,26.2086514,0.853872957,23.66412214
4AEB88226BC14E07BDA04DAC9B94B30F,NF NF Z2CND1713,NF,195,480,45,141,206000,80000,0.3,7860,20,195,480,42.6,1.20E-05,217.831,1.91,0.02480916,26.2086514,0.89518939,24.80916031
0A6346969D934CB998FEFC2250A221C8,NF NF Z6CND1712,NF,205,530,45,149,206000,80000,0.3,7860,20,205,530,42.6,1.20E-05,217.831,1.91,0.026081425,26.2086514,0.941096538,26.08142494
70307CBCDAB74DEF9A0AB8B129318C3A,NF NF Z52CMN2109,NF,600,950,8,242,206000,80000,0.3,7860,20,600,950,42.6,1.20E-05,90,1.91,0.076335878,26.2086514,6.666666667,76.33587786
1F7022793F9342B99BF942687CD74843,NF Grey cast iron,NF,150,150,8.4,220,85000,34000,0.25,7160,20,150,150,26.9,1.28E-05,85,1.8,0.020949721,11.87150838,1.764705882,20.94972067
CE5FA787565F424A8F54B07501500EEC,NF Grey cast iron,NF,200,200,8.8,209,85000,34000,0.25,7160,20,200,200,26.9,1.28E-05,85,1.8,0.027932961,11.87150838,2.352941176,27.93296089
5201E2D06852461D8BF61168905148D2,NF Grey cast iron,NF,250,250,9,213,85000,34000,0.25,7160,20,250,250,26.9,1.28E-05,85,1.8,0.034916201,11.87150838,2.941176471,34.91620112
BAFA2D33315647A4940E74811A280523,NF Grey cast iron,NF,300,300,9.1,211,85000,34000,0.25,7160,20,300,300,26.9,1.28E-05,85,1.8,0.041899441,11.87150838,3.529411765,41.89944134
832DC0C9F0A44DCF80676E8786CFAC68,NF Grey cast iron,NF,350,350,8.4,214,85000,34000,0.25,7160,20,350,350,26.9,1.28E-05,85,1.8,0.048882682,11.87150838,4.117647059,48.88268156
8BC84ECD53F64BDF909E167213C951A0,NF Nodular cast iron,NF,320,500,9.1,198,169000,70000,0.2,7160,20,320,500,23.7,1.35E-05,85,1.8,0.044692737,23.60335196,3.764705882,44.69273743
D74C239CD0E44161A6C12E40909A6FC1,NF Nodular cast iron,NF,370,600,6.9,231,169000,70000,0.2,7160,20,370,600,23.7,1.35E-05,85,1.8,0.051675978,23.60335196,4.352941176,51.67597765
FB5801FD2C434341870B833064262563,NF Nodular cast iron,NF,420,700,5.5,257,169000,70000,0.2,7160,20,420,700,23.7,1.35E-05,85,1.8,0.058659218,23.60335196,4.941176471,58.65921788
96C324E568964ABFA8EC6AAFCB82E5DC,NF Nodular cast iron,NF,480,800,5.4,271,169000,70000,0.2,7160,20,480,800,23.7,1.35E-05,85,1.8,0.067039106,23.60335196,5.647058824,67.03910615
573EF7A0920C4898A9EE0BDCC47621E3,NF Malleable cast iron,NF,180,400,4,186,160000,64000,0.27,7160,20,180,400,26.9,1.28E-05,85,1.8,0.025139665,22.34636872,2.117647059,25.1396648
29363DDA42D843F6A20F03575C46B200,NF Malleable cast iron,NF,260,500,4,196,160000,64000,0.27,7160,20,260,500,26.9,1.28E-05,85,1.8,0.036312849,22.34636872,3.058823529,36.31284916
84A5B57AC48042329F772DF2A89A6F9F,JIS JIS SUM22,JIS,375,460,8,203,206000,80000,0.3,7860,20,375,460,42.6,1.20E-05,68,1.91,0.047709924,26.2086514,5.514705882,47.70992366
27F6E3159CDA4745B95206BCE17BBC52,JIS JIS SS330,JIS,195,360,26,159,206000,80000,0.3,7860,20,195,360,42.6,1.20E-05,68,1.91,0.02480916,26.2086514,2.867647059,24.80916031
4FD5F5159E6B441F81C80ECAA09BB227,JIS JIS STKM13B,JIS,305,440,20,183,206000,80000,0.3,7860,20,305,440,42.6,1.20E-05,68,1.91,0.038804071,26.2086514,4.485294118,38.80407125
62FE32693E1747F2A8651EFE6A70CC04,JIS JIS STKM12A,JIS,175,340,35,135,206000,80000,0.3,7860,20,175,340,42.6,1.20E-05,68,1.91,0.022264631,26.2086514,2.573529412,22.26463104
FBFF2B9CDF1B4703802F31A2B95A3D6D,JIS JIS STKM12C,JIS,355,470,20,183,206000,80000,0.3,7860,20,355,470,42.6,1.20E-05,68,1.91,0.045165394,26.2086514,5.220588235,45.1653944
25FCBEC50DD548CB8303419974A2389B,JIS JIS SS400,JIS,235,400,21.3,189,206000,80000,0.3,7860,20,235,400,42.6,1.20E-05,68,1.91,0.029898219,26.2086514,3.455882353,29.89821883
72FB776E349D4D6382425785236CEE04,JIS JIS SS490,JIS,275,490,19,190,206000,80000,0.3,7860,20,275,490,42.6,1.20E-05,68,1.91,0.034987277,26.2086514,4.044117647,34.98727735
2CABD25535754213AAE34AE590B7DBE4,JIS JIS SM52OC,JIS,335,520,19,193,206000,80000,0.3,7860,20,335,520,42.6,1.20E-05,68,1.91,0.042620865,26.2086514,4.926470588,42.62086514
45A488DE794A40FFB99F591916C651BE,JIS JIS SM52OB,JIS,335,520,19,193,206000,80000,0.3,7860,20,335,520,42.6,1.20E-05,68,1.91,0.042620865,26.2086514,4.926470588,42.62086514
28C9E1477A1B44A29477C36EDC5E9863,JIS JIS STKM16A,JIS,325,510,20,188,206000,80000,0.3,7860,20,325,510,42.6,1.20E-05,68,1.91,0.041348601,26.2086514,4.779411765,41.34860051
E971D3F29E1847238635244DD653AA16,JIS JIS STKM16C,JIS,460,620,12,222,206000,80000,0.3,7860,20,460,620,42.6,1.20E-05,68,1.91,0.058524173,26.2086514,6.764705882,58.52417303
C384299AD405495E8A23922207BC711D,JIS JIS SM570,JIS,450,570,20,199,206000,80000,0.3,7860,20,450,570,42.6,1.20E-05,68,1.91,0.057251908,26.2086514,6.617647059,57.2519084
96107C1A28904BDF81A513A5BC342B7F,JIS JIS S10C,JIS,300,420,16,185,206000,80000,0.3,7860,20,300,420,42.6,1.20E-05,90,1.91,0.038167939,26.2086514,3.333333333,38.16793893
EC968BA8A3924971913CA54B8FBDDC3A,JIS JIS S15C,JIS,340,440,12,193,206000,80000,0.3,7860,20,340,440,42.6,1.20E-05,90,1.91,0.043256997,26.2086514,3.777777778,43.25699746
949808FE81AD4CD6AFF6D2C6FAF00222,JIS JIS S22C,JIS,250,420,22,184,206000,80000,0.3,7860,20,250,420,42.6,1.20E-05,90,1.91,0.031806616,26.2086514,2.777777778,31.80661578
6C5059A1445E4BE79AFFEE7AC364E777,JIS JIS S25C,JIS,300,480,21,184,206000,80000,0.3,7860,20,300,480,42.6,1.20E-05,90,1.91,0.038167939,26.2086514,3.333333333,38.16793893
64ACC014EA604B75BB439221025F94BA,JIS JIS S30C,JIS,340,540,20,188,206000,80000,0.3,7860,20,340,540,42.6,1.20E-05,90,1.91,0.043256997,26.2086514,3.777777778,43.25699746
7234FA7A51714F27B041AD6F1240BCE2,JIS JIS S35C,JIS,370,600,19,194,206000,80000,0.3,7860,20,370,600,42.6,1.20E-05,90,1.91,0.047073791,26.2086514,4.111111111,47.07379135
DA7D5B2D89424CB88E032E8F14F6A2BD,JIS JIS S40C,JIS,400,630,18,204,206000,80000,0.3,7860,20,400,630,42.6,1.20E-05,90,1.91,0.050890585,26.2086514,4.444444444,50.89058524
DC184B0FF63C4791A4214B153B61D0BF,JIS JIS S45C,JIS,430,650,16,214,206000,80000,0.3,7860,20,430,650,42.6,1.20E-05,90,1.91,0.054707379,26.2086514,4.777777778,54.70737913
0A9241E8035D4A608024121C94F61CF2,JIS JIS S50C,JIS,460,700,15,213,206000,80000,0.3,7860,20,460,700,42.6,1.20E-05,90,1.91,0.058524173,26.2086514,5.111111111,58.52417303
317167E0CF49482893DE8D074141FA85,JIS JIS S55C,JIS,500,750,14,219,206000,80000,0.3,7860,20,500,750,42.6,1.20E-05,90,1.91,0.063613232,26.2086514,5.555555556,63.61323155
4189EC72A329451283D3B07C61C179E9,JIS JIS S58C,JIS,510,780,13,219,206000,80000,0.3,7860,20,510,780,42.6,1.20E-05,90,1.91,0.064885496,26.2086514,5.666666667,64.88549618
365E2A99044045F0999F29F58D45B207,JIS JIS SMn433,JIS,490,700,15,214,206000,80000,0.3,7860,20,490,700,42.6,1.20E-05,90,1.91,0.062340967,26.2086514,5.444444444,62.34096692
6351DF6BAAB34E12B4DF7F7B7FFE6E95,JIS JIS SCr430,JIS,570,770,14,216,206000,80000,0.3,7860,20,570,770,42.6,1.20E-05,90,1.91,0.072519084,26.2086514,6.333333333,72.51908397
7F837835F76E4AC498C97362AD3B3A0D,JIS JIS SCr435,JIS,600,800,13,224,206000,80000,0.3,7860,20,600,800,42.6,1.20E-05,90,1.91,0.076335878,26.2086514,6.666666667,76.33587786
975966BAA97E49E389DFF6053A64A5F7,JIS JIS SCr440,JIS,640,880,12,238,206000,80000,0.3,7860,20,640,880,42.6,1.20E-05,90,1.91,0.081424936,26.2086514,7.111111111,81.42493639
BCBB45125B8F4221B558041B51A5F7CB,JIS JIS SMnC420,JIS,680,980,8,245,206000,80000,0.3,7860,20,680,980,42.6,1.20E-05,90,1.91,0.086513995,26.2086514,7.555555556,86.51399491
EE5CCFBA6A894DC182FF60C8862DA43E,JIS JIS SUP9 heat treated,JIS,1079,1226,9,361,206000,80000,0.3,7860,20,1079,1226,42.6,1.20E-05,90,1.91,0.137277354,26.2086514,11.98888889,137.2773537
4934B8795B784840936AC0AB862B495E,JIS JIS SCM430,JIS,630,830,13,242,206000,80000,0.3,7860,20,630,830,42.6,1.20E-05,90,1.91,0.080152672,26.2086514,7,80.15267176
F743BD558296479285D99874027B2B46,JIS JIS SCM435,JIS,660,880,12,239,206000,80000,0.3,7860,20,660,880,42.6,1.20E-05,90,1.91,0.083969466,26.2086514,7.333333333,83.96946565
4A854143030C479E883A8EEC733C7D82,JIS JIS SCM440,JIS,735,930,11,237,206000,80000,0.3,7860,20,735,930,42.6,1.20E-05,90,1.91,0.09351145,26.2086514,8.166666667,93.51145038
E001CCC3CE2C4AAA9253F61C7A529BFC,JIS JIS SCM445,JIS,680,860,12,248,206000,80000,0.3,7860,20,680,860,42.6,1.20E-05,90,1.91,0.086513995,26.2086514,7.555555556,86.51399491
246BFE5B80D744C8B05EFACE150CF829,JIS JIS SUP10,JIS,1079,1226,10,361,206000,80000,0.3,7860,20,1079,1226,42.6,1.20E-05,90,1.91,0.137277354,26.2086514,11.98888889,137.2773537
30334525EB2C48A782D5DB170CB2326F,JIS JIS SNC815,JIS,680,930,10,237,206000,80000,0.3,7860,20,680,930,42.6,1.20E-05,90,1.91,0.086513995,26.2086514,7.555555556,86.51399491
54F6674CB72F465C8D8E1CC5B86D7000,JIS JIS SNCM815,JIS,800,1100,9,243,206000,80000,0.3,7860,20,800,1100,42.6,1.20E-05,90,1.91,0.10178117,26.2086514,8.888888889,101.7811705
A164112854AA482BBC92DAD34B921CA7,JIS JIS SNCM447,JIS,900,1100,10,254,206000,80000,0.3,7860,20,900,1100,42.6,1.20E-05,90,1.91,0.114503817,26.2086514,10,114.5038168
0B70C2A36C4F43FB81DA06EC5E6B6D74,JIS JIS SNCM630,JIS,1000,1200,9,333,206000,80000,0.3,7860,20,1000,1200,42.6,1.20E-05,90,1.91,0.127226463,26.2086514,11.11111111,127.2264631
BFC77E56419445E2912EE11EEF61B603,JIS JIS SUS403,JIS,392,588,25,177,206000,80000,0.3,7860,20,392,588,42.6,1.20E-05,217.831,1.91,0.049872774,26.2086514,1.79956021,49.87277354
0BD88296A1234E8AAF72F46BC5CE5AA6,JIS JIS SUS405,JIS,177,412,20,190,206000,80000,0.3,7860,20,177,412,42.6,1.20E-05,217.831,1.91,0.022519084,26.2086514,0.812556523,22.51908397
5A9511B9BF3845B3BA57053D27017330,JIS JIS SUS410,JIS,343,539,25,170,206000,80000,0.3,7860,20,343,539,42.6,1.20E-05,230,1.91,0.043638677,26.2086514,1.491304348,43.63867684
660B259F0FF544658C6DF771B5023075,JIS JIS SUS420J1,JIS,441,637,20,206,206000,80000,0.3,7860,20,441,637,42.6,1.20E-05,217.831,1.91,0.05610687,26.2086514,2.024505236,56.10687023
3F31BCD9146043B3AFAD5694A6A3AAD5,JIS JIS SUS420J2,JIS,539,735,12,216,206000,80000,0.3,7860,20,539,735,42.6,1.20E-05,217.831,1.91,0.068575064,26.2086514,2.474395288,68.57506361
E3B2F49211F347E3AE0A24270BD6ED3C,JIS JIS SUS430,JIS,205,430,22,188,206000,80000,0.3,7860,20,205,430,42.6,1.20E-05,175,1.91,0.026081425,26.2086514,1.171428571,26.08142494
935026D873D04E8E8A0CEC6950382B31,JIS JIS SUS431,JIS,588,785,15,223,206000,80000,0.3,7860,20,588,785,42.6,1.20E-05,217.831,1.91,0.07480916,26.2086514,2.699340314,74.80916031
8CE9044C3D91492C8FCE47EF916C9AC5,JIS JIS SUS304,JIS,205,520,40,147,206000,80000,0.3,7860,20,205,520,42.6,1.20E-05,217.831,1.91,0.026081425,26.2086514,0.941096538,26.08142494
1B5CEDFF22BC4E038F06CFEACFCC5A51,JIS JIS SUS303,JIS,205,520,40,147,206000,80000,0.3,7860,20,205,520,42.6,1.20E-05,217.831,1.91,0.026081425,26.2086514,0.941096538,26.08142494
F5F706AC513342E8877C7D43CCC4DCE4,JIS JIS SUS316,JIS,205,520,40,147,206000,80000,0.3,7860,20,205,520,42.6,1.20E-05,230.597,1.91,0.026081425,26.2086514,0.888996821,26.08142494
3F6D20D73891443F80ABA9B2778B45F3,JIS JIS SUS316L,JIS,175,480,40,143,206000,80000,0.3,7860,20,175,480,42.6,1.20E-05,322.5,1.91,0.022264631,26.2086514,0.542635659,22.26463104
83C189AD11584A7AAAFE2F1D0C1507D1,JIS JIS SUS321,JIS,205,520,40,146,206000,80000,0.3,7860,20,205,520,42.6,1.20E-05,310,1.91,0.026081425,26.2086514,0.661290323,26.08142494
FA98CF08227343118E4045B8C2C2BC97,JIS JIS SUS304L,JIS,175,480,40,143,206000,80000,0.3,7860,20,175,480,42.6,1.20E-05,225,1.91,0.022264631,26.2086514,0.777777778,22.26463104
3A8F73A3EC134C5BA72A6597D0D0007D,JIS JIS SUS3093,JIS,205,520,40,146,206000,80000,0.3,7860,20,205,520,42.6,1.20E-05,90,1.91,0.026081425,26.2086514,2.277777778,26.08142494
51BC6B90F8184AFAA0409A8465A5BA9B,JIS JIS SUH1,JIS,685,930,15,251,206000,80000,0.3,7860,20,685,930,42.6,1.20E-05,90,1.91,0.087150127,26.2086514,7.611111111,87.15012723
AC7E5EE7FEAE4945A12C5B7CA7668E43,JIS JIS SUH330,JIS,205,560,40,152,206000,80000,0.3,7860,20,205,560,42.6,1.20E-05,90,1.91,0.026081425,26.2086514,2.277777778,26.08142494
31BA73C9A4E34E4DBF78C950F4C0EA1A,JIS JIS SUH310,JIS,205,590,40,156,206000,80000,0.3,7860,20,205,590,42.6,1.20E-05,90,1.91,0.026081425,26.2086514,2.277777778,26.08142494
F7A9289885CD48DC8F7CE65138DD61A2,JIS JIS SUH35,JIS,560,880,8,238,206000,80000,0.3,7860,20,560,880,42.6,1.20E-05,90,1.91,0.071246819,26.2086514,6.222222222,71.24681934
4CB7C0895D3C4E369E4B87B756F26725,JIS Grey cast iron,JIS,150,150,8.4,220,85000,34000,0.25,7160,20,150,150,26.9,1.28E-05,85,1.8,0.020949721,11.87150838,1.764705882,20.94972067
C56510CA1A514586B57FA1DEDEF9381F,JIS Grey cast iron,JIS,200,200,8.8,209,85000,34000,0.25,7160,20,200,200,26.9,1.28E-05,85,1.8,0.027932961,11.87150838,2.352941176,27.93296089
E954C28700D9457484FBE1A6EC3F7C08,JIS Grey cast iron,JIS,250,250,9,213,85000,34000,0.25,7160,20,250,250,26.9,1.28E-05,85,1.8,0.034916201,11.87150838,2.941176471,34.91620112
5F3EA6C8EE4F4129A1C3D20B8AF50999,JIS Grey cast iron,JIS,300,300,9.1,211,85000,34000,0.25,7160,20,300,300,26.9,1.28E-05,85,1.8,0.041899441,11.87150838,3.529411765,41.89944134
48002D4F94F84AC9B4820173CB6B720B,JIS Grey cast iron,JIS,350,350,8.4,214,85000,34000,0.25,7160,20,350,350,26.9,1.28E-05,85,1.8,0.048882682,11.87150838,4.117647059,48.88268156
FF34D361E5F340F2A9E6595868F01D7B,JIS Nodular cast iron,JIS,320,500,9.1,198,169000,70000,0.2,7160,20,320,500,23.7,1.35E-05,85,1.8,0.044692737,23.60335196,3.764705882,44.69273743
512A80EC21EA416BA2725B38BA8096EF,JIS Nodular cast iron,JIS,370,600,6.9,231,169000,70000,0.2,7160,20,370,600,23.7,1.35E-05,85,1.8,0.051675978,23.60335196,4.352941176,51.67597765
38526441BA8741CA979DBF870D0B8A9B,JIS Nodular cast iron,JIS,420,700,5.5,257,169000,70000,0.2,7160,20,420,700,23.7,1.35E-05,85,1.8,0.058659218,23.60335196,4.941176471,58.65921788
CAC03D7EB1AA45E68EFF92A2EF4C3D9B,JIS Nodular cast iron,JIS,480,800,5.4,271,169000,70000,0.2,7160,20,480,800,23.7,1.35E-05,85,1.8,0.067039106,23.60335196,5.647058824,67.03910615
45C82A36EC644F8BB6170A99ED819B62,JIS Malleable cast iron,JIS,180,400,4,186,160000,64000,0.27,7160,20,180,400,26.9,1.28E-05,85,1.8,0.025139665,22.34636872,2.117647059,25.1396648
BC74F870412F4DDBADDEF1063C1C079F,JIS Malleable cast iron,JIS,260,500,4,196,160000,64000,0.27,7160,20,260,500,26.9,1.28E-05,85,1.8,0.036312849,22.34636872,3.058823529,36.31284916
