Material_Key,Material_Family,India_Availability,Global_Availability,Supplier_Information,Procurement_Risk,Market_Availability_Basis,Market_Evidence_Level,Market_Source
ANSI Steel SAE 1015 as-rolled,Steel,High,High,Established supplier ecosystem; exact supplier list should be verified for the required grade/region,Low,Mature Indian and global supply chain,B,Mahindra Accelo FY2024-25 Annual Report; industry supply-chain evidence
ANSI Steel SAE 1015 normalized,Steel,High,High,Established supplier ecosystem; exact supplier list should be verified for the required grade/region,Low,Mature Indian and global supply chain,B,Mahindra Accelo FY2024-25 Annual Report; industry supply-chain evidence
ANSI Steel SAE 1015 annealed,Steel,High,High,Established supplier ecosystem; exact supplier list should be verified for the required grade/region,Low,Mature Indian and global supply chain,B,Mahindra Accelo FY2024-25 Annual Report; industry supply-chain evidence
ANSI Steel SAE 1020 as-rolled,Steel,High,High,Established supplier ecosystem; exact supplier list should be verified for the required grade/region,Low,Mature Indian and global supply chain,B,Mahindra Accelo FY2024-25 Annual Report; industry supply-chain evidence
ANSI Steel SAE 1020 normalized,Steel,High,High,Established supplier ecosystem; exact supplier list should be verified for the required grade/region,Low,Mature Indian and global supply chain,B,Mahindra Accelo FY2024-25 Annual Report; industry supply-chain evidence
ANSI Steel SAE 1020 annealed,Steel,High,High,Established supplier ecosystem; exact supplier list should be verified for the required grade/region,Low,Mature Indian and global supply chain,B,Mahindra Accelo FY2024-25 Annual Report; industry supply-chain evidence
ANSI Steel SAE 1022 as-rolled,Steel,High,High,Established supplier ecosystem; exact supplier list should be verified for the required grade/region,Low,Mature Indian and global supply chain,B,Mahindra Accelo FY2024-25 Annual Report; industry supply-chain evidence
ANSI Steel SAE 1022 normalized,Steel,High,High,Established supplier ecosystem; exact supplier list should be verified for the required grade/region,Low,Mature Indian and global supply chain,B,Mahindra Accelo FY2024-25 Annual Report; industry supply-chain evidence
ANSI Steel SAE 1022 annealed,Steel,High,High,Established supplier ecosystem; exact supplier list should be verified for the required grade/region,Low,Mature Indian and global supply chain,B,Mahindra Accelo FY2024-25 Annual Report; industry supply-chain evidence
ANSI Steel SAE 1030 as-rolled,Steel,High,High,Established supplier ecosystem; exact supplier list should be verified for the required grade/region,Low,Mature Indian and global supply chain,B,Mahindra Accelo FY2024-25 Annual Report; industry supply-chain evidence
ANSI Steel SAE 1030 normalized,Steel,High,High,Established supplier ecosystem; exact supplier list should be verified for the required grade/region,Low,Mature Indian and global supply chain,B,Mahindra Accelo FY2024-25 Annual Report; industry supply-chain evidence
ANSI Steel SAE 1030 annealed,Steel,High,High,Established supplier ecosystem; exact supplier list should be verified for the required grade/region,Low,Mature Indian and global supply chain,B,Mahindra Accelo FY2024-25 Annual Report; industry supply-chain evidence
ANSI Steel SAE 1030 tempered at 400 F,Steel,High,High,Established supplier ecosystem; exact supplier list should be verified for the required grade/region,Low,Mature Indian and global supply chain,B,Mahindra Accelo FY2024-25 Annual Report; industry supply-chain evidence
ANSI Steel SAE 1040 as-rolled,Steel,High,High,Established supplier ecosystem; exact supplier list should be verified for the required grade/region,Low,Mature Indian and global supply chain,B,Mahindra Accelo FY2024-25 Annual Report; industry supply-chain evidence
ANSI Steel SAE 1040 normalized,Steel,High,High,Established supplier ecosystem; exact supplier list should be verified for the required grade/region,Low,Mature Indian and global supply chain,B,Mahindra Accelo FY2024-25 Annual Report; industry supply-chain evidence
ANSI Steel SAE 1040 annealed,Steel,High,High,Established supplier ecosystem; exact supplier list should be verified for the required grade/region,Low,Mature Indian and global supply chain,B,Mahindra Accelo FY2024-25 Annual Report; industry supply-chain evidence
ANSI Steel SAE 1040 tempered at 400 F,Steel,High,High,Established supplier ecosystem; exact supplier list should be verified for the required grade/region,Low,Mature Indian and global supply chain,B,Mahindra Accelo FY2024-25 Annual Report; industry supply-chain evidence
ANSI Steel SAE 1050 as-rolled,Steel,High,High,Established supplier ecosystem; exact supplier list should be verified for the required grade/region,Low,Mature Indian and global supply chain,B,Mahindra Accelo FY2024-25 Annual Report; industry supply-chain evidence
ANSI Steel SAE 1050 normalized,Steel,High,High,Established supplier ecosystem; exact supplier list should be verified for the required grade/region,Low,Mature Indian and global supply chain,B,Mahindra Accelo FY2024-25 Annual Report; industry supply-chain evidence
ANSI Steel SAE 1050 annealed,Steel,High,High,Established supplier ecosystem; exact supplier list should be verified for the required grade/region,Low,Mature Indian and global supply chain,B,Mahindra Accelo FY2024-25 Annual Report; industry supply-chain evidence
ANSI Steel SAE 1050 tempered at 600 F,Steel,High,High,Established supplier ecosystem; exact supplier list should be verified for the required grade/region,Low,Mature Indian and global supply chain,B,Mahindra Accelo FY2024-25 Annual Report; industry supply-chain evidence
ANSI Steel SAE 1060 as-rolled,Steel,High,High,Established supplier ecosystem; exact supplier list should be verified for the required grade/region,Low,Mature Indian and global supply chain,B,Mahindra Accelo FY2024-25 Annual Report; industry supply-chain evidence
ANSI Steel SAE 1060 normalized,Steel,High,High,Established supplier ecosystem; exact supplier list should be verified for the required grade/region,Low,Mature Indian and global supply chain,B,Mahindra Accelo FY2024-25 Annual Report; industry supply-chain evidence
ANSI Steel SAE 1060 annealed,Steel,High,High,Established supplier ecosystem; exact supplier list should be verified for the required grade/region,Low,Mature Indian and global supply chain,B,Mahindra Accelo FY2024-25 Annual Report; industry supply-chain evidence
ANSI Steel SAE 1060 tempered at 600 F,Steel,High,High,Established supplier ecosystem; exact supplier list should be verified for the required grade/region,Low,Mature Indian and global supply chain,B,Mahindra Accelo FY2024-25 Annual Report; industry supply-chain evidence
ANSI Steel SAE 1080 as-rolled,Steel,High,High,Established supplier ecosystem; exact supplier list should be verified for the required grade/region,Low,Mature Indian and global supply chain,B,Mahindra Accelo FY2024-25 Annual Report; industry supply-chain evidence
ANSI Steel SAE 1080 normalized,Steel,High,High,Established supplier ecosystem; exact supplier list should be verified for the required grade/region,Low,Mature Indian and global supply chain,B,Mahindra Accelo FY2024-25 Annual Report; industry supply-chain evidence
ANSI Steel SAE 1080 annealed,Steel,High,High,Established supplier ecosystem; exact supplier list should be verified for the required grade/region,Low,Mature Indian and global supply chain,B,Mahindra Accelo FY2024-25 Annual Report; industry supply-chain evidence
ANSI Steel SAE 1080 tempered at 600 F,Steel,High,High,Established supplier ecosystem; exact supplier list should be verified for the required grade/region,Low,Mature Indian and global supply chain,B,Mahindra Accelo FY2024-25 Annual Report; industry supply-chain evidence
ANSI Steel SAE 1095 as-rolled,Steel,High,High,Established supplier ecosystem; exact supplier list should be verified for the required grade/region,Low,Mature Indian and global supply chain,B,Mahindra Accelo FY2024-25 Annual Report; industry supply-chain evidence
ANSI Steel SAE 1095 normalized,Steel,High,High,Established supplier ecosystem; exact supplier list should be verified for the required grade/region,Low,Mature Indian and global supply chain,B,Mahindra Accelo FY2024-25 Annual Report; industry supply-chain evidence
ANSI Steel SAE 1095 annealed,Steel,High,High,Established supplier ecosystem; exact supplier list should be verified for the required grade/region,Low,Mature Indian and global supply chain,B,Mahindra Accelo FY2024-25 Annual Report; industry supply-chain evidence
ANSI Steel SAE 1095 tempered at 400 F,Steel,High,High,Established supplier ecosystem; exact supplier list should be verified for the required grade/region,Low,Mature Indian and global supply chain,B,Mahindra Accelo FY2024-25 Annual Report; industry supply-chain evidence
ANSI Steel SAE 1117 as-rolled,Steel,High,High,Established supplier ecosystem; exact supplier list should be verified for the required grade/region,Low,Mature Indian and global supply chain,B,Mahindra Accelo FY2024-25 Annual Report; industry supply-chain evidence
ANSI Steel SAE 1117 normalized,Steel,High,High,Established supplier ecosystem; exact supplier list should be verified for the required grade/region,Low,Mature Indian and global supply chain,B,Mahindra Accelo FY2024-25 Annual Report; industry supply-chain evidence
ANSI Steel SAE 1117 annealed,Steel,High,High,Established supplier ecosystem; exact supplier list should be verified for the required grade/region,Low,Mature Indian and global supply chain,B,Mahindra Accelo FY2024-25 Annual Report; industry supply-chain evidence
ANSI Steel SAE 1118 as-rolled,Steel,High,High,Established supplier ecosystem; exact supplier list should be verified for the required grade/region,Low,Mature Indian and global supply chain,B,Mahindra Accelo FY2024-25 Annual Report; industry supply-chain evidence
ANSI Steel SAE 1118 normalized,Steel,High,High,Established supplier ecosystem; exact supplier list should be verified for the required grade/region,Low,Mature Indian and global supply chain,B,Mahindra Accelo FY2024-25 Annual Report; industry supply-chain evidence
ANSI Steel SAE 1118 annealed,Steel,High,High,Established supplier ecosystem; exact supplier list should be verified for the required grade/region,Low,Mature Indian and global supply chain,B,Mahindra Accelo FY2024-25 Annual Report; industry supply-chain evidence
ANSI Steel SAE 1137 as-rolled,Steel,High,High,Established supplier ecosystem; exact supplier list should be verified for the required grade/region,Low,Mature Indian and global supply chain,B,Mahindra Accelo FY2024-25 Annual Report; industry supply-chain evidence
ANSI Steel SAE 1137 normalized,Steel,High,High,Established supplier ecosystem; exact supplier list should be verified for the required grade/region,Low,Mature Indian and global supply chain,B,Mahindra Accelo FY2024-25 Annual Report; industry supply-chain evidence
ANSI Steel SAE 1137 annealed,Steel,High,High,Established supplier ecosystem; exact supplier list should be verified for the required grade/region,Low,Mature Indian and global supply chain,B,Mahindra Accelo FY2024-25 Annual Report; industry supply-chain evidence
ANSI Steel SAE 1137 tempered at 400 F,Steel,High,High,Established supplier ecosystem; exact supplier list should be verified for the required grade/region,Low,Mature Indian and global supply chain,B,Mahindra Accelo FY2024-25 Annual Report; industry supply-chain evidence
ANSI Steel SAE 1141 as-rolled,Steel,High,High,Established supplier ecosystem; exact supplier list should be verified for the required grade/region,Low,Mature Indian and global supply chain,B,Mahindra Accelo FY2024-25 Annual Report; industry supply-chain evidence
ANSI Steel SAE 1141 normalized,Steel,High,High,Established supplier ecosystem; exact supplier list should be verified for the required grade/region,Low,Mature Indian and global supply chain,B,Mahindra Accelo FY2024-25 Annual Report; industry supply-chain evidence
ANSI Steel SAE 1141 annealed,Steel,High,High,Established supplier ecosystem; exact supplier list should be verified for the required grade/region,Low,Mature Indian and global supply chain,B,Mahindra Accelo FY2024-25 Annual Report; industry supply-chain evidence
ANSI Steel SAE 1141 tempered at 400 F,Steel,High,High,Established supplier ecosystem; exact supplier list should be verified for the required grade/region,Low,Mature Indian and global supply chain,B,Mahindra Accelo FY2024-25 Annual Report; industry supply-chain evidence
ANSI Steel SAE 1144 as-rolled,Steel,High,High,Established supplier ecosystem; exact supplier list should be verified for the required grade/region,Low,Mature Indian and global supply chain,B,Mahindra Accelo FY2024-25 Annual Report; industry supply-chain evidence
ANSI Steel SAE 1144 normalized,Steel,High,High,Established supplier ecosystem; exact supplier list should be verified for the required grade/region,Low,Mature Indian and global supply chain,B,Mahindra Accelo FY2024-25 Annual Report; industry supply-chain evidence
ANSI Steel SAE 1144 annealed,Steel,High,High,Established supplier ecosystem; exact supplier list should be verified for the required grade/region,Low,Mature Indian and global supply chain,B,Mahindra Accelo FY2024-25 Annual Report; industry supply-chain evidence
ANSI Steel SAE 1144 tempered at 400 F,Steel,High,High,Established supplier ecosystem; exact supplier list should be verified for the required grade/region,Low,Mature Indian and global supply chain,B,Mahindra Accelo FY2024-25 Annual Report; industry supply-chain evidence
ANSI Steel SAE 1340 normalized,Steel,High,High,Established supplier ecosystem; exact supplier list should be verified for the required grade/region,Low,Mature Indian and global supply chain,B,Mahindra Accelo FY2024-25 Annual Report; industry supply-chain evidence
ANSI Steel SAE 1340 annealed,Steel,High,High,Established supplier ecosystem; exact supplier list should be verified for the required grade/region,Low,Mature Indian and global supply chain,B,Mahindra Accelo FY2024-25 Annual Report; industry supply-chain evidence
ANSI Steel SAE 1340 tempered at 400 F,Steel,High,High,Established supplier ecosystem; exact supplier list should be verified for the required grade/region,Low,Mature Indian and global supply chain,B,Mahindra Accelo FY2024-25 Annual Report; industry supply-chain evidence
ANSI Steel SAE 3140 normalized,Steel,High,High,Established supplier ecosystem; exact supplier list should be verified for the required grade/region,Low,Mature Indian and global supply chain,B,Mahindra Accelo FY2024-25 Annual Report; industry supply-chain evidence
ANSI Steel SAE 3140 annealed,Steel,High,High,Established supplier ecosystem; exact supplier list should be verified for the required grade/region,Low,Mature Indian and global supply chain,B,Mahindra Accelo FY2024-25 Annual Report; industry supply-chain evidence
ANSI Steel SAE 4037 tempered at 400 F,Steel,High,High,Established supplier ecosystem; exact supplier list should be verified for the required grade/region,Low,Mature Indian and global supply chain,B,Mahindra Accelo FY2024-25 Annual Report; industry supply-chain evidence
ANSI Steel SAE 4042 tempered at 400 F,Steel,High,High,Established supplier ecosystem; exact supplier list should be verified for the required grade/region,Low,Mature Indian and global supply chain,B,Mahindra Accelo FY2024-25 Annual Report; industry supply-chain evidence
ANSI Steel SAE 4130 normalized,Steel,High,High,Established supplier ecosystem; exact supplier list should be verified for the required grade/region,Low,Mature Indian and global supply chain,B,Mahindra Accelo FY2024-25 Annual Report; industry supply-chain evidence
ANSI Steel SAE 4130 annealed,Steel,High,High,Established supplier ecosystem; exact supplier list should be verified for the required grade/region,Low,Mature Indian and global supply chain,B,Mahindra Accelo FY2024-25 Annual Report; industry supply-chain evidence
ANSI Steel SAE 4130 tempered at 400 F,Steel,High,High,Established supplier ecosystem; exact supplier list should be verified for the required grade/region,Low,Mature Indian and global supply chain,B,Mahindra Accelo FY2024-25 Annual Report; industry supply-chain evidence
ANSI Steel SAE 4140 normalized,Steel,High,High,Established supplier ecosystem; exact supplier list should be verified for the required grade/region,Low,Mature Indian and global supply chain,B,Mahindra Accelo FY2024-25 Annual Report; industry supply-chain evidence
ANSI Steel SAE 4140 annealed,Steel,High,High,Established supplier ecosystem; exact supplier list should be verified for the required grade/region,Low,Mature Indian and global supply chain,B,Mahindra Accelo FY2024-25 Annual Report; industry supply-chain evidence
ANSI Steel SAE 4140 tempered at 400 F,Steel,High,High,Established supplier ecosystem; exact supplier list should be verified for the required grade/region,Low,Mature Indian and global supply chain,B,Mahindra Accelo FY2024-25 Annual Report; industry supply-chain evidence
ANSI Steel SAE 4150 normalized,Steel,High,High,Established supplier ecosystem; exact supplier list should be verified for the required grade/region,Low,Mature Indian and global supply chain,B,Mahindra Accelo FY2024-25 Annual Report; industry supply-chain evidence
ANSI Steel SAE 4150 annealed,Steel,High,High,Established supplier ecosystem; exact supplier list should be verified for the required grade/region,Low,Mature Indian and global supply chain,B,Mahindra Accelo FY2024-25 Annual Report; industry supply-chain evidence
ANSI Steel SAE 4150 tempered at 400 F,Steel,High,High,Established supplier ecosystem; exact supplier list should be verified for the required grade/region,Low,Mature Indian and global supply chain,B,Mahindra Accelo FY2024-25 Annual Report; industry supply-chain evidence
ANSI Steel SAE 4320 normalized,Steel,High,High,Established supplier ecosystem; exact supplier list should be verified for the required grade/region,Low,Mature Indian and global supply chain,B,Mahindra Accelo FY2024-25 Annual Report; industry supply-chain evidence
ANSI Steel SAE 4320 annealed,Steel,High,High,Established supplier ecosystem; exact supplier list should be verified for the required grade/region,Low,Mature Indian and global supply chain,B,Mahindra Accelo FY2024-25 Annual Report; industry supply-chain evidence
ANSI Steel SAE 4340 normalized,Steel,High,High,Established supplier ecosystem; exact supplier list should be verified for the required grade/region,Low,Mature Indian and global supply chain,B,Mahindra Accelo FY2024-25 Annual Report; industry supply-chain evidence
ANSI Steel SAE 4340 annealed,Steel,High,High,Established supplier ecosystem; exact supplier list should be verified for the required grade/region,Low,Mature Indian and global supply chain,B,Mahindra Accelo FY2024-25 Annual Report; industry supply-chain evidence
ANSI Steel SAE 4340 tempered at 400 F,Steel,High,High,Established supplier ecosystem; exact supplier list should be verified for the required grade/region,Low,Mature Indian and global supply chain,B,Mahindra Accelo FY2024-25 Annual Report; industry supply-chain evidence
ANSI Steel SAE 4620 normalized,Steel,High,High,Established supplier ecosystem; exact supplier list should be verified for the required grade/region,Low,Mature Indian and global supply chain,B,Mahindra Accelo FY2024-25 Annual Report; industry supply-chain evidence
ANSI Steel SAE 4620 annealed,Steel,High,High,Established supplier ecosystem; exact supplier list should be verified for the required grade/region,Low,Mature Indian and global supply chain,B,Mahindra Accelo FY2024-25 Annual Report; industry supply-chain evidence
ANSI Steel SAE 4820 normalized,Steel,High,High,Established supplier ecosystem; exact supplier list should be verified for the required grade/region,Low,Mature Indian and global supply chain,B,Mahindra Accelo FY2024-25 Annual Report; industry supply-chain evidence
ANSI Steel SAE 4820 annealed,Steel,High,High,Established supplier ecosystem; exact supplier list should be verified for the required grade/region,Low,Mature Indian and global supply chain,B,Mahindra Accelo FY2024-25 Annual Report; industry supply-chain evidence
ANSI Steel SAE 5046 tempered at 400 F,Steel,High,High,Established supplier ecosystem; exact supplier list should be verified for the required grade/region,Low,Mature Indian and global supply chain,B,Mahindra Accelo FY2024-25 Annual Report; industry supply-chain evidence
ANSI Steel SAE 5130 tempered at 400 F,Steel,High,High,Established supplier ecosystem; exact supplier list should be verified for the required grade/region,Low,Mature Indian and global supply chain,B,Mahindra Accelo FY2024-25 Annual Report; industry supply-chain evidence
ANSI Steel SAE 5140 normalized,Steel,High,High,Established supplier ecosystem; exact supplier list should be verified for the required grade/region,Low,Mature Indian and global supply chain,B,Mahindra Accelo FY2024-25 Annual Report; industry supply-chain evidence
ANSI Steel SAE 5140 annealed,Steel,High,High,Established supplier ecosystem; exact supplier list should be verified for the required grade/region,Low,Mature Indian and global supply chain,B,Mahindra Accelo FY2024-25 Annual Report; industry supply-chain evidence
ANSI Steel SAE 5140 tempered at 400 F,Steel,High,High,Established supplier ecosystem; exact supplier list should be verified for the required grade/region,Low,Mature Indian and global supply chain,B,Mahindra Accelo FY2024-25 Annual Report; industry supply-chain evidence
ANSI Steel SAE 5150 normalized,Steel,High,High,Established supplier ecosystem; exact supplier list should be verified for the required grade/region,Low,Mature Indian and global supply chain,B,Mahindra Accelo FY2024-25 Annual Report; industry supply-chain evidence
ANSI Steel SAE 5150 annealed,Steel,High,High,Established supplier ecosystem; exact supplier list should be verified for the required grade/region,Low,Mature Indian and global supply chain,B,Mahindra Accelo FY2024-25 Annual Report; industry supply-chain evidence
ANSI Steel SAE 5150 tempered at 400 F,Steel,High,High,Established supplier ecosystem; exact supplier list should be verified for the required grade/region,Low,Mature Indian and global supply chain,B,Mahindra Accelo FY2024-25 Annual Report; industry supply-chain evidence
ANSI Steel SAE 5160 normalized,Steel,High,High,Established supplier ecosystem; exact supplier list should be verified for the required grade/region,Low,Mature Indian and global supply chain,B,Mahindra Accelo FY2024-25 Annual Report; industry supply-chain evidence
ANSI Steel SAE 5160 annealed,Steel,High,High,Established supplier ecosystem; exact supplier list should be verified for the required grade/region,Low,Mature Indian and global supply chain,B,Mahindra Accelo FY2024-25 Annual Report; industry supply-chain evidence
ANSI Steel SAE 5160 tempered at 400 F,Steel,High,High,Established supplier ecosystem; exact supplier list should be verified for the required grade/region,Low,Mature Indian and global supply chain,B,Mahindra Accelo FY2024-25 Annual Report; industry supply-chain evidence
ANSI Steel SAE 6150 normalized,Steel,High,High,Established supplier ecosystem; exact supplier list should be verified for the required grade/region,Low,Mature Indian and global supply chain,B,Mahindra Accelo FY2024-25 Annual Report; industry supply-chain evidence
ANSI Steel SAE 6150 annealed,Steel,High,High,Established supplier ecosystem; exact supplier list should be verified for the required grade/region,Low,Mature Indian and global supply chain,B,Mahindra Accelo FY2024-25 Annual Report; industry supply-chain evidence
ANSI Steel SAE 6150 tempered at 400 F,Steel,High,High,Established supplier ecosystem; exact supplier list should be verified for the required grade/region,Low,Mature Indian and global supply chain,B,Mahindra Accelo FY2024-25 Annual Report; industry supply-chain evidence
ANSI Steel SAE 8620 normalized,Steel,High,High,Established supplier ecosystem; exact supplier list should be verified for the required grade/region,Low,Mature Indian and global supply chain,B,Mahindra Accelo FY2024-25 Annual Report; industry supply-chain evidence
ANSI Steel SAE 8620 annealed,Steel,High,High,Established supplier ecosystem; exact supplier list should be verified for the required grade/region,Low,Mature Indian and global supply chain,B,Mahindra Accelo FY2024-25 Annual Report; industry supply-chain evidence
ANSI Steel SAE 8630 normalized,Steel,High,High,Established supplier ecosystem; exact supplier list should be verified for the required grade/region,Low,Mature Indian and global supply chain,B,Mahindra Accelo FY2024-25 Annual Report; industry supply-chain evidence
ANSI Steel SAE 8630 annealed,Steel,High,High,Established supplier ecosystem; exact supplier list should be verified for the required grade/region,Low,Mature Indian and global supply chain,B,Mahindra Accelo FY2024-25 Annual Report; industry supply-chain evidence
ANSI Steel SAE 8630 tempered at 400 F,Steel,High,High,Established supplier ecosystem; exact supplier list should be verified for the required grade/region,Low,Mature Indian and global supply chain,B,Mahindra Accelo FY2024-25 Annual Report; industry supply-chain evidence
ANSI Steel SAE 8640 tempered at 400 F,Steel,High,High,Established supplier ecosystem; exact supplier list should be verified for the required grade/region,Low,Mature Indian and global supply chain,B,Mahindra Accelo FY2024-25 Annual Report; industry supply-chain evidence
ANSI Steel SAE 8650 normalized,Steel,High,High,Established supplier ecosystem; exact supplier list should be verified for the required grade/region,Low,Mature Indian and global supply chain,B,Mahindra Accelo FY2024-25 Annual Report; industry supply-chain evidence
ANSI Steel SAE 8650 annealed,Steel,High,High,Established supplier ecosystem; exact supplier list should be verified for the required grade/region,Low,Mature Indian and global supply chain,B,Mahindra Accelo FY2024-25 Annual Report; industry supply-chain evidence
ANSI Steel SAE 8650 tempered at 400 F,Steel,High,High,Established supplier ecosystem; exact supplier list should be verified for the required grade/region,Low,Mature Indian and global supply chain,B,Mahindra Accelo FY2024-25 Annual Report; industry supply-chain evidence
ANSI Steel SAE 8660 tempered at 800 F,Steel,High,High,Established supplier ecosystem; exact supplier list should be verified for the required grade/region,Low,Mature Indian and global supply chain,B,Mahindra Accelo FY2024-25 Annual Report; industry supply-chain evidence
ANSI Steel SAE 8740 normalized,Steel,High,High,Established supplier ecosystem; exact supplier list should be verified for the required grade/region,Low,Mature Indian and global supply chain,B,Mahindra Accelo FY2024-25 Annual Report; industry supply-chain evidence
ANSI Steel SAE 8740 annealed,Steel,High,High,Established supplier ecosystem; exact supplier list should be verified for the required grade/region,Low,Mature Indian and global supply chain,B,Mahindra Accelo FY2024-25 Annual Report; industry supply-chain evidence
ANSI Steel SAE 8740 tempered at 400 F,Steel,High,High,Established supplier ecosystem; exact supplier list should be verified for the required grade/region,Low,Mature Indian and global supply chain,B,Mahindra Accelo FY2024-25 Annual Report; industry supply-chain evidence
ANSI Steel SAE 9255 normalized,Steel,High,High,Established supplier ecosystem; exact supplier list should be verified for the required grade/region,Low,Mature Indian and global supply chain,B,Mahindra Accelo FY2024-25 Annual Report; industry supply-chain evidence
ANSI Steel SAE 9255 annealed,Steel,High,High,Established supplier ecosystem; exact supplier list should be verified for the required grade/region,Low,Mature Indian and global supply chain,B,Mahindra Accelo FY2024-25 Annual Report; industry supply-chain evidence
ANSI Steel SAE 9255 tempered at 400 F,Steel,High,High,Established supplier ecosystem; exact supplier list should be verified for the required grade/region,Low,Mature Indian and global supply chain,B,Mahindra Accelo FY2024-25 Annual Report; industry supply-chain evidence
ANSI Steel SAE 9260 tempered at 800 F,Steel,High,High,Established supplier ecosystem; exact supplier list should be verified for the required grade/region,Low,Mature Indian and global supply chain,B,Mahindra Accelo FY2024-25 Annual Report; industry supply-chain evidence
ANSI Steel SAE 9310 normalized,Steel,High,High,Established supplier ecosystem; exact supplier list should be verified for the required grade/region,Low,Mature Indian and global supply chain,B,Mahindra Accelo FY2024-25 Annual Report; industry supply-chain evidence
ANSI Steel SAE 9310 annealed,Steel,High,High,Established supplier ecosystem; exact supplier list should be verified for the required grade/region,Low,Mature Indian and global supply chain,B,Mahindra Accelo FY2024-25 Annual Report; industry supply-chain evidence
ANSI Steel SAE 30201 annealed,Steel,High,High,Established supplier ecosystem; exact supplier list should be verified for the required grade/region,Low,Mature Indian and global supply chain,B,Mahindra Accelo FY2024-25 Annual Report; industry supply-chain evidence
ANSI Steel SAE 30201 1/4-hard,Steel,High,High,Established supplier ecosystem; exact supplier list should be verified for the required grade/region,Low,Mature Indian and global supply chain,B,Mahindra Accelo FY2024-25 Annual Report; industry supply-chain evidence
ANSI Steel SAE 30201 1/2-hard,Steel,High,High,Established supplier ecosystem; exact supplier list should be verified for the required grade/region,Low,Mature Indian and global supply chain,B,Mahindra Accelo FY2024-25 Annual Report; industry supply-chain evidence
ANSI Steel SAE 30201 3/4-hard,Steel,High,High,Established supplier ecosystem; exact supplier list should be verified for the required grade/region,Low,Mature Indian and global supply chain,B,Mahindra Accelo FY2024-25 Annual Report; industry supply-chain evidence
ANSI Steel SAE 30201 Full-hard,Steel,High,High,Established supplier ecosystem; exact supplier list should be verified for the required grade/region,Low,Mature Indian and global supply chain,B,Mahindra Accelo FY2024-25 Annual Report; industry supply-chain evidence
ANSI Steel SAE 30202 annealed,Steel,High,High,Established supplier ecosystem; exact supplier list should be verified for the required grade/region,Low,Mature Indian and global supply chain,B,Mahindra Accelo FY2024-25 Annual Report; industry supply-chain evidence
ANSI Steel SAE 30202 1/4-hard,Steel,High,High,Established supplier ecosystem; exact supplier list should be verified for the required grade/region,Low,Mature Indian and global supply chain,B,Mahindra Accelo FY2024-25 Annual Report; industry supply-chain evidence
ANSI Steel SAE 30301 annealed,Steel,High,High,Established supplier ecosystem; exact supplier list should be verified for the required grade/region,Low,Mature Indian and global supply chain,B,Mahindra Accelo FY2024-25 Annual Report; industry supply-chain evidence
ANSI Steel SAE 30301 1/4-hard,Steel,High,High,Established supplier ecosystem; exact supplier list should be verified for the required grade/region,Low,Mature Indian and global supply chain,B,Mahindra Accelo FY2024-25 Annual Report; industry supply-chain evidence
ANSI Steel SAE 30301 1/2-hard,Steel,High,High,Established supplier ecosystem; exact supplier list should be verified for the required grade/region,Low,Mature Indian and global supply chain,B,Mahindra Accelo FY2024-25 Annual Report; industry supply-chain evidence
ANSI Steel SAE 30301 3/4-hard,Steel,High,High,Established supplier ecosystem; exact supplier list should be verified for the required grade/region,Low,Mature Indian and global supply chain,B,Mahindra Accelo FY2024-25 Annual Report; industry supply-chain evidence
ANSI Steel SAE 30301 Full-hard,Steel,High,High,Established supplier ecosystem; exact supplier list should be verified for the required grade/region,Low,Mature Indian and global supply chain,B,Mahindra Accelo FY2024-25 Annual Report; industry supply-chain evidence
ANSI Steel SAE 30302 annealed,Steel,High,High,Established supplier ecosystem; exact supplier list should be verified for the required grade/region,Low,Mature Indian and global supply chain,B,Mahindra Accelo FY2024-25 Annual Report; industry supply-chain evidence
ANSI Steel SAE 30302 1/4-hard,Steel,High,High,Established supplier ecosystem; exact supplier list should be verified for the required grade/region,Low,Mature Indian and global supply chain,B,Mahindra Accelo FY2024-25 Annual Report; industry supply-chain evidence
ANSI Steel SAE 30302B annealed,Steel,High,High,Established supplier ecosystem; exact supplier list should be verified for the required grade/region,Low,Mature Indian and global supply chain,B,Mahindra Accelo FY2024-25 Annual Report; industry supply-chain evidence
ANSI Steel SAE 30303 annealed,Steel,High,High,Established supplier ecosystem; exact supplier list should be verified for the required grade/region,Low,Mature Indian and global supply chain,B,Mahindra Accelo FY2024-25 Annual Report; industry supply-chain evidence
ANSI Steel SAE 30304 annealed,Steel,High,High,Established supplier ecosystem; exact supplier list should be verified for the required grade/region,Low,Mature Indian and global supply chain,B,Mahindra Accelo FY2024-25 Annual Report; industry supply-chain evidence
ANSI Steel SAE 30304L annealed,Steel,High,High,Established supplier ecosystem; exact supplier list should be verified for the required grade/region,Low,Mature Indian and global supply chain,B,Mahindra Accelo FY2024-25 Annual Report; industry supply-chain evidence
ANSI Steel SAE 30305 annealed,Steel,High,High,Established supplier ecosystem; exact supplier list should be verified for the required grade/region,Low,Mature Indian and global supply chain,B,Mahindra Accelo FY2024-25 Annual Report; industry supply-chain evidence
ANSI Steel SAE 30308 annealed,Steel,High,High,Established supplier ecosystem; exact supplier list should be verified for the required grade/region,Low,Mature Indian and global supply chain,B,Mahindra Accelo FY2024-25 Annual Report; industry supply-chain evidence
ANSI Steel SAE 30309 annealed,Steel,High,High,Established supplier ecosystem; exact supplier list should be verified for the required grade/region,Low,Mature Indian and global supply chain,B,Mahindra Accelo FY2024-25 Annual Report; industry supply-chain evidence
ANSI Steel SAE 30310 annealed,Steel,High,High,Established supplier ecosystem; exact supplier list should be verified for the required grade/region,Low,Mature Indian and global supply chain,B,Mahindra Accelo FY2024-25 Annual Report; industry supply-chain evidence
ANSI Steel SAE 30314 annealed,Steel,High,High,Established supplier ecosystem; exact supplier list should be verified for the required grade/region,Low,Mature Indian and global supply chain,B,Mahindra Accelo FY2024-25 Annual Report; industry supply-chain evidence
ANSI Steel SAE 30316 annealed,Steel,High,High,Established supplier ecosystem; exact supplier list should be verified for the required grade/region,Low,Mature Indian and global supply chain,B,Mahindra Accelo FY2024-25 Annual Report; industry supply-chain evidence
ANSI Steel SAE 30316L annealed,Steel,High,High,Established supplier ecosystem; exact supplier list should be verified for the required grade/region,Low,Mature Indian and global supply chain,B,Mahindra Accelo FY2024-25 Annual Report; industry supply-chain evidence
ANSI Steel SAE 30317 annealed,Steel,High,High,Established supplier ecosystem; exact supplier list should be verified for the required grade/region,Low,Mature Indian and global supply chain,B,Mahindra Accelo FY2024-25 Annual Report; industry supply-chain evidence
ANSI Steel SAE 30321 annealed,Steel,High,High,Established supplier ecosystem; exact supplier list should be verified for the required grade/region,Low,Mature Indian and global supply chain,B,Mahindra Accelo FY2024-25 Annual Report; industry supply-chain evidence
ANSI Steel SAE 30347 annealed,Steel,High,High,Established supplier ecosystem; exact supplier list should be verified for the required grade/region,Low,Mature Indian and global supply chain,B,Mahindra Accelo FY2024-25 Annual Report; industry supply-chain evidence
ANSI Steel SAE 30348 annealed,Steel,High,High,Established supplier ecosystem; exact supplier list should be verified for the required grade/region,Low,Mature Indian and global supply chain,B,Mahindra Accelo FY2024-25 Annual Report; industry supply-chain evidence
ANSI Steel SAE 51403 annealed,Steel,High,High,Established supplier ecosystem; exact supplier list should be verified for the required grade/region,Low,Mature Indian and global supply chain,B,Mahindra Accelo FY2024-25 Annual Report; industry supply-chain evidence
ANSI Steel SAE 51403 tempered at 400 F,Steel,High,High,Established supplier ecosystem; exact supplier list should be verified for the required grade/region,Low,Mature Indian and global supply chain,B,Mahindra Accelo FY2024-25 Annual Report; industry supply-chain evidence
ANSI Steel SAE 51405 annealed,Steel,High,High,Established supplier ecosystem; exact supplier list should be verified for the required grade/region,Low,Mature Indian and global supply chain,B,Mahindra Accelo FY2024-25 Annual Report; industry supply-chain evidence
ANSI Steel SAE 51410 annealed,Steel,High,High,Established supplier ecosystem; exact supplier list should be verified for the required grade/region,Low,Mature Indian and global supply chain,B,Mahindra Accelo FY2024-25 Annual Report; industry supply-chain evidence
ANSI Steel SAE 51410 tempered at 400 F,Steel,High,High,Established supplier ecosystem; exact supplier list should be verified for the required grade/region,Low,Mature Indian and global supply chain,B,Mahindra Accelo FY2024-25 Annual Report; industry supply-chain evidence
ANSI Steel SAE 51414 annealed,Steel,High,High,Established supplier ecosystem; exact supplier list should be verified for the required grade/region,Low,Mature Indian and global supply chain,B,Mahindra Accelo FY2024-25 Annual Report; industry supply-chain evidence
ANSI Steel SAE 51414 tempered at 400 F,Steel,High,High,Established supplier ecosystem; exact supplier list should be verified for the required grade/region,Low,Mature Indian and global supply chain,B,Mahindra Accelo FY2024-25 Annual Report; industry supply-chain evidence
ANSI Steel SAE 51416 annealed,Steel,High,High,Established supplier ecosystem; exact supplier list should be verified for the required grade/region,Low,Mature Indian and global supply chain,B,Mahindra Accelo FY2024-25 Annual Report; industry supply-chain evidence
ANSI Steel SAE 51416 tempered at 400 F,Steel,High,High,Established supplier ecosystem; exact supplier list should be verified for the required grade/region,Low,Mature Indian and global supply chain,B,Mahindra Accelo FY2024-25 Annual Report; industry supply-chain evidence
ANSI Steel SAE 51420 annealed,Steel,High,High,Established supplier ecosystem; exact supplier list should be verified for the required grade/region,Low,Mature Indian and global supply chain,B,Mahindra Accelo FY2024-25 Annual Report; industry supply-chain evidence
ANSI Steel SAE 51420 tempered at 600 F,Steel,High,High,Established supplier ecosystem; exact supplier list should be verified for the required grade/region,Low,Mature Indian and global supply chain,B,Mahindra Accelo FY2024-25 Annual Report; industry supply-chain evidence
ANSI Steel SAE 51430 annealed,Steel,High,High,Established supplier ecosystem; exact supplier list should be verified for the required grade/region,Low,Mature Indian and global supply chain,B,Mahindra Accelo FY2024-25 Annual Report; industry supply-chain evidence
ANSI Steel SAE 51430F annealed,Steel,High,High,Established supplier ecosystem; exact supplier list should be verified for the required grade/region,Low,Mature Indian and global supply chain,B,Mahindra Accelo FY2024-25 Annual Report; industry supply-chain evidence
ANSI Steel SAE 51431 annealed,Steel,High,High,Established supplier ecosystem; exact supplier list should be verified for the required grade/region,Low,Mature Indian and global supply chain,B,Mahindra Accelo FY2024-25 Annual Report; industry supply-chain evidence
ANSI Steel SAE 51431 tempered at 400 F,Steel,High,High,Established supplier ecosystem; exact supplier list should be verified for the required grade/region,Low,Mature Indian and global supply chain,B,Mahindra Accelo FY2024-25 Annual Report; industry supply-chain evidence
ANSI Steel SAE 51440A annealed,Steel,High,High,Established supplier ecosystem; exact supplier list should be verified for the required grade/region,Low,Mature Indian and global supply chain,B,Mahindra Accelo FY2024-25 Annual Report; industry supply-chain evidence
ANSI Steel SAE 51440A tempered at 600 F,Steel,High,High,Established supplier ecosystem; exact supplier list should be verified for the required grade/region,Low,Mature Indian and global supply chain,B,Mahindra Accelo FY2024-25 Annual Report; industry supply-chain evidence
ANSI Steel SAE 51440C annealed,Steel,High,High,Established supplier ecosystem; exact supplier list should be verified for the required grade/region,Low,Mature Indian and global supply chain,B,Mahindra Accelo FY2024-25 Annual Report; industry supply-chain evidence
ANSI Steel SAE 51440C tempered at 600 F,Steel,High,High,Established supplier ecosystem; exact supplier list should be verified for the required grade/region,Low,Mature Indian and global supply chain,B,Mahindra Accelo FY2024-25 Annual Report; industry supply-chain evidence
ANSI Steel SAE 51446 annealed,Steel,High,High,Established supplier ecosystem; exact supplier list should be verified for the required grade/region,Low,Mature Indian and global supply chain,B,Mahindra Accelo FY2024-25 Annual Report; industry supply-chain evidence
ANSI Steel SAE 51501 annealed,Steel,High,High,Established supplier ecosystem; exact supplier list should be verified for the required grade/region,Low,Mature Indian and global supply chain,B,Mahindra Accelo FY2024-25 Annual Report; industry supply-chain evidence
ANSI Steel SAE 51502 annealed,Steel,High,High,Established supplier ecosystem; exact supplier list should be verified for the required grade/region,Low,Mature Indian and global supply chain,B,Mahindra Accelo FY2024-25 Annual Report; industry supply-chain evidence
ANSI Grey cast iron class 20,Cast iron,High,High,Established supplier ecosystem; exact supplier list should be verified for the required grade/region,Low,Mature foundry and automotive supply chain,C,Class-level market assessment; grade-specific supplier verification required
ANSI Grey cast iron class 25,Cast iron,High,High,Established supplier ecosystem; exact supplier list should be verified for the required grade/region,Low,Mature foundry and automotive supply chain,C,Class-level market assessment; grade-specific supplier verification required
ANSI Grey cast iron class 30,Cast iron,High,High,Established supplier ecosystem; exact supplier list should be verified for the required grade/region,Low,Mature foundry and automotive supply chain,C,Class-level market assessment; grade-specific supplier verification required
ANSI Grey cast iron class 35,Cast iron,High,High,Established supplier ecosystem; exact supplier list should be verified for the required grade/region,Low,Mature foundry and automotive supply chain,C,Class-level market assessment; grade-specific supplier verification required
ANSI Grey cast iron class 40,Cast iron,High,High,Established supplier ecosystem; exact supplier list should be verified for the required grade/region,Low,Mature foundry and automotive supply chain,C,Class-level market assessment; grade-specific supplier verification required
ANSI Grey cast iron class 50,Cast iron,High,High,Established supplier ecosystem; exact supplier list should be verified for the required grade/region,Low,Mature foundry and automotive supply chain,C,Class-level market assessment; grade-specific supplier verification required
ANSI Grey cast iron class 60,Cast iron,High,High,Established supplier ecosystem; exact supplier list should be verified for the required grade/region,Low,Mature foundry and automotive supply chain,C,Class-level market assessment; grade-specific supplier verification required
ANSI Malleable cast iron,Cast iron,High,High,Established supplier ecosystem; exact supplier list should be verified for the required grade/region,Low,Mature foundry and automotive supply chain,C,Class-level market assessment; grade-specific supplier verification required
ANSI Malleable cast iron,Cast iron,High,High,Established supplier ecosystem; exact supplier list should be verified for the required grade/region,Low,Mature foundry and automotive supply chain,C,Class-level market assessment; grade-specific supplier verification required
ANSI Malleable cast iron,Cast iron,High,High,Established supplier ecosystem; exact supplier list should be verified for the required grade/region,Low,Mature foundry and automotive supply chain,C,Class-level market assessment; grade-specific supplier verification required
ANSI Malleable cast iron,Cast iron,High,High,Established supplier ecosystem; exact supplier list should be verified for the required grade/region,Low,Mature foundry and automotive supply chain,C,Class-level market assessment; grade-specific supplier verification required
ANSI Nodular cast iron,Cast iron,High,High,Established supplier ecosystem; exact supplier list should be verified for the required grade/region,Low,Mature foundry and automotive supply chain,C,Class-level market assessment; grade-specific supplier verification required
ANSI Nodular cast iron,Cast iron,High,High,Established supplier ecosystem; exact supplier list should be verified for the required grade/region,Low,Mature foundry and automotive supply chain,C,Class-level market assessment; grade-specific supplier verification required
ANSI Nodular cast iron,Cast iron,High,High,Established supplier ecosystem; exact supplier list should be verified for the required grade/region,Low,Mature foundry and automotive supply chain,C,Class-level market assessment; grade-specific supplier verification required
ANSI Nodular cast iron,Cast iron,High,High,Established supplier ecosystem; exact supplier list should be verified for the required grade/region,Low,Mature foundry and automotive supply chain,C,Class-level market assessment; grade-specific supplier verification required
ANSI Copper Alloy C80100,Copper alloys,High,High,Established supplier ecosystem; exact supplier list should be verified for the required grade/region,Low,Established industrial supply chain,C,Class-level market assessment; grade-specific supplier verification required
ANSI High-Copper Alloy C81300,Copper alloys,High,High,Established supplier ecosystem; exact supplier list should be verified for the required grade/region,Low,Established industrial supply chain,C,Class-level market assessment; grade-specific supplier verification required
ANSI High-Copper Alloy C81500,Copper alloys,High,High,Established supplier ecosystem; exact supplier list should be verified for the required grade/region,Low,Established industrial supply chain,C,Class-level market assessment; grade-specific supplier verification required
ANSI High-Copper Alloy C81700,Copper alloys,High,High,Established supplier ecosystem; exact supplier list should be verified for the required grade/region,Low,Established industrial supply chain,C,Class-level market assessment; grade-specific supplier verification required
ANSI Red brass C83300,Copper alloys,High,High,Established supplier ecosystem; exact supplier list should be verified for the required grade/region,Low,Established industrial supply chain,C,Class-level market assessment; grade-specific supplier verification required
ANSI Red brass C83400,Copper alloys,High,High,Established supplier ecosystem; exact supplier list should be verified for the required grade/region,Low,Established industrial supply chain,C,Class-level market assessment; grade-specific supplier verification required
ANSI Red brass C83600,Copper alloys,High,High,Established supplier ecosystem; exact supplier list should be verified for the required grade/region,Low,Established industrial supply chain,C,Class-level market assessment; grade-specific supplier verification required
ANSI Red brass C83800,Copper alloys,High,High,Established supplier ecosystem; exact supplier list should be verified for the required grade/region,Low,Established industrial supply chain,C,Class-level market assessment; grade-specific supplier verification required
ANSI Semi-red Brass C84200,Copper alloys,High,High,Established supplier ecosystem; exact supplier list should be verified for the required grade/region,Low,Established industrial supply chain,C,Class-level market assessment; grade-specific supplier verification required
ANSI Semi-red Brass C84400,Copper alloys,High,High,Established supplier ecosystem; exact supplier list should be verified for the required grade/region,Low,Established industrial supply chain,C,Class-level market assessment; grade-specific supplier verification required
ANSI Semi-red Brass C84500,Copper alloys,High,High,Established supplier ecosystem; exact supplier list should be verified for the required grade/region,Low,Established industrial supply chain,C,Class-level market assessment; grade-specific supplier verification required
ANSI Semi-red Brass C84800,Copper alloys,High,High,Established supplier ecosystem; exact supplier list should be verified for the required grade/region,Low,Established industrial supply chain,C,Class-level market assessment; grade-specific supplier verification required
ANSI Yellow Brass C85200,Copper alloys,High,High,Established supplier ecosystem; exact supplier list should be verified for the required grade/region,Low,Established industrial supply chain,C,Class-level market assessment; grade-specific supplier verification required
ANSI Yellow Brass C85400,Copper alloys,High,High,Established supplier ecosystem; exact supplier list should be verified for the required grade/region,Low,Established industrial supply chain,C,Class-level market assessment; grade-specific supplier verification required
ANSI Yellow Brass C85500,Copper alloys,High,High,Established supplier ecosystem; exact supplier list should be verified for the required grade/region,Low,Established industrial supply chain,C,Class-level market assessment; grade-specific supplier verification required
ANSI Yellow Brass C85700,Copper alloys,High,High,Established supplier ecosystem; exact supplier list should be verified for the required grade/region,Low,Established industrial supply chain,C,Class-level market assessment; grade-specific supplier verification required
ANSI Yellow Brass C85800,Copper alloys,High,High,Established supplier ecosystem; exact supplier list should be verified for the required grade/region,Low,Established industrial supply chain,C,Class-level market assessment; grade-specific supplier verification required
ANSI Manganese Bronze C86100,Copper alloys,High,High,Established supplier ecosystem; exact supplier list should be verified for the required grade/region,Low,Established industrial supply chain,C,Class-level market assessment; grade-specific supplier verification required
ANSI Manganese Bronze C86200,Copper alloys,High,High,Established supplier ecosystem; exact supplier list should be verified for the required grade/region,Low,Established industrial supply chain,C,Class-level market assessment; grade-specific supplier verification required
ANSI Manganese Bronze C86300,Copper alloys,High,High,Established supplier ecosystem; exact supplier list should be verified for the required grade/region,Low,Established industrial supply chain,C,Class-level market assessment; grade-specific supplier verification required
ANSI Manganese Bronze C86400,Copper alloys,High,High,Established supplier ecosystem; exact supplier list should be verified for the required grade/region,Low,Established industrial supply chain,C,Class-level market assessment; grade-specific supplier verification required
ANSI Manganese Bronze C86500,Copper alloys,High,High,Established supplier ecosystem; exact supplier list should be verified for the required grade/region,Low,Established industrial supply chain,C,Class-level market assessment; grade-specific supplier verification required
ANSI Manganese Bronze C86700,Copper alloys,High,High,Established supplier ecosystem; exact supplier list should be verified for the required grade/region,Low,Established industrial supply chain,C,Class-level market assessment; grade-specific supplier verification required
ANSI Manganese Bronze C86800,Copper alloys,High,High,Established supplier ecosystem; exact supplier list should be verified for the required grade/region,Low,Established industrial supply chain,C,Class-level market assessment; grade-specific supplier verification required
ANSI Silicon Brass C87200,Copper alloys,High,High,Established supplier ecosystem; exact supplier list should be verified for the required grade/region,Low,Established industrial supply chain,C,Class-level market assessment; grade-specific supplier verification required
ANSI Silicon Bronze C87400,Copper alloys,High,High,Established supplier ecosystem; exact supplier list should be verified for the required grade/region,Low,Established industrial supply chain,C,Class-level market assessment; grade-specific supplier verification required
ANSI Silicon Bronze C87500,Copper alloys,High,High,Established supplier ecosystem; exact supplier list should be verified for the required grade/region,Low,Established industrial supply chain,C,Class-level market assessment; grade-specific supplier verification required
ANSI Silicon Bronze C87600,Copper alloys,High,High,Established supplier ecosystem; exact supplier list should be verified for the required grade/region,Low,Established industrial supply chain,C,Class-level market assessment; grade-specific supplier verification required
ANSI Silicon Bronze C87800,Copper alloys,High,High,Established supplier ecosystem; exact supplier list should be verified for the required grade/region,Low,Established industrial supply chain,C,Class-level market assessment; grade-specific supplier verification required
ANSI Silicon Bronze C87900,Copper alloys,High,High,Established supplier ecosystem; exact supplier list should be verified for the required grade/region,Low,Established industrial supply chain,C,Class-level market assessment; grade-specific supplier verification required
ANSI Tin Bronze C90200,Copper alloys,High,High,Established supplier ecosystem; exact supplier list should be verified for the required grade/region,Low,Established industrial supply chain,C,Class-level market assessment; grade-specific supplier verification required
ANSI Tin Bronze C90300,Copper alloys,High,High,Established supplier ecosystem; exact supplier list should be verified for the required grade/region,Low,Established industrial supply chain,C,Class-level market assessment; grade-specific supplier verification required
ANSI Tin Bronze C90500,Copper alloys,High,High,Established supplier ecosystem; exact supplier list should be verified for the required grade/region,Low,Established industrial supply chain,C,Class-level market assessment; grade-specific supplier verification required
ANSI Tin Bronze C90700,Copper alloys,High,High,Established supplier ecosystem; exact supplier list should be verified for the required grade/region,Low,Established industrial supply chain,C,Class-level market assessment; grade-specific supplier verification required
ANSI Tin Bronze C90900,Copper alloys,High,High,Established supplier ecosystem; exact supplier list should be verified for the required grade/region,Low,Established industrial supply chain,C,Class-level market assessment; grade-specific supplier verification required
ANSI Tin Bronze C91000,Copper alloys,High,High,Established supplier ecosystem; exact supplier list should be verified for the required grade/region,Low,Established industrial supply chain,C,Class-level market assessment; grade-specific supplier verification required
ANSI Tin Bronze C91100,Copper alloys,High,High,Established supplier ecosystem; exact supplier list should be verified for the required grade/region,Low,Established industrial supply chain,C,Class-level market assessment; grade-specific supplier verification required
ANSI Tin Bronze C91300,Copper alloys,High,High,Established supplier ecosystem; exact supplier list should be verified for the required grade/region,Low,Established industrial supply chain,C,Class-level market assessment; grade-specific supplier verification required
ANSI Tin Bronze C91600,Copper alloys,High,High,Established supplier ecosystem; exact supplier list should be verified for the required grade/region,Low,Established industrial supply chain,C,Class-level market assessment; grade-specific supplier verification required
ANSI Tin Bronze C91700,Copper alloys,High,High,Established supplier ecosystem; exact supplier list should be verified for the required grade/region,Low,Established industrial supply chain,C,Class-level market assessment; grade-specific supplier verification required
ANSI Leaded Tin Bronze C92200,Copper alloys,High,High,Established supplier ecosystem; exact supplier list should be verified for the required grade/region,Low,Established industrial supply chain,C,Class-level market assessment; grade-specific supplier verification required
ANSI Leaded Tin Bronze C92300,Copper alloys,High,High,Established supplier ecosystem; exact supplier list should be verified for the required grade/region,Low,Established industrial supply chain,C,Class-level market assessment; grade-specific supplier verification required
ANSI Leaded Tin Bronze C92500,Copper alloys,High,High,Established supplier ecosystem; exact supplier list should be verified for the required grade/region,Low,Established industrial supply chain,C,Class-level market assessment; grade-specific supplier verification required
ANSI Leaded Tin Bronze C92600,Copper alloys,High,High,Established supplier ecosystem; exact supplier list should be verified for the required grade/region,Low,Established industrial supply chain,C,Class-level market assessment; grade-specific supplier verification required
ANSI Leaded Tin Bronze C92700,Copper alloys,High,High,Established supplier ecosystem; exact supplier list should be verified for the required grade/region,Low,Established industrial supply chain,C,Class-level market assessment; grade-specific supplier verification required
ANSI Leaded Tin Bronze C92800,Copper alloys,High,High,Established supplier ecosystem; exact supplier list should be verified for the required grade/region,Low,Established industrial supply chain,C,Class-level market assessment; grade-specific supplier verification required
ANSI Leaded Tin Bronze C92900,Copper alloys,High,High,Established supplier ecosystem; exact supplier list should be verified for the required grade/region,Low,Established industrial supply chain,C,Class-level market assessment; grade-specific supplier verification required
ANSI High Leaded Tin Bronze C93200,Copper alloys,High,High,Established supplier ecosystem; exact supplier list should be verified for the required grade/region,Low,Established industrial supply chain,C,Class-level market assessment; grade-specific supplier verification required
ANSI High Leaded Tin Bronze C93400,Copper alloys,High,High,Established supplier ecosystem; exact supplier list should be verified for the required grade/region,Low,Established industrial supply chain,C,Class-level market assessment; grade-specific supplier verification required
ANSI High Leaded Tin Bronze C93500,Copper alloys,High,High,Established supplier ecosystem; exact supplier list should be verified for the required grade/region,Low,Established industrial supply chain,C,Class-level market assessment; grade-specific supplier verification required
ANSI High Leaded Tin Bronze C93700,Copper alloys,High,High,Established supplier ecosystem; exact supplier list should be verified for the required grade/region,Low,Established industrial supply chain,C,Class-level market assessment; grade-specific supplier verification required
ANSI High Leaded Tin Bronze C93800,Copper alloys,High,High,Established supplier ecosystem; exact supplier list should be verified for the required grade/region,Low,Established industrial supply chain,C,Class-level market assessment; grade-specific supplier verification required
ANSI High Leaded Tin Bronze C93900,Copper alloys,High,High,Established supplier ecosystem; exact supplier list should be verified for the required grade/region,Low,Established industrial supply chain,C,Class-level market assessment; grade-specific supplier verification required
ANSI High Leaded Tin Bronze C94300,Copper alloys,High,High,Established supplier ecosystem; exact supplier list should be verified for the required grade/region,Low,Established industrial supply chain,C,Class-level market assessment; grade-specific supplier verification required
ANSI High Leaded Tin Bronze C94400,Copper alloys,High,High,Established supplier ecosystem; exact supplier list should be verified for the required grade/region,Low,Established industrial supply chain,C,Class-level market assessment; grade-specific supplier verification required
ANSI High Leaded Tin Bronze C94500,Copper alloys,High,High,Established supplier ecosystem; exact supplier list should be verified for the required grade/region,Low,Established industrial supply chain,C,Class-level market assessment; grade-specific supplier verification required
ANSI Nickel-Tin Bronze C94700,Copper alloys,High,High,Established supplier ecosystem; exact supplier list should be verified for the required grade/region,Low,Established industrial supply chain,C,Class-level market assessment; grade-specific supplier verification required
ANSI Nickel-Tin Bronze C94800,Copper alloys,High,High,Established supplier ecosystem; exact supplier list should be verified for the required grade/region,Low,Established industrial supply chain,C,Class-level market assessment; grade-specific supplier verification required
ANSI Aluminum Bronze C95200,Aluminum,High,High,Established supplier ecosystem; exact supplier list should be verified for the required grade/region,Low,Established Indian and global supply chain,B,Mahindra Accelo FY2024-25 Annual Report; industry supply-chain evidence
ANSI Aluminum Bronze C95300,Aluminum,High,High,Established supplier ecosystem; exact supplier list should be verified for the required grade/region,Low,Established Indian and global supply chain,B,Mahindra Accelo FY2024-25 Annual Report; industry supply-chain evidence
ANSI Aluminum Bronze C95400,Aluminum,High,High,Established supplier ecosystem; exact supplier list should be verified for the required grade/region,Low,Established Indian and global supply chain,B,Mahindra Accelo FY2024-25 Annual Report; industry supply-chain evidence
ANSI Aluminum Bronze C95500,Aluminum,High,High,Established supplier ecosystem; exact supplier list should be verified for the required grade/region,Low,Established Indian and global supply chain,B,Mahindra Accelo FY2024-25 Annual Report; industry supply-chain evidence
ANSI Aluminum Bronze C95600,Aluminum,High,High,Established supplier ecosystem; exact supplier list should be verified for the required grade/region,Low,Established Indian and global supply chain,B,Mahindra Accelo FY2024-25 Annual Report; industry supply-chain evidence
ANSI Aluminum Bronze C95700,Aluminum,High,High,Established supplier ecosystem; exact supplier list should be verified for the required grade/region,Low,Established Indian and global supply chain,B,Mahindra Accelo FY2024-25 Annual Report; industry supply-chain evidence
ANSI Aluminum Bronze C95800,Aluminum,High,High,Established supplier ecosystem; exact supplier list should be verified for the required grade/region,Low,Established Indian and global supply chain,B,Mahindra Accelo FY2024-25 Annual Report; industry supply-chain evidence
ANSI Copper-Nickel C96200,Copper alloys,High,High,Established supplier ecosystem; exact supplier list should be verified for the required grade/region,Low,Established industrial supply chain,C,Class-level market assessment; grade-specific supplier verification required
ANSI Copper-Nickel C96300,Copper alloys,High,High,Established supplier ecosystem; exact supplier list should be verified for the required grade/region,Low,Established industrial supply chain,C,Class-level market assessment; grade-specific supplier verification required
ANSI Copper-Nickel C96400,Copper alloys,High,High,Established supplier ecosystem; exact supplier list should be verified for the required grade/region,Low,Established industrial supply chain,C,Class-level market assessment; grade-specific supplier verification required
ANSI Copper-Nickel C96600,Copper alloys,High,High,Established supplier ecosystem; exact supplier list should be verified for the required grade/region,Low,Established industrial supply chain,C,Class-level market assessment; grade-specific supplier verification required
ANSI Nickel Silver C97300,Copper alloys,High,High,Established supplier ecosystem; exact supplier list should be verified for the required grade/region,Low,Established industrial supply chain,C,Class-level market assessment; grade-specific supplier verification required
ANSI Nickel Silver C97400,Copper alloys,High,High,Established supplier ecosystem; exact supplier list should be verified for the required grade/region,Low,Established industrial supply chain,C,Class-level market assessment; grade-specific supplier verification required
ANSI Nickel Silver C97600,Copper alloys,High,High,Established supplier ecosystem; exact supplier list should be verified for the required grade/region,Low,Established industrial supply chain,C,Class-level market assessment; grade-specific supplier verification required
ANSI Nickel Silver C97800,Copper alloys,High,High,Established supplier ecosystem; exact supplier list should be verified for the required grade/region,Low,Established industrial supply chain,C,Class-level market assessment; grade-specific supplier verification required
ANSI Special Alloy C99300,Steel,High,High,Established supplier ecosystem; exact supplier list should be verified for the required grade/region,Low,Mature Indian and global supply chain,B,Mahindra Accelo FY2024-25 Annual Report; industry supply-chain evidence
ANSI Special Alloy C99400,Steel,High,High,Established supplier ecosystem; exact supplier list should be verified for the required grade/region,Low,Mature Indian and global supply chain,B,Mahindra Accelo FY2024-25 Annual Report; industry supply-chain evidence
ANSI Special Alloy C99500,Steel,High,High,Established supplier ecosystem; exact supplier list should be verified for the required grade/region,Low,Mature Indian and global supply chain,B,Mahindra Accelo FY2024-25 Annual Report; industry supply-chain evidence
ANSI Special Alloy C99700,Steel,High,High,Established supplier ecosystem; exact supplier list should be verified for the required grade/region,Low,Mature Indian and global supply chain,B,Mahindra Accelo FY2024-25 Annual Report; industry supply-chain evidence
ANSI Special Alloy C99750,Steel,High,High,Established supplier ecosystem; exact supplier list should be verified for the required grade/region,Low,Mature Indian and global supply chain,B,Mahindra Accelo FY2024-25 Annual Report; industry supply-chain evidence
ANSI Copper Alloy C10100,Copper alloys,High,High,Established supplier ecosystem; exact supplier list should be verified for the required grade/region,Low,Established industrial supply chain,C,Class-level market assessment; grade-specific supplier verification required
ANSI Copper Alloy C15000,Copper alloys,High,High,Established supplier ecosystem; exact supplier list should be verified for the required grade/region,Low,Established industrial supply chain,C,Class-level market assessment; grade-specific supplier verification required
ANSI Copper Alloy C15500,Copper alloys,High,High,Established supplier ecosystem; exact supplier list should be verified for the required grade/region,Low,Established industrial supply chain,C,Class-level market assessment; grade-specific supplier verification required
ANSI Copper Alloy C15715,Copper alloys,High,High,Established supplier ecosystem; exact supplier list should be verified for the required grade/region,Low,Established industrial supply chain,C,Class-level market assessment; grade-specific supplier verification required
ANSI Copper Alloy C15720,Copper alloys,High,High,Established supplier ecosystem; exact supplier list should be verified for the required grade/region,Low,Established industrial supply chain,C,Class-level market assessment; grade-specific supplier verification required
ANSI Copper Alloy C15760,Copper alloys,High,High,Established supplier ecosystem; exact supplier list should be verified for the required grade/region,Low,Established industrial supply chain,C,Class-level market assessment; grade-specific supplier verification required
ANSI Copper Alloy C16200,Copper alloys,High,High,Established supplier ecosystem; exact supplier list should be verified for the required grade/region,Low,Established industrial supply chain,C,Class-level market assessment; grade-specific supplier verification required
ANSI Copper Alloy C16500,Copper alloys,High,High,Established supplier ecosystem; exact supplier list should be verified for the required grade/region,Low,Established industrial supply chain,C,Class-level market assessment; grade-specific supplier verification required
ANSI Copper Alloy C17000,Copper alloys,High,High,Established supplier ecosystem; exact supplier list should be verified for the required grade/region,Low,Established industrial supply chain,C,Class-level market assessment; grade-specific supplier verification required
ANSI Copper Alloy C17300,Copper alloys,High,High,Established supplier ecosystem; exact supplier list should be verified for the required grade/region,Low,Established industrial supply chain,C,Class-level market assessment; grade-specific supplier verification required
ANSI Copper Alloy C17500,Copper alloys,High,High,Established supplier ecosystem; exact supplier list should be verified for the required grade/region,Low,Established industrial supply chain,C,Class-level market assessment; grade-specific supplier verification required
ANSI Copper Alloy C18200,Copper alloys,High,High,Established supplier ecosystem; exact supplier list should be verified for the required grade/region,Low,Established industrial supply chain,C,Class-level market assessment; grade-specific supplier verification required
ANSI Copper Alloy C18900,Copper alloys,High,High,Established supplier ecosystem; exact supplier list should be verified for the required grade/region,Low,Established industrial supply chain,C,Class-level market assessment; grade-specific supplier verification required
ANSI Copper Alloy C19000,Copper alloys,High,High,Established supplier ecosystem; exact supplier list should be verified for the required grade/region,Low,Established industrial supply chain,C,Class-level market assessment; grade-specific supplier verification required
ANSI Copper Alloy C19100,Copper alloys,High,High,Established supplier ecosystem; exact supplier list should be verified for the required grade/region,Low,Established industrial supply chain,C,Class-level market assessment; grade-specific supplier verification required
ANSI Copper Alloy C19200,Copper alloys,High,High,Established supplier ecosystem; exact supplier list should be verified for the required grade/region,Low,Established industrial supply chain,C,Class-level market assessment; grade-specific supplier verification required
ANSI Copper Alloy C19400,Copper alloys,High,High,Established supplier ecosystem; exact supplier list should be verified for the required grade/region,Low,Established industrial supply chain,C,Class-level market assessment; grade-specific supplier verification required
ANSI Copper Alloy C19500,Copper alloys,High,High,Established supplier ecosystem; exact supplier list should be verified for the required grade/region,Low,Established industrial supply chain,C,Class-level market assessment; grade-specific supplier verification required
ANSI Copper Alloy C21000,Copper alloys,High,High,Established supplier ecosystem; exact supplier list should be verified for the required grade/region,Low,Established industrial supply chain,C,Class-level market assessment; grade-specific supplier verification required
ANSI Commercial bronze C22000,Copper alloys,High,High,Established supplier ecosystem; exact supplier list should be verified for the required grade/region,Low,Established industrial supply chain,C,Class-level market assessment; grade-specific supplier verification required
ANSI Red brass C23000,Copper alloys,High,High,Established supplier ecosystem; exact supplier list should be verified for the required grade/region,Low,Established industrial supply chain,C,Class-level market assessment; grade-specific supplier verification required
ANSI Low brass C24000,Copper alloys,High,High,Established supplier ecosystem; exact supplier list should be verified for the required grade/region,Low,Established industrial supply chain,C,Class-level market assessment; grade-specific supplier verification required
ANSI Cartridge brass C26000,Copper alloys,High,High,Established supplier ecosystem; exact supplier list should be verified for the required grade/region,Low,Established industrial supply chain,C,Class-level market assessment; grade-specific supplier verification required
ANSI Yellow brass C26800,Copper alloys,High,High,Established supplier ecosystem; exact supplier list should be verified for the required grade/region,Low,Established industrial supply chain,C,Class-level market assessment; grade-specific supplier verification required
ANSI Muntz metal C28000,Copper alloys,High,High,Established supplier ecosystem; exact supplier list should be verified for the required grade/region,Low,Established industrial supply chain,C,Class-level market assessment; grade-specific supplier verification required
ANSI Leaded commercial bronze C31400,Copper alloys,High,High,Established supplier ecosystem; exact supplier list should be verified for the required grade/region,Low,Established industrial supply chain,C,Class-level market assessment; grade-specific supplier verification required
ANSI Low-leaded brass C33000,Copper alloys,High,High,Established supplier ecosystem; exact supplier list should be verified for the required grade/region,Low,Established industrial supply chain,C,Class-level market assessment; grade-specific supplier verification required
ANSI High-leaded brass C34200,Copper alloys,High,High,Established supplier ecosystem; exact supplier list should be verified for the required grade/region,Low,Established industrial supply chain,C,Class-level market assessment; grade-specific supplier verification required
ANSI Medium-leaded brass C35000,Copper alloys,High,High,Established supplier ecosystem; exact supplier list should be verified for the required grade/region,Low,Established industrial supply chain,C,Class-level market assessment; grade-specific supplier verification required
ANSI Leaded Muntz metal C36500 As hot rolled,Copper alloys,High,High,Established supplier ecosystem; exact supplier list should be verified for the required grade/region,Low,Established industrial supply chain,C,Class-level market assessment; grade-specific supplier verification required
ANSI Architectural bronze C38500 As extruded,Copper alloys,High,High,Established supplier ecosystem; exact supplier list should be verified for the required grade/region,Low,Established industrial supply chain,C,Class-level market assessment; grade-specific supplier verification required
ANSI Copper Alloy C40500,Copper alloys,High,High,Established supplier ecosystem; exact supplier list should be verified for the required grade/region,Low,Established industrial supply chain,C,Class-level market assessment; grade-specific supplier verification required
ANSI Copper Alloy C40800,Copper alloys,High,High,Established supplier ecosystem; exact supplier list should be verified for the required grade/region,Low,Established industrial supply chain,C,Class-level market assessment; grade-specific supplier verification required
ANSI Copper Alloy C41100,Copper alloys,High,High,Established supplier ecosystem; exact supplier list should be verified for the required grade/region,Low,Established industrial supply chain,C,Class-level market assessment; grade-specific supplier verification required
ANSI Copper Alloy C41300,Copper alloys,High,High,Established supplier ecosystem; exact supplier list should be verified for the required grade/region,Low,Established industrial supply chain,C,Class-level market assessment; grade-specific supplier verification required
ANSI Copper Alloy C41500,Copper alloys,High,High,Established supplier ecosystem; exact supplier list should be verified for the required grade/region,Low,Established industrial supply chain,C,Class-level market assessment; grade-specific supplier verification required
ANSI Copper Alloy C42200,Copper alloys,High,High,Established supplier ecosystem; exact supplier list should be verified for the required grade/region,Low,Established industrial supply chain,C,Class-level market assessment; grade-specific supplier verification required
ANSI Copper Alloy C42500,Copper alloys,High,High,Established supplier ecosystem; exact supplier list should be verified for the required grade/region,Low,Established industrial supply chain,C,Class-level market assessment; grade-specific supplier verification required
ANSI Copper Alloy C43000,Copper alloys,High,High,Established supplier ecosystem; exact supplier list should be verified for the required grade/region,Low,Established industrial supply chain,C,Class-level market assessment; grade-specific supplier verification required
ANSI Copper Alloy C43400,Copper alloys,High,High,Established supplier ecosystem; exact supplier list should be verified for the required grade/region,Low,Established industrial supply chain,C,Class-level market assessment; grade-specific supplier verification required
ANSI Copper Alloy C43500,Copper alloys,High,High,Established supplier ecosystem; exact supplier list should be verified for the required grade/region,Low,Established industrial supply chain,C,Class-level market assessment; grade-specific supplier verification required
ANSI Copper Alloy C44300,Copper alloys,High,High,Established supplier ecosystem; exact supplier list should be verified for the required grade/region,Low,Established industrial supply chain,C,Class-level market assessment; grade-specific supplier verification required
ANSI Copper Alloy C46400,Copper alloys,High,High,Established supplier ecosystem; exact supplier list should be verified for the required grade/region,Low,Established industrial supply chain,C,Class-level market assessment; grade-specific supplier verification required
ANSI Copper Alloy C48200,Copper alloys,High,High,Established supplier ecosystem; exact supplier list should be verified for the required grade/region,Low,Established industrial supply chain,C,Class-level market assessment; grade-specific supplier verification required
ANSI Copper Alloy C48500,Copper alloys,High,High,Established supplier ecosystem; exact supplier list should be verified for the required grade/region,Low,Established industrial supply chain,C,Class-level market assessment; grade-specific supplier verification required
ANSI Copper Alloy C50500,Copper alloys,High,High,Established supplier ecosystem; exact supplier list should be verified for the required grade/region,Low,Established industrial supply chain,C,Class-level market assessment; grade-specific supplier verification required
ANSI Copper Alloy C51000,Copper alloys,High,High,Established supplier ecosystem; exact supplier list should be verified for the required grade/region,Low,Established industrial supply chain,C,Class-level market assessment; grade-specific supplier verification required
ANSI Copper Alloy C51100,Copper alloys,High,High,Established supplier ecosystem; exact supplier list should be verified for the required grade/region,Low,Established industrial supply chain,C,Class-level market assessment; grade-specific supplier verification required
ANSI Copper Alloy C52100,Copper alloys,High,High,Established supplier ecosystem; exact supplier list should be verified for the required grade/region,Low,Established industrial supply chain,C,Class-level market assessment; grade-specific supplier verification required
ANSI Copper Alloy C52400,Copper alloys,High,High,Established supplier ecosystem; exact supplier list should be verified for the required grade/region,Low,Established industrial supply chain,C,Class-level market assessment; grade-specific supplier verification required
ANSI Copper Alloy C54400,Copper alloys,High,High,Established supplier ecosystem; exact supplier list should be verified for the required grade/region,Low,Established industrial supply chain,C,Class-level market assessment; grade-specific supplier verification required
ANSI Copper Alloy C60800,Copper alloys,High,High,Established supplier ecosystem; exact supplier list should be verified for the required grade/region,Low,Established industrial supply chain,C,Class-level market assessment; grade-specific supplier verification required
ANSI Copper Alloy C61000,Copper alloys,High,High,Established supplier ecosystem; exact supplier list should be verified for the required grade/region,Low,Established industrial supply chain,C,Class-level market assessment; grade-specific supplier verification required
ANSI Copper Alloy C61300,Copper alloys,High,High,Established supplier ecosystem; exact supplier list should be verified for the required grade/region,Low,Established industrial supply chain,C,Class-level market assessment; grade-specific supplier verification required
ANSI Copper Alloy C61400,Copper alloys,High,High,Established supplier ecosystem; exact supplier list should be verified for the required grade/region,Low,Established industrial supply chain,C,Class-level market assessment; grade-specific supplier verification required
ANSI Copper Alloy C61500,Copper alloys,High,High,Established supplier ecosystem; exact supplier list should be verified for the required grade/region,Low,Established industrial supply chain,C,Class-level market assessment; grade-specific supplier verification required
ANSI Copper Alloy C61800,Copper alloys,High,High,Established supplier ecosystem; exact supplier list should be verified for the required grade/region,Low,Established industrial supply chain,C,Class-level market assessment; grade-specific supplier verification required
ANSI Copper Alloy C61900,Copper alloys,High,High,Established supplier ecosystem; exact supplier list should be verified for the required grade/region,Low,Established industrial supply chain,C,Class-level market assessment; grade-specific supplier verification required
ANSI Copper Alloy C62300,Copper alloys,High,High,Established supplier ecosystem; exact supplier list should be verified for the required grade/region,Low,Established industrial supply chain,C,Class-level market assessment; grade-specific supplier verification required
ANSI Copper Alloy C62400,Copper alloys,High,High,Established supplier ecosystem; exact supplier list should be verified for the required grade/region,Low,Established industrial supply chain,C,Class-level market assessment; grade-specific supplier verification required
ANSI Copper Alloy C62500 As extruded,Copper alloys,High,High,Established supplier ecosystem; exact supplier list should be verified for the required grade/region,Low,Established industrial supply chain,C,Class-level market assessment; grade-specific supplier verification required
ANSI Copper Alloy C63000,Copper alloys,High,High,Established supplier ecosystem; exact supplier list should be verified for the required grade/region,Low,Established industrial supply chain,C,Class-level market assessment; grade-specific supplier verification required
ANSI Copper Alloy C63200,Copper alloys,High,High,Established supplier ecosystem; exact supplier list should be verified for the required grade/region,Low,Established industrial supply chain,C,Class-level market assessment; grade-specific supplier verification required
ANSI Copper Alloy C63800,Copper alloys,High,High,Established supplier ecosystem; exact supplier list should be verified for the required grade/region,Low,Established industrial supply chain,C,Class-level market assessment; grade-specific supplier verification required
ANSI Copper Alloy C64200,Copper alloys,High,High,Established supplier ecosystem; exact supplier list should be verified for the required grade/region,Low,Established industrial supply chain,C,Class-level market assessment; grade-specific supplier verification required
ANSI Copper Alloy C65100,Copper alloys,High,High,Established supplier ecosystem; exact supplier list should be verified for the required grade/region,Low,Established industrial supply chain,C,Class-level market assessment; grade-specific supplier verification required
ANSI Copper Alloy C65500,Copper alloys,High,High,Established supplier ecosystem; exact supplier list should be verified for the required grade/region,Low,Established industrial supply chain,C,Class-level market assessment; grade-specific supplier verification required
ANSI Copper Alloy C66700,Copper alloys,High,High,Established supplier ecosystem; exact supplier list should be verified for the required grade/region,Low,Established industrial supply chain,C,Class-level market assessment; grade-specific supplier verification required
ANSI Copper Alloy C67400,Copper alloys,High,High,Established supplier ecosystem; exact supplier list should be verified for the required grade/region,Low,Established industrial supply chain,C,Class-level market assessment; grade-specific supplier verification required
ANSI Copper Alloy C67500,Copper alloys,High,High,Established supplier ecosystem; exact supplier list should be verified for the required grade/region,Low,Established industrial supply chain,C,Class-level market assessment; grade-specific supplier verification required
ANSI Copper Alloy C68700,Copper alloys,High,High,Established supplier ecosystem; exact supplier list should be verified for the required grade/region,Low,Established industrial supply chain,C,Class-level market assessment; grade-specific supplier verification required
ANSI Copper Alloy C68800,Copper alloys,High,High,Established supplier ecosystem; exact supplier list should be verified for the required grade/region,Low,Established industrial supply chain,C,Class-level market assessment; grade-specific supplier verification required
ANSI Copper Alloy C69000,Copper alloys,High,High,Established supplier ecosystem; exact supplier list should be verified for the required grade/region,Low,Established industrial supply chain,C,Class-level market assessment; grade-specific supplier verification required
ANSI Copper Alloy C69400,Copper alloys,High,High,Established supplier ecosystem; exact supplier list should be verified for the required grade/region,Low,Established industrial supply chain,C,Class-level market assessment; grade-specific supplier verification required
ANSI Copper Alloy C70400,Copper alloys,High,High,Established supplier ecosystem; exact supplier list should be verified for the required grade/region,Low,Established industrial supply chain,C,Class-level market assessment; grade-specific supplier verification required
ANSI Copper Alloy C70600,Copper alloys,High,High,Established supplier ecosystem; exact supplier list should be verified for the required grade/region,Low,Established industrial supply chain,C,Class-level market assessment; grade-specific supplier verification required
ANSI Copper Alloy C71000,Copper alloys,High,High,Established supplier ecosystem; exact supplier list should be verified for the required grade/region,Low,Established industrial supply chain,C,Class-level market assessment; grade-specific supplier verification required
ANSI Copper Alloy C71500,Copper alloys,High,High,Established supplier ecosystem; exact supplier list should be verified for the required grade/region,Low,Established industrial supply chain,C,Class-level market assessment; grade-specific supplier verification required
ANSI Copper Alloy C72200,Copper alloys,High,High,Established supplier ecosystem; exact supplier list should be verified for the required grade/region,Low,Established industrial supply chain,C,Class-level market assessment; grade-specific supplier verification required
ANSI Copper Alloy C72500,Copper alloys,High,High,Established supplier ecosystem; exact supplier list should be verified for the required grade/region,Low,Established industrial supply chain,C,Class-level market assessment; grade-specific supplier verification required
ANSI Copper Alloy C73500,Copper alloys,High,High,Established supplier ecosystem; exact supplier list should be verified for the required grade/region,Low,Established industrial supply chain,C,Class-level market assessment; grade-specific supplier verification required
ANSI Copper Alloy C74500,Copper alloys,High,High,Established supplier ecosystem; exact supplier list should be verified for the required grade/region,Low,Established industrial supply chain,C,Class-level market assessment; grade-specific supplier verification required
ANSI Copper Alloy C75200,Copper alloys,High,High,Established supplier ecosystem; exact supplier list should be verified for the required grade/region,Low,Established industrial supply chain,C,Class-level market assessment; grade-specific supplier verification required
ANSI Copper Alloy C75400,Copper alloys,High,High,Established supplier ecosystem; exact supplier list should be verified for the required grade/region,Low,Established industrial supply chain,C,Class-level market assessment; grade-specific supplier verification required
ANSI Copper Alloy C75700,Copper alloys,High,High,Established supplier ecosystem; exact supplier list should be verified for the required grade/region,Low,Established industrial supply chain,C,Class-level market assessment; grade-specific supplier verification required
ANSI Copper Alloy C76390,Copper alloys,High,High,Established supplier ecosystem; exact supplier list should be verified for the required grade/region,Low,Established industrial supply chain,C,Class-level market assessment; grade-specific supplier verification required
ANSI Copper Alloy C77000,Copper alloys,High,High,Established supplier ecosystem; exact supplier list should be verified for the required grade/region,Low,Established industrial supply chain,C,Class-level market assessment; grade-specific supplier verification required
ANSI Copper Alloy C78200,Copper alloys,High,High,Established supplier ecosystem; exact supplier list should be verified for the required grade/region,Low,Established industrial supply chain,C,Class-level market assessment; grade-specific supplier verification required
ANSI Aluminum Alloy 201.0 Cast (T7),Aluminum,High,High,Established supplier ecosystem; exact supplier list should be verified for the required grade/region,Low,Established Indian and global supply chain,B,Mahindra Accelo FY2024-25 Annual Report; industry supply-chain evidence
ANSI Aluminum Alloy 204.0 Cast (T4),Aluminum,High,High,Established supplier ecosystem; exact supplier list should be verified for the required grade/region,Low,Established Indian and global supply chain,B,Mahindra Accelo FY2024-25 Annual Report; industry supply-chain evidence
ANSI Aluminum Alloy 208.0 Cast (F),Aluminum,High,High,Established supplier ecosystem; exact supplier list should be verified for the required grade/region,Low,Established Indian and global supply chain,B,Mahindra Accelo FY2024-25 Annual Report; industry supply-chain evidence
ANSI Aluminum Alloy 242.0 Cast (T61),Aluminum,High,High,Established supplier ecosystem; exact supplier list should be verified for the required grade/region,Low,Established Indian and global supply chain,B,Mahindra Accelo FY2024-25 Annual Report; industry supply-chain evidence
ANSI Aluminum Alloy 242.0 Cast (T77),Aluminum,High,High,Established supplier ecosystem; exact supplier list should be verified for the required grade/region,Low,Established Indian and global supply chain,B,Mahindra Accelo FY2024-25 Annual Report; industry supply-chain evidence
ANSI Aluminum Alloy 295.0 Cast (T4),Aluminum,High,High,Established supplier ecosystem; exact supplier list should be verified for the required grade/region,Low,Established Indian and global supply chain,B,Mahindra Accelo FY2024-25 Annual Report; industry supply-chain evidence
ANSI Aluminum Alloy 295.0 Cast (T6),Aluminum,High,High,Established supplier ecosystem; exact supplier list should be verified for the required grade/region,Low,Established Indian and global supply chain,B,Mahindra Accelo FY2024-25 Annual Report; industry supply-chain evidence
ANSI Aluminum Alloy 295.0 Cast (T62),Aluminum,High,High,Established supplier ecosystem; exact supplier list should be verified for the required grade/region,Low,Established Indian and global supply chain,B,Mahindra Accelo FY2024-25 Annual Report; industry supply-chain evidence
ANSI Aluminum Alloy 295.0 Cast (T7),Aluminum,High,High,Established supplier ecosystem; exact supplier list should be verified for the required grade/region,Low,Established Indian and global supply chain,B,Mahindra Accelo FY2024-25 Annual Report; industry supply-chain evidence
ANSI Aluminum Alloy 319.0 Cast (F),Aluminum,High,High,Established supplier ecosystem; exact supplier list should be verified for the required grade/region,Low,Established Indian and global supply chain,B,Mahindra Accelo FY2024-25 Annual Report; industry supply-chain evidence
ANSI Aluminum Alloy 319.0 Cast (T6),Aluminum,High,High,Established supplier ecosystem; exact supplier list should be verified for the required grade/region,Low,Established Indian and global supply chain,B,Mahindra Accelo FY2024-25 Annual Report; industry supply-chain evidence
ANSI Aluminum Alloy 328.0 Cast (F),Aluminum,High,High,Established supplier ecosystem; exact supplier list should be verified for the required grade/region,Low,Established Indian and global supply chain,B,Mahindra Accelo FY2024-25 Annual Report; industry supply-chain evidence
ANSI Aluminum Alloy 328.0 Cast (T6),Aluminum,High,High,Established supplier ecosystem; exact supplier list should be verified for the required grade/region,Low,Established Indian and global supply chain,B,Mahindra Accelo FY2024-25 Annual Report; industry supply-chain evidence
ANSI Aluminum Alloy 355.0 Cast (T51),Aluminum,High,High,Established supplier ecosystem; exact supplier list should be verified for the required grade/region,Low,Established Indian and global supply chain,B,Mahindra Accelo FY2024-25 Annual Report; industry supply-chain evidence
ANSI Aluminum Alloy 355.0 Cast (T6),Aluminum,High,High,Established supplier ecosystem; exact supplier list should be verified for the required grade/region,Low,Established Indian and global supply chain,B,Mahindra Accelo FY2024-25 Annual Report; industry supply-chain evidence
ANSI Aluminum Alloy 355.0 Cast (T71),Aluminum,High,High,Established supplier ecosystem; exact supplier list should be verified for the required grade/region,Low,Established Indian and global supply chain,B,Mahindra Accelo FY2024-25 Annual Report; industry supply-chain evidence
ANSI Aluminum Alloy C355.0 Cast (T6),Aluminum,High,High,Established supplier ecosystem; exact supplier list should be verified for the required grade/region,Low,Established Indian and global supply chain,B,Mahindra Accelo FY2024-25 Annual Report; industry supply-chain evidence
ANSI Aluminum Alloy 356.0 Cast (T51),Aluminum,High,High,Established supplier ecosystem; exact supplier list should be verified for the required grade/region,Low,Established Indian and global supply chain,B,Mahindra Accelo FY2024-25 Annual Report; industry supply-chain evidence
ANSI Aluminum Alloy 356.0 Cast (T6),Aluminum,High,High,Established supplier ecosystem; exact supplier list should be verified for the required grade/region,Low,Established Indian and global supply chain,B,Mahindra Accelo FY2024-25 Annual Report; industry supply-chain evidence
ANSI Aluminum Alloy 356.0 Cast (T7),Aluminum,High,High,Established supplier ecosystem; exact supplier list should be verified for the required grade/region,Low,Established Indian and global supply chain,B,Mahindra Accelo FY2024-25 Annual Report; industry supply-chain evidence
ANSI Aluminum Alloy 356.0 Cast (T71),Aluminum,High,High,Established supplier ecosystem; exact supplier list should be verified for the required grade/region,Low,Established Indian and global supply chain,B,Mahindra Accelo FY2024-25 Annual Report; industry supply-chain evidence
ANSI Aluminum Alloy A356.0 Cast (T6),Aluminum,High,High,Established supplier ecosystem; exact supplier list should be verified for the required grade/region,Low,Established Indian and global supply chain,B,Mahindra Accelo FY2024-25 Annual Report; industry supply-chain evidence
ANSI Aluminum Alloy 443.0 Cast (F),Aluminum,High,High,Established supplier ecosystem; exact supplier list should be verified for the required grade/region,Low,Established Indian and global supply chain,B,Mahindra Accelo FY2024-25 Annual Report; industry supply-chain evidence
ANSI Aluminum Alloy B443.0 Cast (F),Aluminum,High,High,Established supplier ecosystem; exact supplier list should be verified for the required grade/region,Low,Established Indian and global supply chain,B,Mahindra Accelo FY2024-25 Annual Report; industry supply-chain evidence
ANSI Aluminum Alloy 512.0 Cast (F),Aluminum,High,High,Established supplier ecosystem; exact supplier list should be verified for the required grade/region,Low,Established Indian and global supply chain,B,Mahindra Accelo FY2024-25 Annual Report; industry supply-chain evidence
ANSI Aluminum Alloy 514.0 Cast (F),Aluminum,High,High,Established supplier ecosystem; exact supplier list should be verified for the required grade/region,Low,Established Indian and global supply chain,B,Mahindra Accelo FY2024-25 Annual Report; industry supply-chain evidence
ANSI Aluminum Alloy 520.0 Cast (T4),Aluminum,High,High,Established supplier ecosystem; exact supplier list should be verified for the required grade/region,Low,Established Indian and global supply chain,B,Mahindra Accelo FY2024-25 Annual Report; industry supply-chain evidence
ANSI Aluminum Alloy 535.0 Cast (F or T5),Aluminum,High,High,Established supplier ecosystem; exact supplier list should be verified for the required grade/region,Low,Established Indian and global supply chain,B,Mahindra Accelo FY2024-25 Annual Report; industry supply-chain evidence
ANSI Aluminum Alloy 705.0 Cast (F or T5),Aluminum,High,High,Established supplier ecosystem; exact supplier list should be verified for the required grade/region,Low,Established Indian and global supply chain,B,Mahindra Accelo FY2024-25 Annual Report; industry supply-chain evidence
ANSI Aluminum Alloy 707.0 Cast (T5),Aluminum,High,High,Established supplier ecosystem; exact supplier list should be verified for the required grade/region,Low,Established Indian and global supply chain,B,Mahindra Accelo FY2024-25 Annual Report; industry supply-chain evidence
ANSI Aluminum Alloy 707.0 Cast (T7),Aluminum,High,High,Established supplier ecosystem; exact supplier list should be verified for the required grade/region,Low,Established Indian and global supply chain,B,Mahindra Accelo FY2024-25 Annual Report; industry supply-chain evidence
ANSI Aluminum Alloy 710.0 Cast (F or T5),Aluminum,High,High,Established supplier ecosystem; exact supplier list should be verified for the required grade/region,Low,Established Indian and global supply chain,B,Mahindra Accelo FY2024-25 Annual Report; industry supply-chain evidence
ANSI Aluminum Alloy 712.0 Cast (F or T5),Aluminum,High,High,Established supplier ecosystem; exact supplier list should be verified for the required grade/region,Low,Established Indian and global supply chain,B,Mahindra Accelo FY2024-25 Annual Report; industry supply-chain evidence
ANSI Aluminum Alloy 713.0 Cast (F or T5),Aluminum,High,High,Established supplier ecosystem; exact supplier list should be verified for the required grade/region,Low,Established Indian and global supply chain,B,Mahindra Accelo FY2024-25 Annual Report; industry supply-chain evidence
ANSI Aluminum Alloy 771.0 Cast (T5),Aluminum,High,High,Established supplier ecosystem; exact supplier list should be verified for the required grade/region,Low,Established Indian and global supply chain,B,Mahindra Accelo FY2024-25 Annual Report; industry supply-chain evidence
ANSI Aluminum Alloy 771.0 Cast (T51),Aluminum,High,High,Established supplier ecosystem; exact supplier list should be verified for the required grade/region,Low,Established Indian and global supply chain,B,Mahindra Accelo FY2024-25 Annual Report; industry supply-chain evidence
ANSI Aluminum Alloy 771.0 Cast (T52),Aluminum,High,High,Established supplier ecosystem; exact supplier list should be verified for the required grade/region,Low,Established Indian and global supply chain,B,Mahindra Accelo FY2024-25 Annual Report; industry supply-chain evidence
ANSI Aluminum Alloy 771.0 Cast (T53),Aluminum,High,High,Established supplier ecosystem; exact supplier list should be verified for the required grade/region,Low,Established Indian and global supply chain,B,Mahindra Accelo FY2024-25 Annual Report; industry supply-chain evidence
ANSI Aluminum Alloy 771.0 Cast (T6),Aluminum,High,High,Established supplier ecosystem; exact supplier list should be verified for the required grade/region,Low,Established Indian and global supply chain,B,Mahindra Accelo FY2024-25 Annual Report; industry supply-chain evidence
ANSI Aluminum Alloy 771.0 Cast (T71),Aluminum,High,High,Established supplier ecosystem; exact supplier list should be verified for the required grade/region,Low,Established Indian and global supply chain,B,Mahindra Accelo FY2024-25 Annual Report; industry supply-chain evidence
ANSI Aluminum Alloy 852.0 Cast (T5),Aluminum,High,High,Established supplier ecosystem; exact supplier list should be verified for the required grade/region,Low,Established Indian and global supply chain,B,Mahindra Accelo FY2024-25 Annual Report; industry supply-chain evidence
ANSI Aluminum Alloy 1060-O Wrought,Aluminum,High,High,Established supplier ecosystem; exact supplier list should be verified for the required grade/region,Low,Established Indian and global supply chain,B,Mahindra Accelo FY2024-25 Annual Report; industry supply-chain evidence
ANSI Aluminum Alloy 1060-H12 Wrought,Aluminum,High,High,Established supplier ecosystem; exact supplier list should be verified for the required grade/region,Low,Established Indian and global supply chain,B,Mahindra Accelo FY2024-25 Annual Report; industry supply-chain evidence
ANSI Aluminum Alloy 1060-H14 Wrought,Aluminum,High,High,Established supplier ecosystem; exact supplier list should be verified for the required grade/region,Low,Established Indian and global supply chain,B,Mahindra Accelo FY2024-25 Annual Report; industry supply-chain evidence
ANSI Aluminum Alloy 1060-H16 Wrought,Aluminum,High,High,Established supplier ecosystem; exact supplier list should be verified for the required grade/region,Low,Established Indian and global supply chain,B,Mahindra Accelo FY2024-25 Annual Report; industry supply-chain evidence
ANSI Aluminum Alloy 1060-H18 Wrought,Aluminum,High,High,Established supplier ecosystem; exact supplier list should be verified for the required grade/region,Low,Established Indian and global supply chain,B,Mahindra Accelo FY2024-25 Annual Report; industry supply-chain evidence
ANSI Aluminum Alloy 1100-O Wrought,Aluminum,High,High,Established supplier ecosystem; exact supplier list should be verified for the required grade/region,Low,Established Indian and global supply chain,B,Mahindra Accelo FY2024-25 Annual Report; industry supply-chain evidence
ANSI Aluminum Alloy 1100-H12 Wrought,Aluminum,High,High,Established supplier ecosystem; exact supplier list should be verified for the required grade/region,Low,Established Indian and global supply chain,B,Mahindra Accelo FY2024-25 Annual Report; industry supply-chain evidence
ANSI Aluminum Alloy 1100-H14 Wrought,Aluminum,High,High,Established supplier ecosystem; exact supplier list should be verified for the required grade/region,Low,Established Indian and global supply chain,B,Mahindra Accelo FY2024-25 Annual Report; industry supply-chain evidence
ANSI Aluminum Alloy 1100-H16 Wrought,Aluminum,High,High,Established supplier ecosystem; exact supplier list should be verified for the required grade/region,Low,Established Indian and global supply chain,B,Mahindra Accelo FY2024-25 Annual Report; industry supply-chain evidence
ANSI Aluminum Alloy 1100-H18 Wrought,Aluminum,High,High,Established supplier ecosystem; exact supplier list should be verified for the required grade/region,Low,Established Indian and global supply chain,B,Mahindra Accelo FY2024-25 Annual Report; industry supply-chain evidence
ANSI Aluminum Alloy 1350-O Wrought,Aluminum,High,High,Established supplier ecosystem; exact supplier list should be verified for the required grade/region,Low,Established Indian and global supply chain,B,Mahindra Accelo FY2024-25 Annual Report; industry supply-chain evidence
ANSI Aluminum Alloy 1350-H12 Wrought,Aluminum,High,High,Established supplier ecosystem; exact supplier list should be verified for the required grade/region,Low,Established Indian and global supply chain,B,Mahindra Accelo FY2024-25 Annual Report; industry supply-chain evidence
ANSI Aluminum Alloy 1350-H14 Wrought,Aluminum,High,High,Established supplier ecosystem; exact supplier list should be verified for the required grade/region,Low,Established Indian and global supply chain,B,Mahindra Accelo FY2024-25 Annual Report; industry supply-chain evidence
ANSI Aluminum Alloy 1350-H16 Wrought,Aluminum,High,High,Established supplier ecosystem; exact supplier list should be verified for the required grade/region,Low,Established Indian and global supply chain,B,Mahindra Accelo FY2024-25 Annual Report; industry supply-chain evidence
ANSI Aluminum Alloy 1350-H19 Wrought,Aluminum,High,High,Established supplier ecosystem; exact supplier list should be verified for the required grade/region,Low,Established Indian and global supply chain,B,Mahindra Accelo FY2024-25 Annual Report; industry supply-chain evidence
ANSI Aluminum Alloy 2011-T3 Wrought,Aluminum,High,High,Established supplier ecosystem; exact supplier list should be verified for the required grade/region,Low,Established Indian and global supply chain,B,Mahindra Accelo FY2024-25 Annual Report; industry supply-chain evidence
ANSI Aluminum Alloy 2011-T8 Wrought,Aluminum,High,High,Established supplier ecosystem; exact supplier list should be verified for the required grade/region,Low,Established Indian and global supply chain,B,Mahindra Accelo FY2024-25 Annual Report; industry supply-chain evidence
ANSI Aluminum Alloy 2014-O Wrought,Aluminum,High,High,Established supplier ecosystem; exact supplier list should be verified for the required grade/region,Low,Established Indian and global supply chain,B,Mahindra Accelo FY2024-25 Annual Report; industry supply-chain evidence
ANSI Aluminum Alloy 2014-T4 Wrought,Aluminum,High,High,Established supplier ecosystem; exact supplier list should be verified for the required grade/region,Low,Established Indian and global supply chain,B,Mahindra Accelo FY2024-25 Annual Report; industry supply-chain evidence
ANSI Aluminum Alloy 2014-T451 Wrought,Aluminum,High,High,Established supplier ecosystem; exact supplier list should be verified for the required grade/region,Low,Established Indian and global supply chain,B,Mahindra Accelo FY2024-25 Annual Report; industry supply-chain evidence
ANSI Aluminum Alloy 2014-T6 Wrought,Aluminum,High,High,Established supplier ecosystem; exact supplier list should be verified for the required grade/region,Low,Established Indian and global supply chain,B,Mahindra Accelo FY2024-25 Annual Report; industry supply-chain evidence
ANSI Aluminum Alloy 2014-T651 Wrought,Aluminum,High,High,Established supplier ecosystem; exact supplier list should be verified for the required grade/region,Low,Established Indian and global supply chain,B,Mahindra Accelo FY2024-25 Annual Report; industry supply-chain evidence
ANSI Aluminum Alloy Alclad 2014-O Wrought,Aluminum,High,High,Established supplier ecosystem; exact supplier list should be verified for the required grade/region,Low,Established Indian and global supply chain,B,Mahindra Accelo FY2024-25 Annual Report; industry supply-chain evidence
ANSI Aluminum Alloy Alclad 2014-T3 Wrought,Aluminum,High,High,Established supplier ecosystem; exact supplier list should be verified for the required grade/region,Low,Established Indian and global supply chain,B,Mahindra Accelo FY2024-25 Annual Report; industry supply-chain evidence
ANSI Aluminum Alloy Alclad 2014-T4 Wrought,Aluminum,High,High,Established supplier ecosystem; exact supplier list should be verified for the required grade/region,Low,Established Indian and global supply chain,B,Mahindra Accelo FY2024-25 Annual Report; industry supply-chain evidence
ANSI Aluminum Alloy Alclad 2014-T451 Wrought,Aluminum,High,High,Established supplier ecosystem; exact supplier list should be verified for the required grade/region,Low,Established Indian and global supply chain,B,Mahindra Accelo FY2024-25 Annual Report; industry supply-chain evidence
ANSI Aluminum Alloy Alclad 2014-T6 Wrought,Aluminum,High,High,Established supplier ecosystem; exact supplier list should be verified for the required grade/region,Low,Established Indian and global supply chain,B,Mahindra Accelo FY2024-25 Annual Report; industry supply-chain evidence
ANSI Aluminum Alloy Alclad 2014-T651 Wrought,Aluminum,High,High,Established supplier ecosystem; exact supplier list should be verified for the required grade/region,Low,Established Indian and global supply chain,B,Mahindra Accelo FY2024-25 Annual Report; industry supply-chain evidence
ANSI Aluminum Alloy 2017-O Wrought,Aluminum,High,High,Established supplier ecosystem; exact supplier list should be verified for the required grade/region,Low,Established Indian and global supply chain,B,Mahindra Accelo FY2024-25 Annual Report; industry supply-chain evidence
ANSI Aluminum Alloy 2017-T4 Wrought,Aluminum,High,High,Established supplier ecosystem; exact supplier list should be verified for the required grade/region,Low,Established Indian and global supply chain,B,Mahindra Accelo FY2024-25 Annual Report; industry supply-chain evidence
ANSI Aluminum Alloy 2017-T451 Wrought,Aluminum,High,High,Established supplier ecosystem; exact supplier list should be verified for the required grade/region,Low,Established Indian and global supply chain,B,Mahindra Accelo FY2024-25 Annual Report; industry supply-chain evidence
ANSI Aluminum Alloy 2018-T61 Wrought,Aluminum,High,High,Established supplier ecosystem; exact supplier list should be verified for the required grade/region,Low,Established Indian and global supply chain,B,Mahindra Accelo FY2024-25 Annual Report; industry supply-chain evidence
ANSI Aluminum Alloy 2024-O Wrought,Aluminum,High,High,Established supplier ecosystem; exact supplier list should be verified for the required grade/region,Low,Established Indian and global supply chain,B,Mahindra Accelo FY2024-25 Annual Report; industry supply-chain evidence
ANSI Aluminum Alloy 2024-T3 Wrought,Aluminum,High,High,Established supplier ecosystem; exact supplier list should be verified for the required grade/region,Low,Established Indian and global supply chain,B,Mahindra Accelo FY2024-25 Annual Report; industry supply-chain evidence
ANSI Aluminum Alloy 2024-T351 Wrought,Aluminum,High,High,Established supplier ecosystem; exact supplier list should be verified for the required grade/region,Low,Established Indian and global supply chain,B,Mahindra Accelo FY2024-25 Annual Report; industry supply-chain evidence
ANSI Aluminum Alloy 2024-T4 Wrought,Aluminum,High,High,Established supplier ecosystem; exact supplier list should be verified for the required grade/region,Low,Established Indian and global supply chain,B,Mahindra Accelo FY2024-25 Annual Report; industry supply-chain evidence
ANSI Aluminum Alloy 2024-T361 Wrought,Aluminum,High,High,Established supplier ecosystem; exact supplier list should be verified for the required grade/region,Low,Established Indian and global supply chain,B,Mahindra Accelo FY2024-25 Annual Report; industry supply-chain evidence
ANSI Aluminum Alloy Alclad 2024-O Wrought,Aluminum,High,High,Established supplier ecosystem; exact supplier list should be verified for the required grade/region,Low,Established Indian and global supply chain,B,Mahindra Accelo FY2024-25 Annual Report; industry supply-chain evidence
ANSI Aluminum Alloy Alclad 2024-T3 Wrought,Aluminum,High,High,Established supplier ecosystem; exact supplier list should be verified for the required grade/region,Low,Established Indian and global supply chain,B,Mahindra Accelo FY2024-25 Annual Report; industry supply-chain evidence
ANSI Aluminum Alloy Alclad 2024-T351 Wrought,Aluminum,High,High,Established supplier ecosystem; exact supplier list should be verified for the required grade/region,Low,Established Indian and global supply chain,B,Mahindra Accelo FY2024-25 Annual Report; industry supply-chain evidence
ANSI Aluminum Alloy Alclad 2024-T4 Wrought,Aluminum,High,High,Established supplier ecosystem; exact supplier list should be verified for the required grade/region,Low,Established Indian and global supply chain,B,Mahindra Accelo FY2024-25 Annual Report; industry supply-chain evidence
ANSI Aluminum Alloy Alclad 202024-T361 Wrought,Aluminum,High,High,Established supplier ecosystem; exact supplier list should be verified for the required grade/region,Low,Established Indian and global supply chain,B,Mahindra Accelo FY2024-25 Annual Report; industry supply-chain evidence
ANSI Aluminum Alloy Alclad 2024-T81 Wrought,Aluminum,High,High,Established supplier ecosystem; exact supplier list should be verified for the required grade/region,Low,Established Indian and global supply chain,B,Mahindra Accelo FY2024-25 Annual Report; industry supply-chain evidence
ANSI Aluminum Alloy Alclad 2024-T851 Wrought,Aluminum,High,High,Established supplier ecosystem; exact supplier list should be verified for the required grade/region,Low,Established Indian and global supply chain,B,Mahindra Accelo FY2024-25 Annual Report; industry supply-chain evidence
ANSI Aluminum Alloy Alclad 2024-T861 Wrought,Aluminum,High,High,Established supplier ecosystem; exact supplier list should be verified for the required grade/region,Low,Established Indian and global supply chain,B,Mahindra Accelo FY2024-25 Annual Report; industry supply-chain evidence
ANSI Aluminum Alloy 2025-T6 Wrought,Aluminum,High,High,Established supplier ecosystem; exact supplier list should be verified for the required grade/region,Low,Established Indian and global supply chain,B,Mahindra Accelo FY2024-25 Annual Report; industry supply-chain evidence
ANSI Aluminum Alloy 2036-T4 Wrought,Aluminum,High,High,Established supplier ecosystem; exact supplier list should be verified for the required grade/region,Low,Established Indian and global supply chain,B,Mahindra Accelo FY2024-25 Annual Report; industry supply-chain evidence
ANSI Aluminum Alloy 2117-T4 Wrought,Aluminum,High,High,Established supplier ecosystem; exact supplier list should be verified for the required grade/region,Low,Established Indian and global supply chain,B,Mahindra Accelo FY2024-25 Annual Report; industry supply-chain evidence
ANSI Aluminum Alloy 2218-T72 Wrought,Aluminum,High,High,Established supplier ecosystem; exact supplier list should be verified for the required grade/region,Low,Established Indian and global supply chain,B,Mahindra Accelo FY2024-25 Annual Report; industry supply-chain evidence
ANSI Aluminum Alloy 2219-O Wrought,Aluminum,High,High,Established supplier ecosystem; exact supplier list should be verified for the required grade/region,Low,Established Indian and global supply chain,B,Mahindra Accelo FY2024-25 Annual Report; industry supply-chain evidence
ANSI Aluminum Alloy 2219-T42 Wrought,Aluminum,High,High,Established supplier ecosystem; exact supplier list should be verified for the required grade/region,Low,Established Indian and global supply chain,B,Mahindra Accelo FY2024-25 Annual Report; industry supply-chain evidence
ANSI Aluminum Alloy 2219-T31 Wrought,Aluminum,High,High,Established supplier ecosystem; exact supplier list should be verified for the required grade/region,Low,Established Indian and global supply chain,B,Mahindra Accelo FY2024-25 Annual Report; industry supply-chain evidence
ANSI Aluminum Alloy 2219-T351 Wrought,Aluminum,High,High,Established supplier ecosystem; exact supplier list should be verified for the required grade/region,Low,Established Indian and global supply chain,B,Mahindra Accelo FY2024-25 Annual Report; industry supply-chain evidence
ANSI Aluminum Alloy 2219-T37 Wrought,Aluminum,High,High,Established supplier ecosystem; exact supplier list should be verified for the required grade/region,Low,Established Indian and global supply chain,B,Mahindra Accelo FY2024-25 Annual Report; industry supply-chain evidence
ANSI Aluminum Alloy 2219-T62 Wrought,Aluminum,High,High,Established supplier ecosystem; exact supplier list should be verified for the required grade/region,Low,Established Indian and global supply chain,B,Mahindra Accelo FY2024-25 Annual Report; industry supply-chain evidence
ANSI Aluminum Alloy 2219-T81 Wrought,Aluminum,High,High,Established supplier ecosystem; exact supplier list should be verified for the required grade/region,Low,Established Indian and global supply chain,B,Mahindra Accelo FY2024-25 Annual Report; industry supply-chain evidence
ANSI Aluminum Alloy 2219-T851 Wrought,Aluminum,High,High,Established supplier ecosystem; exact supplier list should be verified for the required grade/region,Low,Established Indian and global supply chain,B,Mahindra Accelo FY2024-25 Annual Report; industry supply-chain evidence
ANSI Aluminum Alloy 2219-T87 Wrought,Aluminum,High,High,Established supplier ecosystem; exact supplier list should be verified for the required grade/region,Low,Established Indian and global supply chain,B,Mahindra Accelo FY2024-25 Annual Report; industry supply-chain evidence
ANSI Aluminum Alloy 3003-O Wrought,Aluminum,High,High,Established supplier ecosystem; exact supplier list should be verified for the required grade/region,Low,Established Indian and global supply chain,B,Mahindra Accelo FY2024-25 Annual Report; industry supply-chain evidence
ANSI Aluminum Alloy 3003-H12 Wrought,Aluminum,High,High,Established supplier ecosystem; exact supplier list should be verified for the required grade/region,Low,Established Indian and global supply chain,B,Mahindra Accelo FY2024-25 Annual Report; industry supply-chain evidence
ANSI Aluminum Alloy 3003-H14 Wrought,Aluminum,High,High,Established supplier ecosystem; exact supplier list should be verified for the required grade/region,Low,Established Indian and global supply chain,B,Mahindra Accelo FY2024-25 Annual Report; industry supply-chain evidence
ANSI Aluminum Alloy 3003-H16 Wrought,Aluminum,High,High,Established supplier ecosystem; exact supplier list should be verified for the required grade/region,Low,Established Indian and global supply chain,B,Mahindra Accelo FY2024-25 Annual Report; industry supply-chain evidence
ANSI Aluminum Alloy 3003-H18 Wrought,Aluminum,High,High,Established supplier ecosystem; exact supplier list should be verified for the required grade/region,Low,Established Indian and global supply chain,B,Mahindra Accelo FY2024-25 Annual Report; industry supply-chain evidence
ANSI Aluminum Alloy Alclad 3003-O Wrought,Aluminum,High,High,Established supplier ecosystem; exact supplier list should be verified for the required grade/region,Low,Established Indian and global supply chain,B,Mahindra Accelo FY2024-25 Annual Report; industry supply-chain evidence
ANSI Aluminum Alloy Alclad 3003-H12 Wrought,Aluminum,High,High,Established supplier ecosystem; exact supplier list should be verified for the required grade/region,Low,Established Indian and global supply chain,B,Mahindra Accelo FY2024-25 Annual Report; industry supply-chain evidence
ANSI Aluminum Alloy Alclad 3003-H14 Wrought,Aluminum,High,High,Established supplier ecosystem; exact supplier list should be verified for the required grade/region,Low,Established Indian and global supply chain,B,Mahindra Accelo FY2024-25 Annual Report; industry supply-chain evidence
ANSI Aluminum Alloy Alclad 3003-H16 Wrought,Aluminum,High,High,Established supplier ecosystem; exact supplier list should be verified for the required grade/region,Low,Established Indian and global supply chain,B,Mahindra Accelo FY2024-25 Annual Report; industry supply-chain evidence
ANSI Aluminum Alloy Alclad 3003-H18 Wrought,Aluminum,High,High,Established supplier ecosystem; exact supplier list should be verified for the required grade/region,Low,Established Indian and global supply chain,B,Mahindra Accelo FY2024-25 Annual Report; industry supply-chain evidence
ANSI Aluminum Alloy 3004-O Wrought,Aluminum,High,High,Established supplier ecosystem; exact supplier list should be verified for the required grade/region,Low,Established Indian and global supply chain,B,Mahindra Accelo FY2024-25 Annual Report; industry supply-chain evidence
ANSI Aluminum Alloy 3004-H32 Wrought,Aluminum,High,High,Established supplier ecosystem; exact supplier list should be verified for the required grade/region,Low,Established Indian and global supply chain,B,Mahindra Accelo FY2024-25 Annual Report; industry supply-chain evidence
ANSI Aluminum Alloy 3004-H34 Wrought,Aluminum,High,High,Established supplier ecosystem; exact supplier list should be verified for the required grade/region,Low,Established Indian and global supply chain,B,Mahindra Accelo FY2024-25 Annual Report; industry supply-chain evidence
ANSI Aluminum Alloy 3004-H36 Wrought,Aluminum,High,High,Established supplier ecosystem; exact supplier list should be verified for the required grade/region,Low,Established Indian and global supply chain,B,Mahindra Accelo FY2024-25 Annual Report; industry supply-chain evidence
ANSI Aluminum Alloy 3004-H38 Wrought,Aluminum,High,High,Established supplier ecosystem; exact supplier list should be verified for the required grade/region,Low,Established Indian and global supply chain,B,Mahindra Accelo FY2024-25 Annual Report; industry supply-chain evidence
ANSI Aluminum Alloy Alclad 3004-O Wrought,Aluminum,High,High,Established supplier ecosystem; exact supplier list should be verified for the required grade/region,Low,Established Indian and global supply chain,B,Mahindra Accelo FY2024-25 Annual Report; industry supply-chain evidence
ANSI Aluminum Alloy Alclad 3004-H32 Wrought,Aluminum,High,High,Established supplier ecosystem; exact supplier list should be verified for the required grade/region,Low,Established Indian and global supply chain,B,Mahindra Accelo FY2024-25 Annual Report; industry supply-chain evidence
ANSI Aluminum Alloy Alclad 3004-H34 Wrought,Aluminum,High,High,Established supplier ecosystem; exact supplier list should be verified for the required grade/region,Low,Established Indian and global supply chain,B,Mahindra Accelo FY2024-25 Annual Report; industry supply-chain evidence
ANSI Aluminum Alloy Alclad 3004-H36 Wrought,Aluminum,High,High,Established supplier ecosystem; exact supplier list should be verified for the required grade/region,Low,Established Indian and global supply chain,B,Mahindra Accelo FY2024-25 Annual Report; industry supply-chain evidence
ANSI Aluminum Alloy Alclad 3004-H38 Wrought,Aluminum,High,High,Established supplier ecosystem; exact supplier list should be verified for the required grade/region,Low,Established Indian and global supply chain,B,Mahindra Accelo FY2024-25 Annual Report; industry supply-chain evidence
ANSI Aluminum Alloy 3105-O Wrought,Aluminum,High,High,Established supplier ecosystem; exact supplier list should be verified for the required grade/region,Low,Established Indian and global supply chain,B,Mahindra Accelo FY2024-25 Annual Report; industry supply-chain evidence
ANSI Aluminum Alloy 3105-H12 Wrought,Aluminum,High,High,Established supplier ecosystem; exact supplier list should be verified for the required grade/region,Low,Established Indian and global supply chain,B,Mahindra Accelo FY2024-25 Annual Report; industry supply-chain evidence
ANSI Aluminum Alloy 3105-H14 Wrought,Aluminum,High,High,Established supplier ecosystem; exact supplier list should be verified for the required grade/region,Low,Established Indian and global supply chain,B,Mahindra Accelo FY2024-25 Annual Report; industry supply-chain evidence
ANSI Aluminum Alloy 3105-H16 Wrought,Aluminum,High,High,Established supplier ecosystem; exact supplier list should be verified for the required grade/region,Low,Established Indian and global supply chain,B,Mahindra Accelo FY2024-25 Annual Report; industry supply-chain evidence
ANSI Aluminum Alloy 3105-H18 Wrought,Aluminum,High,High,Established supplier ecosystem; exact supplier list should be verified for the required grade/region,Low,Established Indian and global supply chain,B,Mahindra Accelo FY2024-25 Annual Report; industry supply-chain evidence
ANSI Aluminum Alloy 3105-H25 Wrought,Aluminum,High,High,Established supplier ecosystem; exact supplier list should be verified for the required grade/region,Low,Established Indian and global supply chain,B,Mahindra Accelo FY2024-25 Annual Report; industry supply-chain evidence
ANSI Aluminum Alloy 4032-T6 Wrought,Aluminum,High,High,Established supplier ecosystem; exact supplier list should be verified for the required grade/region,Low,Established Indian and global supply chain,B,Mahindra Accelo FY2024-25 Annual Report; industry supply-chain evidence
ANSI Aluminum Alloy 5005-O Wrought,Aluminum,High,High,Established supplier ecosystem; exact supplier list should be verified for the required grade/region,Low,Established Indian and global supply chain,B,Mahindra Accelo FY2024-25 Annual Report; industry supply-chain evidence
ANSI Aluminum Alloy 5005-H12 Wrought,Aluminum,High,High,Established supplier ecosystem; exact supplier list should be verified for the required grade/region,Low,Established Indian and global supply chain,B,Mahindra Accelo FY2024-25 Annual Report; industry supply-chain evidence
ANSI Aluminum Alloy 5005-H14 Wrought,Aluminum,High,High,Established supplier ecosystem; exact supplier list should be verified for the required grade/region,Low,Established Indian and global supply chain,B,Mahindra Accelo FY2024-25 Annual Report; industry supply-chain evidence
ANSI Aluminum Alloy 5005-H16 Wrought,Aluminum,High,High,Established supplier ecosystem; exact supplier list should be verified for the required grade/region,Low,Established Indian and global supply chain,B,Mahindra Accelo FY2024-25 Annual Report; industry supply-chain evidence
ANSI Aluminum Alloy 5005-H18 Wrought,Aluminum,High,High,Established supplier ecosystem; exact supplier list should be verified for the required grade/region,Low,Established Indian and global supply chain,B,Mahindra Accelo FY2024-25 Annual Report; industry supply-chain evidence
ANSI Aluminum Alloy 5005-H32 Wrought,Aluminum,High,High,Established supplier ecosystem; exact supplier list should be verified for the required grade/region,Low,Established Indian and global supply chain,B,Mahindra Accelo FY2024-25 Annual Report; industry supply-chain evidence
ANSI Aluminum Alloy 5005-H34 Wrought,Aluminum,High,High,Established supplier ecosystem; exact supplier list should be verified for the required grade/region,Low,Established Indian and global supply chain,B,Mahindra Accelo FY2024-25 Annual Report; industry supply-chain evidence
ANSI Aluminum Alloy 5005-H36 Wrought,Aluminum,High,High,Established supplier ecosystem; exact supplier list should be verified for the required grade/region,Low,Established Indian and global supply chain,B,Mahindra Accelo FY2024-25 Annual Report; industry supply-chain evidence
ANSI Aluminum Alloy 5005-H38 Wrought,Aluminum,High,High,Established supplier ecosystem; exact supplier list should be verified for the required grade/region,Low,Established Indian and global supply chain,B,Mahindra Accelo FY2024-25 Annual Report; industry supply-chain evidence
ANSI Aluminum Alloy 5050-O Wrought,Aluminum,High,High,Established supplier ecosystem; exact supplier list should be verified for the required grade/region,Low,Established Indian and global supply chain,B,Mahindra Accelo FY2024-25 Annual Report; industry supply-chain evidence
ANSI Aluminum Alloy 5050-H32 Wrought,Aluminum,High,High,Established supplier ecosystem; exact supplier list should be verified for the required grade/region,Low,Established Indian and global supply chain,B,Mahindra Accelo FY2024-25 Annual Report; industry supply-chain evidence
ANSI Aluminum Alloy 5050-H34 Wrought,Aluminum,High,High,Established supplier ecosystem; exact supplier list should be verified for the required grade/region,Low,Established Indian and global supply chain,B,Mahindra Accelo FY2024-25 Annual Report; industry supply-chain evidence
ANSI Aluminum Alloy 5050-H36 Wrought,Aluminum,High,High,Established supplier ecosystem; exact supplier list should be verified for the required grade/region,Low,Established Indian and global supply chain,B,Mahindra Accelo FY2024-25 Annual Report; industry supply-chain evidence
ANSI Aluminum Alloy 5050-H38 Wrought,Aluminum,High,High,Established supplier ecosystem; exact supplier list should be verified for the required grade/region,Low,Established Indian and global supply chain,B,Mahindra Accelo FY2024-25 Annual Report; industry supply-chain evidence
ANSI Aluminum Alloy 5052-O Wrought,Aluminum,High,High,Established supplier ecosystem; exact supplier list should be verified for the required grade/region,Low,Established Indian and global supply chain,B,Mahindra Accelo FY2024-25 Annual Report; industry supply-chain evidence
ANSI Aluminum Alloy 5052-H32 Wrought,Aluminum,High,High,Established supplier ecosystem; exact supplier list should be verified for the required grade/region,Low,Established Indian and global supply chain,B,Mahindra Accelo FY2024-25 Annual Report; industry supply-chain evidence
ANSI Aluminum Alloy 5052-H34 Wrought,Aluminum,High,High,Established supplier ecosystem; exact supplier list should be verified for the required grade/region,Low,Established Indian and global supply chain,B,Mahindra Accelo FY2024-25 Annual Report; industry supply-chain evidence
ANSI Aluminum Alloy 5052-H36 Wrought,Aluminum,High,High,Established supplier ecosystem; exact supplier list should be verified for the required grade/region,Low,Established Indian and global supply chain,B,Mahindra Accelo FY2024-25 Annual Report; industry supply-chain evidence
ANSI Aluminum Alloy 5052-H38 Wrought,Aluminum,High,High,Established supplier ecosystem; exact supplier list should be verified for the required grade/region,Low,Established Indian and global supply chain,B,Mahindra Accelo FY2024-25 Annual Report; industry supply-chain evidence
ANSI Aluminum Alloy 5056-O Wrought,Aluminum,High,High,Established supplier ecosystem; exact supplier list should be verified for the required grade/region,Low,Established Indian and global supply chain,B,Mahindra Accelo FY2024-25 Annual Report; industry supply-chain evidence
ANSI Aluminum Alloy 5056-H18 Wrought,Aluminum,High,High,Established supplier ecosystem; exact supplier list should be verified for the required grade/region,Low,Established Indian and global supply chain,B,Mahindra Accelo FY2024-25 Annual Report; industry supply-chain evidence
ANSI Aluminum Alloy 5056-H38 Wrought,Aluminum,High,High,Established supplier ecosystem; exact supplier list should be verified for the required grade/region,Low,Established Indian and global supply chain,B,Mahindra Accelo FY2024-25 Annual Report; industry supply-chain evidence
ANSI Aluminum Alloy 5083-O Wrought,Aluminum,High,High,Established supplier ecosystem; exact supplier list should be verified for the required grade/region,Low,Established Indian and global supply chain,B,Mahindra Accelo FY2024-25 Annual Report; industry supply-chain evidence
ANSI Aluminum Alloy 5083-H116 Wrought,Aluminum,High,High,Established supplier ecosystem; exact supplier list should be verified for the required grade/region,Low,Established Indian and global supply chain,B,Mahindra Accelo FY2024-25 Annual Report; industry supply-chain evidence
ANSI Aluminum Alloy 5083-H321 Wrought,Aluminum,High,High,Established supplier ecosystem; exact supplier list should be verified for the required grade/region,Low,Established Indian and global supply chain,B,Mahindra Accelo FY2024-25 Annual Report; industry supply-chain evidence
ANSI Aluminum Alloy 5086-O Wrought,Aluminum,High,High,Established supplier ecosystem; exact supplier list should be verified for the required grade/region,Low,Established Indian and global supply chain,B,Mahindra Accelo FY2024-25 Annual Report; industry supply-chain evidence
ANSI Aluminum Alloy 5086-H32 Wrought,Aluminum,High,High,Established supplier ecosystem; exact supplier list should be verified for the required grade/region,Low,Established Indian and global supply chain,B,Mahindra Accelo FY2024-25 Annual Report; industry supply-chain evidence
ANSI Aluminum Alloy 5086-H34 Wrought,Aluminum,High,High,Established supplier ecosystem; exact supplier list should be verified for the required grade/region,Low,Established Indian and global supply chain,B,Mahindra Accelo FY2024-25 Annual Report; industry supply-chain evidence
ANSI Aluminum Alloy 5086-H112 Wrought,Aluminum,High,High,Established supplier ecosystem; exact supplier list should be verified for the required grade/region,Low,Established Indian and global supply chain,B,Mahindra Accelo FY2024-25 Annual Report; industry supply-chain evidence
ANSI Aluminum Alloy 5086-H116 Wrought,Aluminum,High,High,Established supplier ecosystem; exact supplier list should be verified for the required grade/region,Low,Established Indian and global supply chain,B,Mahindra Accelo FY2024-25 Annual Report; industry supply-chain evidence
ANSI Aluminum Alloy 5154-O Wrought,Aluminum,High,High,Established supplier ecosystem; exact supplier list should be verified for the required grade/region,Low,Established Indian and global supply chain,B,Mahindra Accelo FY2024-25 Annual Report; industry supply-chain evidence
ANSI Aluminum Alloy 5154-H32 Wrought,Aluminum,High,High,Established supplier ecosystem; exact supplier list should be verified for the required grade/region,Low,Established Indian and global supply chain,B,Mahindra Accelo FY2024-25 Annual Report; industry supply-chain evidence
ANSI Aluminum Alloy 5154-H34 Wrought,Aluminum,High,High,Established supplier ecosystem; exact supplier list should be verified for the required grade/region,Low,Established Indian and global supply chain,B,Mahindra Accelo FY2024-25 Annual Report; industry supply-chain evidence
ANSI Aluminum Alloy 5154-H36 Wrought,Aluminum,High,High,Established supplier ecosystem; exact supplier list should be verified for the required grade/region,Low,Established Indian and global supply chain,B,Mahindra Accelo FY2024-25 Annual Report; industry supply-chain evidence
ANSI Aluminum Alloy 5154-H38 Wrought,Aluminum,High,High,Established supplier ecosystem; exact supplier list should be verified for the required grade/region,Low,Established Indian and global supply chain,B,Mahindra Accelo FY2024-25 Annual Report; industry supply-chain evidence
ANSI Aluminum Alloy 5154-H112 Wrought,Aluminum,High,High,Established supplier ecosystem; exact supplier list should be verified for the required grade/region,Low,Established Indian and global supply chain,B,Mahindra Accelo FY2024-25 Annual Report; industry supply-chain evidence
ANSI Aluminum Alloy 5252-H25 Wrought,Aluminum,High,High,Established supplier ecosystem; exact supplier list should be verified for the required grade/region,Low,Established Indian and global supply chain,B,Mahindra Accelo FY2024-25 Annual Report; industry supply-chain evidence
ANSI Aluminum Alloy 5252-H28 Wrought,Aluminum,High,High,Established supplier ecosystem; exact supplier list should be verified for the required grade/region,Low,Established Indian and global supply chain,B,Mahindra Accelo FY2024-25 Annual Report; industry supply-chain evidence
ANSI Aluminum Alloy 5252-H38 Wrought,Aluminum,High,High,Established supplier ecosystem; exact supplier list should be verified for the required grade/region,Low,Established Indian and global supply chain,B,Mahindra Accelo FY2024-25 Annual Report; industry supply-chain evidence
ANSI Aluminum Alloy 5254-O Wrought,Aluminum,High,High,Established supplier ecosystem; exact supplier list should be verified for the required grade/region,Low,Established Indian and global supply chain,B,Mahindra Accelo FY2024-25 Annual Report; industry supply-chain evidence
ANSI Aluminum Alloy 5254-H32 Wrought,Aluminum,High,High,Established supplier ecosystem; exact supplier list should be verified for the required grade/region,Low,Established Indian and global supply chain,B,Mahindra Accelo FY2024-25 Annual Report; industry supply-chain evidence
ANSI Aluminum Alloy 5254-H34 Wrought,Aluminum,High,High,Established supplier ecosystem; exact supplier list should be verified for the required grade/region,Low,Established Indian and global supply chain,B,Mahindra Accelo FY2024-25 Annual Report; industry supply-chain evidence
ANSI Aluminum Alloy 5254-H36 Wrought,Aluminum,High,High,Established supplier ecosystem; exact supplier list should be verified for the required grade/region,Low,Established Indian and global supply chain,B,Mahindra Accelo FY2024-25 Annual Report; industry supply-chain evidence
ANSI Aluminum Alloy 5254-H38 Wrought,Aluminum,High,High,Established supplier ecosystem; exact supplier list should be verified for the required grade/region,Low,Established Indian and global supply chain,B,Mahindra Accelo FY2024-25 Annual Report; industry supply-chain evidence
ANSI Aluminum Alloy 5254-H112 Wrought,Aluminum,High,High,Established supplier ecosystem; exact supplier list should be verified for the required grade/region,Low,Established Indian and global supply chain,B,Mahindra Accelo FY2024-25 Annual Report; industry supply-chain evidence
ANSI Aluminum Alloy 5454-O Wrought,Aluminum,High,High,Established supplier ecosystem; exact supplier list should be verified for the required grade/region,Low,Established Indian and global supply chain,B,Mahindra Accelo FY2024-25 Annual Report; industry supply-chain evidence
ANSI Aluminum Alloy 5454-H32 Wrought,Aluminum,High,High,Established supplier ecosystem; exact supplier list should be verified for the required grade/region,Low,Established Indian and global supply chain,B,Mahindra Accelo FY2024-25 Annual Report; industry supply-chain evidence
ANSI Aluminum Alloy 5454-H34 Wrought,Aluminum,High,High,Established supplier ecosystem; exact supplier list should be verified for the required grade/region,Low,Established Indian and global supply chain,B,Mahindra Accelo FY2024-25 Annual Report; industry supply-chain evidence
ANSI Aluminum Alloy 5454-H111 Wrought,Aluminum,High,High,Established supplier ecosystem; exact supplier list should be verified for the required grade/region,Low,Established Indian and global supply chain,B,Mahindra Accelo FY2024-25 Annual Report; industry supply-chain evidence
ANSI Aluminum Alloy 5454-H112 Wrought,Aluminum,High,High,Established supplier ecosystem; exact supplier list should be verified for the required grade/region,Low,Established Indian and global supply chain,B,Mahindra Accelo FY2024-25 Annual Report; industry supply-chain evidence
ANSI Aluminum Alloy 5456-O Wrought,Aluminum,High,High,Established supplier ecosystem; exact supplier list should be verified for the required grade/region,Low,Established Indian and global supply chain,B,Mahindra Accelo FY2024-25 Annual Report; industry supply-chain evidence
ANSI Aluminum Alloy 5456-H112 Wrought,Aluminum,High,High,Established supplier ecosystem; exact supplier list should be verified for the required grade/region,Low,Established Indian and global supply chain,B,Mahindra Accelo FY2024-25 Annual Report; industry supply-chain evidence
ANSI Aluminum Alloy 5456-H116 Wrought,Aluminum,High,High,Established supplier ecosystem; exact supplier list should be verified for the required grade/region,Low,Established Indian and global supply chain,B,Mahindra Accelo FY2024-25 Annual Report; industry supply-chain evidence
ANSI Aluminum Alloy 5456-H321 Wrought,Aluminum,High,High,Established supplier ecosystem; exact supplier list should be verified for the required grade/region,Low,Established Indian and global supply chain,B,Mahindra Accelo FY2024-25 Annual Report; industry supply-chain evidence
ANSI Aluminum Alloy 5457-O Wrought,Aluminum,High,High,Established supplier ecosystem; exact supplier list should be verified for the required grade/region,Low,Established Indian and global supply chain,B,Mahindra Accelo FY2024-25 Annual Report; industry supply-chain evidence
ANSI Aluminum Alloy 5457-H25 Wrought,Aluminum,High,High,Established supplier ecosystem; exact supplier list should be verified for the required grade/region,Low,Established Indian and global supply chain,B,Mahindra Accelo FY2024-25 Annual Report; industry supply-chain evidence
ANSI Aluminum Alloy 5457-H28 Wrought,Aluminum,High,High,Established supplier ecosystem; exact supplier list should be verified for the required grade/region,Low,Established Indian and global supply chain,B,Mahindra Accelo FY2024-25 Annual Report; industry supply-chain evidence
ANSI Aluminum Alloy 5457-H38 Wrought,Aluminum,High,High,Established supplier ecosystem; exact supplier list should be verified for the required grade/region,Low,Established Indian and global supply chain,B,Mahindra Accelo FY2024-25 Annual Report; industry supply-chain evidence
ANSI Aluminum Alloy 5652-O Wrought,Aluminum,High,High,Established supplier ecosystem; exact supplier list should be verified for the required grade/region,Low,Established Indian and global supply chain,B,Mahindra Accelo FY2024-25 Annual Report; industry supply-chain evidence
ANSI Aluminum Alloy 5652-H32 Wrought,Aluminum,High,High,Established supplier ecosystem; exact supplier list should be verified for the required grade/region,Low,Established Indian and global supply chain,B,Mahindra Accelo FY2024-25 Annual Report; industry supply-chain evidence
ANSI Aluminum Alloy 5652-H34 Wrought,Aluminum,High,High,Established supplier ecosystem; exact supplier list should be verified for the required grade/region,Low,Established Indian and global supply chain,B,Mahindra Accelo FY2024-25 Annual Report; industry supply-chain evidence
ANSI Aluminum Alloy 5652-H36 Wrought,Aluminum,High,High,Established supplier ecosystem; exact supplier list should be verified for the required grade/region,Low,Established Indian and global supply chain,B,Mahindra Accelo FY2024-25 Annual Report; industry supply-chain evidence
ANSI Aluminum Alloy 5652-H38 Wrought,Aluminum,High,High,Established supplier ecosystem; exact supplier list should be verified for the required grade/region,Low,Established Indian and global supply chain,B,Mahindra Accelo FY2024-25 Annual Report; industry supply-chain evidence
ANSI Aluminum Alloy 5657-H25 Wrought,Aluminum,High,High,Established supplier ecosystem; exact supplier list should be verified for the required grade/region,Low,Established Indian and global supply chain,B,Mahindra Accelo FY2024-25 Annual Report; industry supply-chain evidence
ANSI Aluminum Alloy 5657-H28 Wrought,Aluminum,High,High,Established supplier ecosystem; exact supplier list should be verified for the required grade/region,Low,Established Indian and global supply chain,B,Mahindra Accelo FY2024-25 Annual Report; industry supply-chain evidence
ANSI Aluminum Alloy 5657-H38 Wrought,Aluminum,High,High,Established supplier ecosystem; exact supplier list should be verified for the required grade/region,Low,Established Indian and global supply chain,B,Mahindra Accelo FY2024-25 Annual Report; industry supply-chain evidence
ANSI Aluminum Alloy 6061-O Wrought,Aluminum,High,High,Established supplier ecosystem; exact supplier list should be verified for the required grade/region,Low,Established Indian and global supply chain,B,Mahindra Accelo FY2024-25 Annual Report; industry supply-chain evidence
ANSI Aluminum Alloy 6061-T4 Wrought,Aluminum,High,High,Established supplier ecosystem; exact supplier list should be verified for the required grade/region,Low,Established Indian and global supply chain,B,Mahindra Accelo FY2024-25 Annual Report; industry supply-chain evidence
ANSI Aluminum Alloy 6061-T451 Wrought,Aluminum,High,High,Established supplier ecosystem; exact supplier list should be verified for the required grade/region,Low,Established Indian and global supply chain,B,Mahindra Accelo FY2024-25 Annual Report; industry supply-chain evidence
ANSI Aluminum Alloy 6061-T6 Wrought,Aluminum,High,High,Established supplier ecosystem; exact supplier list should be verified for the required grade/region,Low,Established Indian and global supply chain,B,Mahindra Accelo FY2024-25 Annual Report; industry supply-chain evidence
ANSI Aluminum Alloy 6061-T651 Wrought,Aluminum,High,High,Established supplier ecosystem; exact supplier list should be verified for the required grade/region,Low,Established Indian and global supply chain,B,Mahindra Accelo FY2024-25 Annual Report; industry supply-chain evidence
ANSI Aluminum Alloy Alclad 6061-O Wrought,Aluminum,High,High,Established supplier ecosystem; exact supplier list should be verified for the required grade/region,Low,Established Indian and global supply chain,B,Mahindra Accelo FY2024-25 Annual Report; industry supply-chain evidence
ANSI Aluminum Alloy Alclad 6061-T4 Wrought,Aluminum,High,High,Established supplier ecosystem; exact supplier list should be verified for the required grade/region,Low,Established Indian and global supply chain,B,Mahindra Accelo FY2024-25 Annual Report; industry supply-chain evidence
ANSI Aluminum Alloy Alclad 6061-T451 Wrought,Aluminum,High,High,Established supplier ecosystem; exact supplier list should be verified for the required grade/region,Low,Established Indian and global supply chain,B,Mahindra Accelo FY2024-25 Annual Report; industry supply-chain evidence
ANSI Aluminum Alloy Alclad 6061-T6 Wrought,Aluminum,High,High,Established supplier ecosystem; exact supplier list should be verified for the required grade/region,Low,Established Indian and global supply chain,B,Mahindra Accelo FY2024-25 Annual Report; industry supply-chain evidence
ANSI Aluminum Alloy Alclad 6061-T651 Wrought,Aluminum,High,High,Established supplier ecosystem; exact supplier list should be verified for the required grade/region,Low,Established Indian and global supply chain,B,Mahindra Accelo FY2024-25 Annual Report; industry supply-chain evidence
ANSI Aluminum Alloy 6063-O Wrought,Aluminum,High,High,Established supplier ecosystem; exact supplier list should be verified for the required grade/region,Low,Established Indian and global supply chain,B,Mahindra Accelo FY2024-25 Annual Report; industry supply-chain evidence
ANSI Aluminum Alloy 6063-T1 Wrought,Aluminum,High,High,Established supplier ecosystem; exact supplier list should be verified for the required grade/region,Low,Established Indian and global supply chain,B,Mahindra Accelo FY2024-25 Annual Report; industry supply-chain evidence
ANSI Aluminum Alloy 6063-T4 Wrought,Aluminum,High,High,Established supplier ecosystem; exact supplier list should be verified for the required grade/region,Low,Established Indian and global supply chain,B,Mahindra Accelo FY2024-25 Annual Report; industry supply-chain evidence
ANSI Aluminum Alloy 6063-T5 Wrought,Aluminum,High,High,Established supplier ecosystem; exact supplier list should be verified for the required grade/region,Low,Established Indian and global supply chain,B,Mahindra Accelo FY2024-25 Annual Report; industry supply-chain evidence
ANSI Aluminum Alloy 6063-T6 Wrought,Aluminum,High,High,Established supplier ecosystem; exact supplier list should be verified for the required grade/region,Low,Established Indian and global supply chain,B,Mahindra Accelo FY2024-25 Annual Report; industry supply-chain evidence
ANSI Aluminum Alloy 6063-T83 Wrought,Aluminum,High,High,Established supplier ecosystem; exact supplier list should be verified for the required grade/region,Low,Established Indian and global supply chain,B,Mahindra Accelo FY2024-25 Annual Report; industry supply-chain evidence
ANSI Aluminum Alloy 6063-T831 Wrought,Aluminum,High,High,Established supplier ecosystem; exact supplier list should be verified for the required grade/region,Low,Established Indian and global supply chain,B,Mahindra Accelo FY2024-25 Annual Report; industry supply-chain evidence
ANSI Aluminum Alloy 6063-T832 Wrought,Aluminum,High,High,Established supplier ecosystem; exact supplier list should be verified for the required grade/region,Low,Established Indian and global supply chain,B,Mahindra Accelo FY2024-25 Annual Report; industry supply-chain evidence
ANSI Aluminum Alloy 6066-O Wrought,Aluminum,High,High,Established supplier ecosystem; exact supplier list should be verified for the required grade/region,Low,Established Indian and global supply chain,B,Mahindra Accelo FY2024-25 Annual Report; industry supply-chain evidence
ANSI Aluminum Alloy 6066-T4 Wrought,Aluminum,High,High,Established supplier ecosystem; exact supplier list should be verified for the required grade/region,Low,Established Indian and global supply chain,B,Mahindra Accelo FY2024-25 Annual Report; industry supply-chain evidence
ANSI Aluminum Alloy 6066-T451 Wrought,Aluminum,High,High,Established supplier ecosystem; exact supplier list should be verified for the required grade/region,Low,Established Indian and global supply chain,B,Mahindra Accelo FY2024-25 Annual Report; industry supply-chain evidence
ANSI Aluminum Alloy 6066-T6 Wrought,Aluminum,High,High,Established supplier ecosystem; exact supplier list should be verified for the required grade/region,Low,Established Indian and global supply chain,B,Mahindra Accelo FY2024-25 Annual Report; industry supply-chain evidence
ANSI Aluminum Alloy 6066-T651 Wrought,Aluminum,High,High,Established supplier ecosystem; exact supplier list should be verified for the required grade/region,Low,Established Indian and global supply chain,B,Mahindra Accelo FY2024-25 Annual Report; industry supply-chain evidence
ANSI Aluminum Alloy 6070-T6 Wrought,Aluminum,High,High,Established supplier ecosystem; exact supplier list should be verified for the required grade/region,Low,Established Indian and global supply chain,B,Mahindra Accelo FY2024-25 Annual Report; industry supply-chain evidence
ANSI Aluminum Alloy 6101-H111 Wrought,Aluminum,High,High,Established supplier ecosystem; exact supplier list should be verified for the required grade/region,Low,Established Indian and global supply chain,B,Mahindra Accelo FY2024-25 Annual Report; industry supply-chain evidence
ANSI Aluminum Alloy 6101-T6 Wrought,Aluminum,High,High,Established supplier ecosystem; exact supplier list should be verified for the required grade/region,Low,Established Indian and global supply chain,B,Mahindra Accelo FY2024-25 Annual Report; industry supply-chain evidence
ANSI Aluminum Alloy 6262-T9 Wrought,Aluminum,High,High,Established supplier ecosystem; exact supplier list should be verified for the required grade/region,Low,Established Indian and global supply chain,B,Mahindra Accelo FY2024-25 Annual Report; industry supply-chain evidence
ANSI Aluminum Alloy 6351-T4 Wrought,Aluminum,High,High,Established supplier ecosystem; exact supplier list should be verified for the required grade/region,Low,Established Indian and global supply chain,B,Mahindra Accelo FY2024-25 Annual Report; industry supply-chain evidence
ANSI Aluminum Alloy 6351-T6 Wrought,Aluminum,High,High,Established supplier ecosystem; exact supplier list should be verified for the required grade/region,Low,Established Indian and global supply chain,B,Mahindra Accelo FY2024-25 Annual Report; industry supply-chain evidence
ANSI Aluminum Alloy 6463-T1 Wrought,Aluminum,High,High,Established supplier ecosystem; exact supplier list should be verified for the required grade/region,Low,Established Indian and global supply chain,B,Mahindra Accelo FY2024-25 Annual Report; industry supply-chain evidence
ANSI Aluminum Alloy 6463-T5 Wrought,Aluminum,High,High,Established supplier ecosystem; exact supplier list should be verified for the required grade/region,Low,Established Indian and global supply chain,B,Mahindra Accelo FY2024-25 Annual Report; industry supply-chain evidence
ANSI Aluminum Alloy 6463-T6 Wrought,Aluminum,High,High,Established supplier ecosystem; exact supplier list should be verified for the required grade/region,Low,Established Indian and global supply chain,B,Mahindra Accelo FY2024-25 Annual Report; industry supply-chain evidence
ANSI Aluminum Alloy 7049-T73 Wrought,Aluminum,High,High,Established supplier ecosystem; exact supplier list should be verified for the required grade/region,Low,Established Indian and global supply chain,B,Mahindra Accelo FY2024-25 Annual Report; industry supply-chain evidence
ANSI Aluminum Alloy 7049-T7352 Wrought,Aluminum,High,High,Established supplier ecosystem; exact supplier list should be verified for the required grade/region,Low,Established Indian and global supply chain,B,Mahindra Accelo FY2024-25 Annual Report; industry supply-chain evidence
ANSI Aluminum Alloy 7050-T73510 Wrought,Aluminum,High,High,Established supplier ecosystem; exact supplier list should be verified for the required grade/region,Low,Established Indian and global supply chain,B,Mahindra Accelo FY2024-25 Annual Report; industry supply-chain evidence
ANSI Aluminum Alloy 7050-T7451f Wrought,Aluminum,High,High,Established supplier ecosystem; exact supplier list should be verified for the required grade/region,Low,Established Indian and global supply chain,B,Mahindra Accelo FY2024-25 Annual Report; industry supply-chain evidence
ANSI Aluminum Alloy 7050-T7651 Wrought,Aluminum,High,High,Established supplier ecosystem; exact supplier list should be verified for the required grade/region,Low,Established Indian and global supply chain,B,Mahindra Accelo FY2024-25 Annual Report; industry supply-chain evidence
ANSI Aluminum Alloy 7075-O Wrought,Aluminum,High,High,Established supplier ecosystem; exact supplier list should be verified for the required grade/region,Low,Established Indian and global supply chain,B,Mahindra Accelo FY2024-25 Annual Report; industry supply-chain evidence
ANSI Aluminum Alloy 7075-T6 Wrought,Aluminum,High,High,Established supplier ecosystem; exact supplier list should be verified for the required grade/region,Low,Established Indian and global supply chain,B,Mahindra Accelo FY2024-25 Annual Report; industry supply-chain evidence
ANSI Aluminum Alloy 7075-T651 Wrought,Aluminum,High,High,Established supplier ecosystem; exact supplier list should be verified for the required grade/region,Low,Established Indian and global supply chain,B,Mahindra Accelo FY2024-25 Annual Report; industry supply-chain evidence
ANSI Aluminum Alloy Alclad 7075-O Wrought,Aluminum,High,High,Established supplier ecosystem; exact supplier list should be verified for the required grade/region,Low,Established Indian and global supply chain,B,Mahindra Accelo FY2024-25 Annual Report; industry supply-chain evidence
ANSI Aluminum Alloy Alclad 7075-T6 Wrought,Aluminum,High,High,Established supplier ecosystem; exact supplier list should be verified for the required grade/region,Low,Established Indian and global supply chain,B,Mahindra Accelo FY2024-25 Annual Report; industry supply-chain evidence
ANSI Aluminum Alloy Alclad 7075-T651 Wrought,Aluminum,High,High,Established supplier ecosystem; exact supplier list should be verified for the required grade/region,Low,Established Indian and global supply chain,B,Mahindra Accelo FY2024-25 Annual Report; industry supply-chain evidence
ANSI Aluminum Alloy 7178-O Wrought,Aluminum,High,High,Established supplier ecosystem; exact supplier list should be verified for the required grade/region,Low,Established Indian and global supply chain,B,Mahindra Accelo FY2024-25 Annual Report; industry supply-chain evidence
ANSI Aluminum Alloy 7178-T6 Wrought,Aluminum,High,High,Established supplier ecosystem; exact supplier list should be verified for the required grade/region,Low,Established Indian and global supply chain,B,Mahindra Accelo FY2024-25 Annual Report; industry supply-chain evidence
ANSI Aluminum Alloy 7178-T651 Wrought,Aluminum,High,High,Established supplier ecosystem; exact supplier list should be verified for the required grade/region,Low,Established Indian and global supply chain,B,Mahindra Accelo FY2024-25 Annual Report; industry supply-chain evidence
ANSI Aluminum Alloy 7178-T76 Wrought,Aluminum,High,High,Established supplier ecosystem; exact supplier list should be verified for the required grade/region,Low,Established Indian and global supply chain,B,Mahindra Accelo FY2024-25 Annual Report; industry supply-chain evidence
ANSI Aluminum Alloy 7178-T7651 Wrought,Aluminum,High,High,Established supplier ecosystem; exact supplier list should be verified for the required grade/region,Low,Established Indian and global supply chain,B,Mahindra Accelo FY2024-25 Annual Report; industry supply-chain evidence
ANSI Aluminum Alloy Alclad 7178-O Wrought,Aluminum,High,High,Established supplier ecosystem; exact supplier list should be verified for the required grade/region,Low,Established Indian and global supply chain,B,Mahindra Accelo FY2024-25 Annual Report; industry supply-chain evidence
ANSI Aluminum Alloy Alclad 7178-T6 Wrought,Aluminum,High,High,Established supplier ecosystem; exact supplier list should be verified for the required grade/region,Low,Established Indian and global supply chain,B,Mahindra Accelo FY2024-25 Annual Report; industry supply-chain evidence
ANSI Aluminum Alloy Alclad 7178-T651 Wrought,Aluminum,High,High,Established supplier ecosystem; exact supplier list should be verified for the required grade/region,Low,Established Indian and global supply chain,B,Mahindra Accelo FY2024-25 Annual Report; industry supply-chain evidence
ANSI Aluminum Alloy 8176-H24 Wrought,Aluminum,High,High,Established supplier ecosystem; exact supplier list should be verified for the required grade/region,Low,Established Indian and global supply chain,B,Mahindra Accelo FY2024-25 Annual Report; industry supply-chain evidence
ANSI Magnesium Alloy AM100A-T61 sand casting,Magnesium,Medium,High,Specialized supplier ecosystem; exact supplier list should be verified for the required grade/region,Medium,More specialized than steel/aluminum,C,Class-level market assessment; grade-specific supplier verification required
ANSI Magnesium Alloy AZ63A-T6 sand casting,Magnesium,Medium,High,Specialized supplier ecosystem; exact supplier list should be verified for the required grade/region,Medium,More specialized than steel/aluminum,C,Class-level market assessment; grade-specific supplier verification required
ANSI Magnesium Alloy AZ81A-T4 sand casting,Magnesium,Medium,High,Specialized supplier ecosystem; exact supplier list should be verified for the required grade/region,Medium,More specialized than steel/aluminum,C,Class-level market assessment; grade-specific supplier verification required
ANSI Magnesium Alloy AZ91C-T6 sand casting,Magnesium,Medium,High,Specialized supplier ecosystem; exact supplier list should be verified for the required grade/region,Medium,More specialized than steel/aluminum,C,Class-level market assessment; grade-specific supplier verification required
ANSI Magnesium Alloy AZ91E-T6 sand casting,Magnesium,Medium,High,Specialized supplier ecosystem; exact supplier list should be verified for the required grade/region,Medium,More specialized than steel/aluminum,C,Class-level market assessment; grade-specific supplier verification required
ANSI Magnesium Alloy AZ92A-T6 sand casting,Magnesium,Medium,High,Specialized supplier ecosystem; exact supplier list should be verified for the required grade/region,Medium,More specialized than steel/aluminum,C,Class-level market assessment; grade-specific supplier verification required
ANSI Magnesium Alloy EZ33A-T5 sand casting,Magnesium,Medium,High,Specialized supplier ecosystem; exact supplier list should be verified for the required grade/region,Medium,More specialized than steel/aluminum,C,Class-level market assessment; grade-specific supplier verification required
ANSI Magnesium Alloy HK31A-T6 sand casting,Magnesium,Medium,High,Specialized supplier ecosystem; exact supplier list should be verified for the required grade/region,Medium,More specialized than steel/aluminum,C,Class-level market assessment; grade-specific supplier verification required
ANSI Magnesium Alloy HZ32A-T6 sand casting,Magnesium,Medium,High,Specialized supplier ecosystem; exact supplier list should be verified for the required grade/region,Medium,More specialized than steel/aluminum,C,Class-level market assessment; grade-specific supplier verification required
ANSI Magnesium Alloy K1A-F sand casting,Magnesium,Medium,High,Specialized supplier ecosystem; exact supplier list should be verified for the required grade/region,Medium,More specialized than steel/aluminum,C,Class-level market assessment; grade-specific supplier verification required
ANSI Magnesium Alloy QE22A-T6 sand casting,Magnesium,Medium,High,Specialized supplier ecosystem; exact supplier list should be verified for the required grade/region,Medium,More specialized than steel/aluminum,C,Class-level market assessment; grade-specific supplier verification required
ANSI Magnesium Alloy QH21A-T6 sand casting,Magnesium,Medium,High,Specialized supplier ecosystem; exact supplier list should be verified for the required grade/region,Medium,More specialized than steel/aluminum,C,Class-level market assessment; grade-specific supplier verification required
ANSI Magnesium Alloy ZE41A-T5 sand casting,Magnesium,Medium,High,Specialized supplier ecosystem; exact supplier list should be verified for the required grade/region,Medium,More specialized than steel/aluminum,C,Class-level market assessment; grade-specific supplier verification required
ANSI Magnesium Alloy ZE63A-T6 sand casting,Magnesium,Medium,High,Specialized supplier ecosystem; exact supplier list should be verified for the required grade/region,Medium,More specialized than steel/aluminum,C,Class-level market assessment; grade-specific supplier verification required
ANSI Magnesium Alloy ZH62A-T5 sand casting,Magnesium,Medium,High,Specialized supplier ecosystem; exact supplier list should be verified for the required grade/region,Medium,More specialized than steel/aluminum,C,Class-level market assessment; grade-specific supplier verification required
ANSI Magnesium Alloy ZK51A-T5 sand casting,Magnesium,Medium,High,Specialized supplier ecosystem; exact supplier list should be verified for the required grade/region,Medium,More specialized than steel/aluminum,C,Class-level market assessment; grade-specific supplier verification required
ANSI Magnesium Alloy ZK61A-T6 sand casting,Magnesium,Medium,High,Specialized supplier ecosystem; exact supplier list should be verified for the required grade/region,Medium,More specialized than steel/aluminum,C,Class-level market assessment; grade-specific supplier verification required
ANSI Magnesium Alloy WE54A-F sand casting,Magnesium,Medium,High,Specialized supplier ecosystem; exact supplier list should be verified for the required grade/region,Medium,More specialized than steel/aluminum,C,Class-level market assessment; grade-specific supplier verification required
ANSI Magnesium Alloy AZ91A-F pressure die casting,Magnesium,Medium,High,Specialized supplier ecosystem; exact supplier list should be verified for the required grade/region,Medium,More specialized than steel/aluminum,C,Class-level market assessment; grade-specific supplier verification required
ANSI Magnesium Alloy AZ91B-FAZ91B-F pressure die casting,Magnesium,Medium,High,Specialized supplier ecosystem; exact supplier list should be verified for the required grade/region,Medium,More specialized than steel/aluminum,C,Class-level market assessment; grade-specific supplier verification required
ANSI Magnesium Alloy AZ91D-F pressure die casting,Magnesium,Medium,High,Specialized supplier ecosystem; exact supplier list should be verified for the required grade/region,Medium,More specialized than steel/aluminum,C,Class-level market assessment; grade-specific supplier verification required
ANSI Magnesium Alloy AM60A-F pressure die casting,Magnesium,Medium,High,Specialized supplier ecosystem; exact supplier list should be verified for the required grade/region,Medium,More specialized than steel/aluminum,C,Class-level market assessment; grade-specific supplier verification required
ANSI Magnesium Alloy AM60B-F pressure die casting,Magnesium,Medium,High,Specialized supplier ecosystem; exact supplier list should be verified for the required grade/region,Medium,More specialized than steel/aluminum,C,Class-level market assessment; grade-specific supplier verification required
ANSI Magnesium Alloy AS41A-F pressure die casting,Magnesium,Medium,High,Specialized supplier ecosystem; exact supplier list should be verified for the required grade/region,Medium,More specialized than steel/aluminum,C,Class-level market assessment; grade-specific supplier verification required
ANSI Magnesium Alloy AZ10A-F As extruded,Magnesium,Medium,High,Specialized supplier ecosystem; exact supplier list should be verified for the required grade/region,Medium,More specialized than steel/aluminum,C,Class-level market assessment; grade-specific supplier verification required
ANSI Magnesium Alloy AZ31B-F As extruded,Magnesium,Medium,High,Specialized supplier ecosystem; exact supplier list should be verified for the required grade/region,Medium,More specialized than steel/aluminum,C,Class-level market assessment; grade-specific supplier verification required
ANSI Magnesium Alloy AZ31C-F As extruded,Magnesium,Medium,High,Specialized supplier ecosystem; exact supplier list should be verified for the required grade/region,Medium,More specialized than steel/aluminum,C,Class-level market assessment; grade-specific supplier verification required
ANSI Magnesium Alloy AZ61A-F As extruded,Magnesium,Medium,High,Specialized supplier ecosystem; exact supplier list should be verified for the required grade/region,Medium,More specialized than steel/aluminum,C,Class-level market assessment; grade-specific supplier verification required
ANSI Magnesium Alloy AZ80A-T5 As extruded,Magnesium,Medium,High,Specialized supplier ecosystem; exact supplier list should be verified for the required grade/region,Medium,More specialized than steel/aluminum,C,Class-level market assessment; grade-specific supplier verification required
ANSI Magnesium Alloy HM31A-F As extruded,Magnesium,Medium,High,Specialized supplier ecosystem; exact supplier list should be verified for the required grade/region,Medium,More specialized than steel/aluminum,C,Class-level market assessment; grade-specific supplier verification required
ANSI Magnesium Alloy M1A-F As extruded,Magnesium,Medium,High,Specialized supplier ecosystem; exact supplier list should be verified for the required grade/region,Medium,More specialized than steel/aluminum,C,Class-level market assessment; grade-specific supplier verification required
ANSI Magnesium Alloy ZK40A-T5 As extruded,Magnesium,Medium,High,Specialized supplier ecosystem; exact supplier list should be verified for the required grade/region,Medium,More specialized than steel/aluminum,C,Class-level market assessment; grade-specific supplier verification required
ANSI Magnesium Alloy ZK60A-F As extruded,Magnesium,Medium,High,Specialized supplier ecosystem; exact supplier list should be verified for the required grade/region,Medium,More specialized than steel/aluminum,C,Class-level market assessment; grade-specific supplier verification required
ANSI Magnesium Alloy AZ31B-H24,Magnesium,Medium,High,Specialized supplier ecosystem; exact supplier list should be verified for the required grade/region,Medium,More specialized than steel/aluminum,C,Class-level market assessment; grade-specific supplier verification required
ANSI Magnesium Alloy AZ31C-H24,Magnesium,Medium,High,Specialized supplier ecosystem; exact supplier list should be verified for the required grade/region,Medium,More specialized than steel/aluminum,C,Class-level market assessment; grade-specific supplier verification required
ANSI Magnesium Alloy HK31A-H24,Magnesium,Medium,High,Specialized supplier ecosystem; exact supplier list should be verified for the required grade/region,Medium,More specialized than steel/aluminum,C,Class-level market assessment; grade-specific supplier verification required
ANSI Magnesium Alloy HM21A-T8,Magnesium,Medium,High,Specialized supplier ecosystem; exact supplier list should be verified for the required grade/region,Medium,More specialized than steel/aluminum,C,Class-level market assessment; grade-specific supplier verification required
ISO EN 11SMn30,Steel,High,High,Established supplier ecosystem; exact supplier list should be verified for the required grade/region,Low,Mature Indian and global supply chain,B,Mahindra Accelo FY2024-25 Annual Report; industry supply-chain evidence
ISO EN 10S2O,Steel,High,High,Established supplier ecosystem; exact supplier list should be verified for the required grade/region,Low,Mature Indian and global supply chain,B,Mahindra Accelo FY2024-25 Annual Report; industry supply-chain evidence
ISO EN 35S20,Steel,High,High,Established supplier ecosystem; exact supplier list should be verified for the required grade/region,Low,Mature Indian and global supply chain,B,Mahindra Accelo FY2024-25 Annual Report; industry supply-chain evidence
ISO EN FeP01,Steel,High,High,Established supplier ecosystem; exact supplier list should be verified for the required grade/region,Low,Mature Indian and global supply chain,B,Mahindra Accelo FY2024-25 Annual Report; industry supply-chain evidence
ISO EN FeP03,Steel,High,High,Established supplier ecosystem; exact supplier list should be verified for the required grade/region,Low,Mature Indian and global supply chain,B,Mahindra Accelo FY2024-25 Annual Report; industry supply-chain evidence
ISO EN FeP04,Steel,High,High,Established supplier ecosystem; exact supplier list should be verified for the required grade/region,Low,Mature Indian and global supply chain,B,Mahindra Accelo FY2024-25 Annual Report; industry supply-chain evidence
ISO EN SPT360,Steel,High,High,Established supplier ecosystem; exact supplier list should be verified for the required grade/region,Low,Mature Indian and global supply chain,B,Mahindra Accelo FY2024-25 Annual Report; industry supply-chain evidence
ISO EN P235GH,Steel,High,High,Established supplier ecosystem; exact supplier list should be verified for the required grade/region,Low,Mature Indian and global supply chain,B,Mahindra Accelo FY2024-25 Annual Report; industry supply-chain evidence
ISO EN S235JRG1,Steel,High,High,Established supplier ecosystem; exact supplier list should be verified for the required grade/region,Low,Mature Indian and global supply chain,B,Mahindra Accelo FY2024-25 Annual Report; industry supply-chain evidence
ISO EN S235JRH,Steel,High,High,Established supplier ecosystem; exact supplier list should be verified for the required grade/region,Low,Mature Indian and global supply chain,B,Mahindra Accelo FY2024-25 Annual Report; industry supply-chain evidence
ISO EN S235JRG2,Steel,High,High,Established supplier ecosystem; exact supplier list should be verified for the required grade/region,Low,Mature Indian and global supply chain,B,Mahindra Accelo FY2024-25 Annual Report; industry supply-chain evidence
ISO EN S235JO,Steel,High,High,Established supplier ecosystem; exact supplier list should be verified for the required grade/region,Low,Mature Indian and global supply chain,B,Mahindra Accelo FY2024-25 Annual Report; industry supply-chain evidence
ISO EN P265GH,Steel,High,High,Established supplier ecosystem; exact supplier list should be verified for the required grade/region,Low,Mature Indian and global supply chain,B,Mahindra Accelo FY2024-25 Annual Report; industry supply-chain evidence
ISO EN S275JR,Steel,High,High,Established supplier ecosystem; exact supplier list should be verified for the required grade/region,Low,Mature Indian and global supply chain,B,Mahindra Accelo FY2024-25 Annual Report; industry supply-chain evidence
ISO EN S275J2G3,Steel,High,High,Established supplier ecosystem; exact supplier list should be verified for the required grade/region,Low,Mature Indian and global supply chain,B,Mahindra Accelo FY2024-25 Annual Report; industry supply-chain evidence
ISO EN S275J2HG3,Steel,High,High,Established supplier ecosystem; exact supplier list should be verified for the required grade/region,Low,Mature Indian and global supply chain,B,Mahindra Accelo FY2024-25 Annual Report; industry supply-chain evidence
ISO EN S355J2G3,Steel,High,High,Established supplier ecosystem; exact supplier list should be verified for the required grade/region,Low,Mature Indian and global supply chain,B,Mahindra Accelo FY2024-25 Annual Report; industry supply-chain evidence
ISO EN S355J2H,Steel,High,High,Established supplier ecosystem; exact supplier list should be verified for the required grade/region,Low,Mature Indian and global supply chain,B,Mahindra Accelo FY2024-25 Annual Report; industry supply-chain evidence
ISO EN S355JO,Steel,High,High,Established supplier ecosystem; exact supplier list should be verified for the required grade/region,Low,Mature Indian and global supply chain,B,Mahindra Accelo FY2024-25 Annual Report; industry supply-chain evidence
ISO EN S355JOH,Steel,High,High,Established supplier ecosystem; exact supplier list should be verified for the required grade/region,Low,Mature Indian and global supply chain,B,Mahindra Accelo FY2024-25 Annual Report; industry supply-chain evidence
ISO EN SPT410,Steel,High,High,Established supplier ecosystem; exact supplier list should be verified for the required grade/region,Low,Mature Indian and global supply chain,B,Mahindra Accelo FY2024-25 Annual Report; industry supply-chain evidence
ISO EN SPT510,Steel,High,High,Established supplier ecosystem; exact supplier list should be verified for the required grade/region,Low,Mature Indian and global supply chain,B,Mahindra Accelo FY2024-25 Annual Report; industry supply-chain evidence
ISO EN E295,Steel,High,High,Established supplier ecosystem; exact supplier list should be verified for the required grade/region,Low,Mature Indian and global supply chain,B,Mahindra Accelo FY2024-25 Annual Report; industry supply-chain evidence
ISO EN E355,Steel,High,High,Established supplier ecosystem; exact supplier list should be verified for the required grade/region,Low,Mature Indian and global supply chain,B,Mahindra Accelo FY2024-25 Annual Report; industry supply-chain evidence
ISO EN E360,Steel,High,High,Established supplier ecosystem; exact supplier list should be verified for the required grade/region,Low,Mature Indian and global supply chain,B,Mahindra Accelo FY2024-25 Annual Report; industry supply-chain evidence
ISO EN C10E,Steel,High,High,Established supplier ecosystem; exact supplier list should be verified for the required grade/region,Low,Mature Indian and global supply chain,B,Mahindra Accelo FY2024-25 Annual Report; industry supply-chain evidence
ISO EN C15E,Steel,High,High,Established supplier ecosystem; exact supplier list should be verified for the required grade/region,Low,Mature Indian and global supply chain,B,Mahindra Accelo FY2024-25 Annual Report; industry supply-chain evidence
ISO EN C22,Steel,High,High,Established supplier ecosystem; exact supplier list should be verified for the required grade/region,Low,Mature Indian and global supply chain,B,Mahindra Accelo FY2024-25 Annual Report; industry supply-chain evidence
ISO EN C25,Steel,High,High,Established supplier ecosystem; exact supplier list should be verified for the required grade/region,Low,Mature Indian and global supply chain,B,Mahindra Accelo FY2024-25 Annual Report; industry supply-chain evidence
ISO EN C30,Steel,High,High,Established supplier ecosystem; exact supplier list should be verified for the required grade/region,Low,Mature Indian and global supply chain,B,Mahindra Accelo FY2024-25 Annual Report; industry supply-chain evidence
ISO EN C35,Steel,High,High,Established supplier ecosystem; exact supplier list should be verified for the required grade/region,Low,Mature Indian and global supply chain,B,Mahindra Accelo FY2024-25 Annual Report; industry supply-chain evidence
ISO EN C40,Steel,High,High,Established supplier ecosystem; exact supplier list should be verified for the required grade/region,Low,Mature Indian and global supply chain,B,Mahindra Accelo FY2024-25 Annual Report; industry supply-chain evidence
ISO EN C45 heat treated,Steel,High,High,Established supplier ecosystem; exact supplier list should be verified for the required grade/region,Low,Mature Indian and global supply chain,B,Mahindra Accelo FY2024-25 Annual Report; industry supply-chain evidence
ISO EN C50 heat treated,Steel,High,High,Established supplier ecosystem; exact supplier list should be verified for the required grade/region,Low,Mature Indian and global supply chain,B,Mahindra Accelo FY2024-25 Annual Report; industry supply-chain evidence
ISO EN C55 heat treated,Steel,High,High,Established supplier ecosystem; exact supplier list should be verified for the required grade/region,Low,Mature Indian and global supply chain,B,Mahindra Accelo FY2024-25 Annual Report; industry supply-chain evidence
ISO EN C60 heat treated,Steel,High,High,Established supplier ecosystem; exact supplier list should be verified for the required grade/region,Low,Mature Indian and global supply chain,B,Mahindra Accelo FY2024-25 Annual Report; industry supply-chain evidence
ISO EN P295GH,Steel,High,High,Established supplier ecosystem; exact supplier list should be verified for the required grade/region,Low,Mature Indian and global supply chain,B,Mahindra Accelo FY2024-25 Annual Report; industry supply-chain evidence
ISO EN 28Mn6 heat treated,Steel,High,High,Established supplier ecosystem; exact supplier list should be verified for the required grade/region,Low,Mature Indian and global supply chain,B,Mahindra Accelo FY2024-25 Annual Report; industry supply-chain evidence
ISO EN 17Cr3,Steel,High,High,Established supplier ecosystem; exact supplier list should be verified for the required grade/region,Low,Mature Indian and global supply chain,B,Mahindra Accelo FY2024-25 Annual Report; industry supply-chain evidence
ISO EN 34Cr4 heat treated,Steel,High,High,Established supplier ecosystem; exact supplier list should be verified for the required grade/region,Low,Mature Indian and global supply chain,B,Mahindra Accelo FY2024-25 Annual Report; industry supply-chain evidence
ISO EN 37Cr4 heat treated,Steel,High,High,Established supplier ecosystem; exact supplier list should be verified for the required grade/region,Low,Mature Indian and global supply chain,B,Mahindra Accelo FY2024-25 Annual Report; industry supply-chain evidence
ISO EN 41Cr4 heat treated,Steel,High,High,Established supplier ecosystem; exact supplier list should be verified for the required grade/region,Low,Mature Indian and global supply chain,B,Mahindra Accelo FY2024-25 Annual Report; industry supply-chain evidence
ISO EN 16MnCr5 case-hardened,Steel,High,High,Established supplier ecosystem; exact supplier list should be verified for the required grade/region,Low,Mature Indian and global supply chain,B,Mahindra Accelo FY2024-25 Annual Report; industry supply-chain evidence
ISO EN 20MnCr5 case-hardened,Steel,High,High,Established supplier ecosystem; exact supplier list should be verified for the required grade/region,Low,Mature Indian and global supply chain,B,Mahindra Accelo FY2024-25 Annual Report; industry supply-chain evidence
ISO EN 16Mo3,Steel,High,High,Established supplier ecosystem; exact supplier list should be verified for the required grade/region,Low,Mature Indian and global supply chain,B,Mahindra Accelo FY2024-25 Annual Report; industry supply-chain evidence
ISO EN 13CrMo4,Steel,High,High,Established supplier ecosystem; exact supplier list should be verified for the required grade/region,Low,Mature Indian and global supply chain,B,Mahindra Accelo FY2024-25 Annual Report; industry supply-chain evidence
ISO EN 25CrMo4 heat treated,Steel,High,High,Established supplier ecosystem; exact supplier list should be verified for the required grade/region,Low,Mature Indian and global supply chain,B,Mahindra Accelo FY2024-25 Annual Report; industry supply-chain evidence
ISO EN 34CrMo4 heat treated,Steel,High,High,Established supplier ecosystem; exact supplier list should be verified for the required grade/region,Low,Mature Indian and global supply chain,B,Mahindra Accelo FY2024-25 Annual Report; industry supply-chain evidence
ISO EN 42CrMo4 heat treated,Steel,High,High,Established supplier ecosystem; exact supplier list should be verified for the required grade/region,Low,Mature Indian and global supply chain,B,Mahindra Accelo FY2024-25 Annual Report; industry supply-chain evidence
ISO EN S355J2G1W,Steel,High,High,Established supplier ecosystem; exact supplier list should be verified for the required grade/region,Low,Mature Indian and global supply chain,B,Mahindra Accelo FY2024-25 Annual Report; industry supply-chain evidence
ISO EN S355J0WP,Steel,High,High,Established supplier ecosystem; exact supplier list should be verified for the required grade/region,Low,Mature Indian and global supply chain,B,Mahindra Accelo FY2024-25 Annual Report; industry supply-chain evidence
ISO EN 51CrV4 case-hardened,Steel,High,High,Established supplier ecosystem; exact supplier list should be verified for the required grade/region,Low,Mature Indian and global supply chain,B,Mahindra Accelo FY2024-25 Annual Report; industry supply-chain evidence
ISO EN 10CrMo9-10,Steel,High,High,Established supplier ecosystem; exact supplier list should be verified for the required grade/region,Low,Mature Indian and global supply chain,B,Mahindra Accelo FY2024-25 Annual Report; industry supply-chain evidence
ISO EN 11CrMo9-10,Steel,High,High,Established supplier ecosystem; exact supplier list should be verified for the required grade/region,Low,Mature Indian and global supply chain,B,Mahindra Accelo FY2024-25 Annual Report; industry supply-chain evidence
ISO EN 16NiCr4 case-hardened,Steel,High,High,Established supplier ecosystem; exact supplier list should be verified for the required grade/region,Low,Mature Indian and global supply chain,B,Mahindra Accelo FY2024-25 Annual Report; industry supply-chain evidence
ISO EN 12Ni14,Steel,High,High,Established supplier ecosystem; exact supplier list should be verified for the required grade/region,Low,Mature Indian and global supply chain,B,Mahindra Accelo FY2024-25 Annual Report; industry supply-chain evidence
ISO EN 34CrNiMo6 heat treated,Steel,High,High,Established supplier ecosystem; exact supplier list should be verified for the required grade/region,Low,Mature Indian and global supply chain,B,Mahindra Accelo FY2024-25 Annual Report; industry supply-chain evidence
ISO EN 30CrNiMo8 heat treated,Steel,High,High,Established supplier ecosystem; exact supplier list should be verified for the required grade/region,Low,Mature Indian and global supply chain,B,Mahindra Accelo FY2024-25 Annual Report; industry supply-chain evidence
ISO EN 12Ni19,Steel,High,High,Established supplier ecosystem; exact supplier list should be verified for the required grade/region,Low,Mature Indian and global supply chain,B,Mahindra Accelo FY2024-25 Annual Report; industry supply-chain evidence
ISO EN X8Ni9,Steel,High,High,Established supplier ecosystem; exact supplier list should be verified for the required grade/region,Low,Mature Indian and global supply chain,B,Mahindra Accelo FY2024-25 Annual Report; industry supply-chain evidence
ISO EN X6Cr13,Stainless steel,High,High,Established supplier ecosystem; exact supplier list should be verified for the required grade/region,Low,Mature Indian and global supply chain,C,Class-level market assessment; grade-specific supplier verification required
ISO EN X12Cr13,Stainless steel,High,High,Established supplier ecosystem; exact supplier list should be verified for the required grade/region,Low,Mature Indian and global supply chain,C,Class-level market assessment; grade-specific supplier verification required
ISO EN X20Cr13,Stainless steel,High,High,Established supplier ecosystem; exact supplier list should be verified for the required grade/region,Low,Mature Indian and global supply chain,C,Class-level market assessment; grade-specific supplier verification required
ISO EN X30Cr13,Steel,High,High,Established supplier ecosystem; exact supplier list should be verified for the required grade/region,Low,Mature Indian and global supply chain,B,Mahindra Accelo FY2024-25 Annual Report; industry supply-chain evidence
ISO EN X6Cr17,Stainless steel,High,High,Established supplier ecosystem; exact supplier list should be verified for the required grade/region,Low,Mature Indian and global supply chain,C,Class-level market assessment; grade-specific supplier verification required
ISO EN X17CrNi16-2,Stainless steel,High,High,Established supplier ecosystem; exact supplier list should be verified for the required grade/region,Low,Mature Indian and global supply chain,C,Class-level market assessment; grade-specific supplier verification required
ISO EN X5CrNi18-10,Stainless steel,High,High,Established supplier ecosystem; exact supplier list should be verified for the required grade/region,Low,Mature Indian and global supply chain,C,Class-level market assessment; grade-specific supplier verification required
ISO EN X8CrNiS18-9,Stainless steel,High,High,Established supplier ecosystem; exact supplier list should be verified for the required grade/region,Low,Mature Indian and global supply chain,C,Class-level market assessment; grade-specific supplier verification required
ISO EN X6CrNiTi18-10,Stainless steel,High,High,Established supplier ecosystem; exact supplier list should be verified for the required grade/region,Low,Mature Indian and global supply chain,C,Class-level market assessment; grade-specific supplier verification required
ISO EN X2CrNi19-11,Stainless steel,High,High,Established supplier ecosystem; exact supplier list should be verified for the required grade/region,Low,Mature Indian and global supply chain,C,Class-level market assessment; grade-specific supplier verification required
ISO EN X2CrNiN18-10,Stainless steel,High,High,Established supplier ecosystem; exact supplier list should be verified for the required grade/region,Low,Mature Indian and global supply chain,C,Class-level market assessment; grade-specific supplier verification required
ISO EN X5CrNiMo17-12-2,Stainless steel,High,High,Established supplier ecosystem; exact supplier list should be verified for the required grade/region,Low,Mature Indian and global supply chain,C,Class-level market assessment; grade-specific supplier verification required
ISO EN X6CrNiMoTi17-12-2,Stainless steel,High,High,Established supplier ecosystem; exact supplier list should be verified for the required grade/region,Low,Mature Indian and global supply chain,C,Class-level market assessment; grade-specific supplier verification required
ISO EN X2CrNiMo17-12-2,Stainless steel,High,High,Established supplier ecosystem; exact supplier list should be verified for the required grade/region,Low,Mature Indian and global supply chain,C,Class-level market assessment; grade-specific supplier verification required
ISO EN X2CrNiMo18-14-3,Stainless steel,High,High,Established supplier ecosystem; exact supplier list should be verified for the required grade/region,Low,Mature Indian and global supply chain,C,Class-level market assessment; grade-specific supplier verification required
ISO EN X3CrNiMo17-13-3,Stainless steel,High,High,Established supplier ecosystem; exact supplier list should be verified for the required grade/region,Low,Mature Indian and global supply chain,C,Class-level market assessment; grade-specific supplier verification required
ISO EN X2CrNiMoN17-11-2,Stainless steel,High,High,Established supplier ecosystem; exact supplier list should be verified for the required grade/region,Low,Mature Indian and global supply chain,C,Class-level market assessment; grade-specific supplier verification required
ISO EN X2CrNiMoN17-13-3,Stainless steel,High,High,Established supplier ecosystem; exact supplier list should be verified for the required grade/region,Low,Mature Indian and global supply chain,C,Class-level market assessment; grade-specific supplier verification required
ISO EN X2CrNiMoN22-5-3,Stainless steel,High,High,Established supplier ecosystem; exact supplier list should be verified for the required grade/region,Low,Mature Indian and global supply chain,C,Class-level market assessment; grade-specific supplier verification required
ISO EN X12CrMnNiN18-9-5,Stainless steel,High,High,Established supplier ecosystem; exact supplier list should be verified for the required grade/region,Low,Mature Indian and global supply chain,C,Class-level market assessment; grade-specific supplier verification required
ISO Grey cast iron,Cast iron,High,High,Established supplier ecosystem; exact supplier list should be verified for the required grade/region,Low,Mature foundry and automotive supply chain,C,Class-level market assessment; grade-specific supplier verification required
ISO Grey cast iron,Cast iron,High,High,Established supplier ecosystem; exact supplier list should be verified for the required grade/region,Low,Mature foundry and automotive supply chain,C,Class-level market assessment; grade-specific supplier verification required
ISO Grey cast iron,Cast iron,High,High,Established supplier ecosystem; exact supplier list should be verified for the required grade/region,Low,Mature foundry and automotive supply chain,C,Class-level market assessment; grade-specific supplier verification required
ISO Grey cast iron,Cast iron,High,High,Established supplier ecosystem; exact supplier list should be verified for the required grade/region,Low,Mature foundry and automotive supply chain,C,Class-level market assessment; grade-specific supplier verification required
ISO Grey cast iron,Cast iron,High,High,Established supplier ecosystem; exact supplier list should be verified for the required grade/region,Low,Mature foundry and automotive supply chain,C,Class-level market assessment; grade-specific supplier verification required
ISO Nodular cast iron,Cast iron,High,High,Established supplier ecosystem; exact supplier list should be verified for the required grade/region,Low,Mature foundry and automotive supply chain,C,Class-level market assessment; grade-specific supplier verification required
ISO Nodular cast iron,Cast iron,High,High,Established supplier ecosystem; exact supplier list should be verified for the required grade/region,Low,Mature foundry and automotive supply chain,C,Class-level market assessment; grade-specific supplier verification required
ISO Nodular cast iron,Cast iron,High,High,Established supplier ecosystem; exact supplier list should be verified for the required grade/region,Low,Mature foundry and automotive supply chain,C,Class-level market assessment; grade-specific supplier verification required
ISO Nodular cast iron,Cast iron,High,High,Established supplier ecosystem; exact supplier list should be verified for the required grade/region,Low,Mature foundry and automotive supply chain,C,Class-level market assessment; grade-specific supplier verification required
ISO Malleable cast iron,Cast iron,High,High,Established supplier ecosystem; exact supplier list should be verified for the required grade/region,Low,Mature foundry and automotive supply chain,C,Class-level market assessment; grade-specific supplier verification required
ISO Malleable cast iron,Cast iron,High,High,Established supplier ecosystem; exact supplier list should be verified for the required grade/region,Low,Mature foundry and automotive supply chain,C,Class-level market assessment; grade-specific supplier verification required
DIN DIN 9SMn28,Steel,High,High,Established supplier ecosystem; exact supplier list should be verified for the required grade/region,Low,Mature Indian and global supply chain,B,Mahindra Accelo FY2024-25 Annual Report; industry supply-chain evidence
DIN DIN 10S2O,Steel,High,High,Established supplier ecosystem; exact supplier list should be verified for the required grade/region,Low,Mature Indian and global supply chain,B,Mahindra Accelo FY2024-25 Annual Report; industry supply-chain evidence
DIN DIN 35S20,Steel,High,High,Established supplier ecosystem; exact supplier list should be verified for the required grade/region,Low,Mature Indian and global supply chain,B,Mahindra Accelo FY2024-25 Annual Report; industry supply-chain evidence
DIN DIN USt1303,Steel,High,High,Established supplier ecosystem; exact supplier list should be verified for the required grade/region,Low,Mature Indian and global supply chain,B,Mahindra Accelo FY2024-25 Annual Report; industry supply-chain evidence
DIN DIN St1405,Steel,High,High,Established supplier ecosystem; exact supplier list should be verified for the required grade/region,Low,Mature Indian and global supply chain,B,Mahindra Accelo FY2024-25 Annual Report; industry supply-chain evidence
DIN DIN St1203,Steel,High,High,Established supplier ecosystem; exact supplier list should be verified for the required grade/region,Low,Mature Indian and global supply chain,B,Mahindra Accelo FY2024-25 Annual Report; industry supply-chain evidence
DIN DIN USt34-2,Steel,High,High,Established supplier ecosystem; exact supplier list should be verified for the required grade/region,Low,Mature Indian and global supply chain,B,Mahindra Accelo FY2024-25 Annual Report; industry supply-chain evidence
DIN DIN St34-2BK,Steel,High,High,Established supplier ecosystem; exact supplier list should be verified for the required grade/region,Low,Mature Indian and global supply chain,B,Mahindra Accelo FY2024-25 Annual Report; industry supply-chain evidence
DIN DIN St37.0,Steel,High,High,Established supplier ecosystem; exact supplier list should be verified for the required grade/region,Low,Mature Indian and global supply chain,B,Mahindra Accelo FY2024-25 Annual Report; industry supply-chain evidence
DIN DIN HI,Steel,High,High,Established supplier ecosystem; exact supplier list should be verified for the required grade/region,Low,Mature Indian and global supply chain,B,Mahindra Accelo FY2024-25 Annual Report; industry supply-chain evidence
DIN DIN St37-2,Steel,High,High,Established supplier ecosystem; exact supplier list should be verified for the required grade/region,Low,Mature Indian and global supply chain,B,Mahindra Accelo FY2024-25 Annual Report; industry supply-chain evidence
DIN DIN St37-2BK,Steel,High,High,Established supplier ecosystem; exact supplier list should be verified for the required grade/region,Low,Mature Indian and global supply chain,B,Mahindra Accelo FY2024-25 Annual Report; industry supply-chain evidence
DIN DIN RSt37-2,Steel,High,High,Established supplier ecosystem; exact supplier list should be verified for the required grade/region,Low,Mature Indian and global supply chain,B,Mahindra Accelo FY2024-25 Annual Report; industry supply-chain evidence
DIN DIN St37-3,Steel,High,High,Established supplier ecosystem; exact supplier list should be verified for the required grade/region,Low,Mature Indian and global supply chain,B,Mahindra Accelo FY2024-25 Annual Report; industry supply-chain evidence
DIN DIN HII,Steel,High,High,Established supplier ecosystem; exact supplier list should be verified for the required grade/region,Low,Mature Indian and global supply chain,B,Mahindra Accelo FY2024-25 Annual Report; industry supply-chain evidence
DIN DIN St44-2,Steel,High,High,Established supplier ecosystem; exact supplier list should be verified for the required grade/region,Low,Mature Indian and global supply chain,B,Mahindra Accelo FY2024-25 Annual Report; industry supply-chain evidence
DIN DIN St44.0,Steel,High,High,Established supplier ecosystem; exact supplier list should be verified for the required grade/region,Low,Mature Indian and global supply chain,B,Mahindra Accelo FY2024-25 Annual Report; industry supply-chain evidence
DIN DIN St44-3,Steel,High,High,Established supplier ecosystem; exact supplier list should be verified for the required grade/region,Low,Mature Indian and global supply chain,B,Mahindra Accelo FY2024-25 Annual Report; industry supply-chain evidence
DIN DIN St50-2,Steel,High,High,Established supplier ecosystem; exact supplier list should be verified for the required grade/region,Low,Mature Indian and global supply chain,B,Mahindra Accelo FY2024-25 Annual Report; industry supply-chain evidence
DIN DIN St52-3,Steel,High,High,Established supplier ecosystem; exact supplier list should be verified for the required grade/region,Low,Mature Indian and global supply chain,B,Mahindra Accelo FY2024-25 Annual Report; industry supply-chain evidence
DIN DIN St52.0,Steel,High,High,Established supplier ecosystem; exact supplier list should be verified for the required grade/region,Low,Mature Indian and global supply chain,B,Mahindra Accelo FY2024-25 Annual Report; industry supply-chain evidence
DIN DIN St52-3BK,Steel,High,High,Established supplier ecosystem; exact supplier list should be verified for the required grade/region,Low,Mature Indian and global supply chain,B,Mahindra Accelo FY2024-25 Annual Report; industry supply-chain evidence
DIN DIN St60-2,Steel,High,High,Established supplier ecosystem; exact supplier list should be verified for the required grade/region,Low,Mature Indian and global supply chain,B,Mahindra Accelo FY2024-25 Annual Report; industry supply-chain evidence
DIN DIN St70-2,Steel,High,High,Established supplier ecosystem; exact supplier list should be verified for the required grade/region,Low,Mature Indian and global supply chain,B,Mahindra Accelo FY2024-25 Annual Report; industry supply-chain evidence
DIN DIN Ck10 case-hardened,Steel,High,High,Established supplier ecosystem; exact supplier list should be verified for the required grade/region,Low,Mature Indian and global supply chain,B,Mahindra Accelo FY2024-25 Annual Report; industry supply-chain evidence
DIN DIN Ck15 case-hardened,Steel,High,High,Established supplier ecosystem; exact supplier list should be verified for the required grade/region,Low,Mature Indian and global supply chain,B,Mahindra Accelo FY2024-25 Annual Report; industry supply-chain evidence
DIN DIN Ck22,Steel,High,High,Established supplier ecosystem; exact supplier list should be verified for the required grade/region,Low,Mature Indian and global supply chain,B,Mahindra Accelo FY2024-25 Annual Report; industry supply-chain evidence
DIN DIN Ck25,Steel,High,High,Established supplier ecosystem; exact supplier list should be verified for the required grade/region,Low,Mature Indian and global supply chain,B,Mahindra Accelo FY2024-25 Annual Report; industry supply-chain evidence
DIN DIN Ck30,Steel,High,High,Established supplier ecosystem; exact supplier list should be verified for the required grade/region,Low,Mature Indian and global supply chain,B,Mahindra Accelo FY2024-25 Annual Report; industry supply-chain evidence
DIN DIN Ck35,Steel,High,High,Established supplier ecosystem; exact supplier list should be verified for the required grade/region,Low,Mature Indian and global supply chain,B,Mahindra Accelo FY2024-25 Annual Report; industry supply-chain evidence
DIN DIN Cf35,Steel,High,High,Established supplier ecosystem; exact supplier list should be verified for the required grade/region,Low,Mature Indian and global supply chain,B,Mahindra Accelo FY2024-25 Annual Report; industry supply-chain evidence
DIN DIN Ck40 heat treated,Steel,High,High,Established supplier ecosystem; exact supplier list should be verified for the required grade/region,Low,Mature Indian and global supply chain,B,Mahindra Accelo FY2024-25 Annual Report; industry supply-chain evidence
DIN DIN Ck45 normalized,Steel,High,High,Established supplier ecosystem; exact supplier list should be verified for the required grade/region,Low,Mature Indian and global supply chain,B,Mahindra Accelo FY2024-25 Annual Report; industry supply-chain evidence
DIN DIN Ck45 heat treated,Steel,High,High,Established supplier ecosystem; exact supplier list should be verified for the required grade/region,Low,Mature Indian and global supply chain,B,Mahindra Accelo FY2024-25 Annual Report; industry supply-chain evidence
DIN DIN Cf45,Steel,High,High,Established supplier ecosystem; exact supplier list should be verified for the required grade/region,Low,Mature Indian and global supply chain,B,Mahindra Accelo FY2024-25 Annual Report; industry supply-chain evidence
DIN DIN Ck50 face hardened,Steel,High,High,Established supplier ecosystem; exact supplier list should be verified for the required grade/region,Low,Mature Indian and global supply chain,B,Mahindra Accelo FY2024-25 Annual Report; industry supply-chain evidence
DIN DIN Cf53,Steel,High,High,Established supplier ecosystem; exact supplier list should be verified for the required grade/region,Low,Mature Indian and global supply chain,B,Mahindra Accelo FY2024-25 Annual Report; industry supply-chain evidence
DIN DIN Ck55 heat treated,Steel,High,High,Established supplier ecosystem; exact supplier list should be verified for the required grade/region,Low,Mature Indian and global supply chain,B,Mahindra Accelo FY2024-25 Annual Report; industry supply-chain evidence
DIN DIN Ck60 normalized,Steel,High,High,Established supplier ecosystem; exact supplier list should be verified for the required grade/region,Low,Mature Indian and global supply chain,B,Mahindra Accelo FY2024-25 Annual Report; industry supply-chain evidence
DIN DIN Ck60 heat treated,Steel,High,High,Established supplier ecosystem; exact supplier list should be verified for the required grade/region,Low,Mature Indian and global supply chain,B,Mahindra Accelo FY2024-25 Annual Report; industry supply-chain evidence
DIN DIN Ck60 nitro-carburized,Steel,High,High,Established supplier ecosystem; exact supplier list should be verified for the required grade/region,Low,Mature Indian and global supply chain,B,Mahindra Accelo FY2024-25 Annual Report; industry supply-chain evidence
DIN DIN 17Mn4,Steel,High,High,Established supplier ecosystem; exact supplier list should be verified for the required grade/region,Low,Mature Indian and global supply chain,B,Mahindra Accelo FY2024-25 Annual Report; industry supply-chain evidence
DIN DIN 28Mn6,Steel,High,High,Established supplier ecosystem; exact supplier list should be verified for the required grade/region,Low,Mature Indian and global supply chain,B,Mahindra Accelo FY2024-25 Annual Report; industry supply-chain evidence
DIN DIN 17Cr3,Steel,High,High,Established supplier ecosystem; exact supplier list should be verified for the required grade/region,Low,Mature Indian and global supply chain,B,Mahindra Accelo FY2024-25 Annual Report; industry supply-chain evidence
DIN DIN 34Cr4,Steel,High,High,Established supplier ecosystem; exact supplier list should be verified for the required grade/region,Low,Mature Indian and global supply chain,B,Mahindra Accelo FY2024-25 Annual Report; industry supply-chain evidence
DIN DIN 37Cr4 heat treated,Steel,High,High,Established supplier ecosystem; exact supplier list should be verified for the required grade/region,Low,Mature Indian and global supply chain,B,Mahindra Accelo FY2024-25 Annual Report; industry supply-chain evidence
DIN DIN 37Cr4 face hardened,Steel,High,High,Established supplier ecosystem; exact supplier list should be verified for the required grade/region,Low,Mature Indian and global supply chain,B,Mahindra Accelo FY2024-25 Annual Report; industry supply-chain evidence
DIN DIN 37Cr4 nitro-case-hard.,Steel,High,High,Established supplier ecosystem; exact supplier list should be verified for the required grade/region,Low,Mature Indian and global supply chain,B,Mahindra Accelo FY2024-25 Annual Report; industry supply-chain evidence
DIN DIN 38Cr4,Steel,High,High,Established supplier ecosystem; exact supplier list should be verified for the required grade/region,Low,Mature Indian and global supply chain,B,Mahindra Accelo FY2024-25 Annual Report; industry supply-chain evidence
DIN DIN 41Cr4,Steel,High,High,Established supplier ecosystem; exact supplier list should be verified for the required grade/region,Low,Mature Indian and global supply chain,B,Mahindra Accelo FY2024-25 Annual Report; industry supply-chain evidence
DIN DIN 42Cr4,Steel,High,High,Established supplier ecosystem; exact supplier list should be verified for the required grade/region,Low,Mature Indian and global supply chain,B,Mahindra Accelo FY2024-25 Annual Report; industry supply-chain evidence
DIN DIN 37CrS4,Steel,High,High,Established supplier ecosystem; exact supplier list should be verified for the required grade/region,Low,Mature Indian and global supply chain,B,Mahindra Accelo FY2024-25 Annual Report; industry supply-chain evidence
DIN DIN 41CrS4,Steel,High,High,Established supplier ecosystem; exact supplier list should be verified for the required grade/region,Low,Mature Indian and global supply chain,B,Mahindra Accelo FY2024-25 Annual Report; industry supply-chain evidence
DIN DIN 55Cr3 heat treated,Steel,High,High,Established supplier ecosystem; exact supplier list should be verified for the required grade/region,Low,Mature Indian and global supply chain,B,Mahindra Accelo FY2024-25 Annual Report; industry supply-chain evidence
DIN DIN 16MnCr5 case-hardened,Steel,High,High,Established supplier ecosystem; exact supplier list should be verified for the required grade/region,Low,Mature Indian and global supply chain,B,Mahindra Accelo FY2024-25 Annual Report; industry supply-chain evidence
DIN DIN 20MnCr5,Steel,High,High,Established supplier ecosystem; exact supplier list should be verified for the required grade/region,Low,Mature Indian and global supply chain,B,Mahindra Accelo FY2024-25 Annual Report; industry supply-chain evidence
DIN DIN 54SiCr6 heat treated,Steel,High,High,Established supplier ecosystem; exact supplier list should be verified for the required grade/region,Low,Mature Indian and global supply chain,B,Mahindra Accelo FY2024-25 Annual Report; industry supply-chain evidence
DIN DIN 15Mo3,Steel,High,High,Established supplier ecosystem; exact supplier list should be verified for the required grade/region,Low,Mature Indian and global supply chain,B,Mahindra Accelo FY2024-25 Annual Report; industry supply-chain evidence
DIN DIN 13CrMo4,Steel,High,High,Established supplier ecosystem; exact supplier list should be verified for the required grade/region,Low,Mature Indian and global supply chain,B,Mahindra Accelo FY2024-25 Annual Report; industry supply-chain evidence
DIN DIN WTSt52-3,Steel,High,High,Established supplier ecosystem; exact supplier list should be verified for the required grade/region,Low,Mature Indian and global supply chain,B,Mahindra Accelo FY2024-25 Annual Report; industry supply-chain evidence
DIN DIN 25CrMo4,Steel,High,High,Established supplier ecosystem; exact supplier list should be verified for the required grade/region,Low,Mature Indian and global supply chain,B,Mahindra Accelo FY2024-25 Annual Report; industry supply-chain evidence
DIN DIN 34CrMo4,Steel,High,High,Established supplier ecosystem; exact supplier list should be verified for the required grade/region,Low,Mature Indian and global supply chain,B,Mahindra Accelo FY2024-25 Annual Report; industry supply-chain evidence
DIN DIN 42CrMo4,Steel,High,High,Established supplier ecosystem; exact supplier list should be verified for the required grade/region,Low,Mature Indian and global supply chain,B,Mahindra Accelo FY2024-25 Annual Report; industry supply-chain evidence
DIN DIN 41CrMo4,Steel,High,High,Established supplier ecosystem; exact supplier list should be verified for the required grade/region,Low,Mature Indian and global supply chain,B,Mahindra Accelo FY2024-25 Annual Report; industry supply-chain evidence
DIN DIN 49CrMo4,Steel,High,High,Established supplier ecosystem; exact supplier list should be verified for the required grade/region,Low,Mature Indian and global supply chain,B,Mahindra Accelo FY2024-25 Annual Report; industry supply-chain evidence
DIN DIN 30CrV9 nitrided,Steel,High,High,Established supplier ecosystem; exact supplier list should be verified for the required grade/region,Low,Mature Indian and global supply chain,B,Mahindra Accelo FY2024-25 Annual Report; industry supply-chain evidence
DIN DIN 42CrV6 heat treated,Steel,High,High,Established supplier ecosystem; exact supplier list should be verified for the required grade/region,Low,Mature Indian and global supply chain,B,Mahindra Accelo FY2024-25 Annual Report; industry supply-chain evidence
DIN DIN 42CrV6 face hardened,Steel,High,High,Established supplier ecosystem; exact supplier list should be verified for the required grade/region,Low,Mature Indian and global supply chain,B,Mahindra Accelo FY2024-25 Annual Report; industry supply-chain evidence
DIN DIN 50CrV4 heat treated,Steel,High,High,Established supplier ecosystem; exact supplier list should be verified for the required grade/region,Low,Mature Indian and global supply chain,B,Mahindra Accelo FY2024-25 Annual Report; industry supply-chain evidence
DIN DIN 10CrMo9-10,Steel,High,High,Established supplier ecosystem; exact supplier list should be verified for the required grade/region,Low,Mature Indian and global supply chain,B,Mahindra Accelo FY2024-25 Annual Report; industry supply-chain evidence
DIN DIN 41CrAlMo7,Steel,High,High,Established supplier ecosystem; exact supplier list should be verified for the required grade/region,Low,Mature Indian and global supply chain,B,Mahindra Accelo FY2024-25 Annual Report; industry supply-chain evidence
DIN DIN 32CrMo12,Steel,High,High,Established supplier ecosystem; exact supplier list should be verified for the required grade/region,Low,Mature Indian and global supply chain,B,Mahindra Accelo FY2024-25 Annual Report; industry supply-chain evidence
DIN DIN 31CrMo12,Steel,High,High,Established supplier ecosystem; exact supplier list should be verified for the required grade/region,Low,Mature Indian and global supply chain,B,Mahindra Accelo FY2024-25 Annual Report; industry supply-chain evidence
DIN DIN 17CrNiMo6,Steel,High,High,Established supplier ecosystem; exact supplier list should be verified for the required grade/region,Low,Mature Indian and global supply chain,B,Mahindra Accelo FY2024-25 Annual Report; industry supply-chain evidence
DIN DIN 10Ni14,Steel,High,High,Established supplier ecosystem; exact supplier list should be verified for the required grade/region,Low,Mature Indian and global supply chain,B,Mahindra Accelo FY2024-25 Annual Report; industry supply-chain evidence
DIN DIN 34CrNiMo6,Steel,High,High,Established supplier ecosystem; exact supplier list should be verified for the required grade/region,Low,Mature Indian and global supply chain,B,Mahindra Accelo FY2024-25 Annual Report; industry supply-chain evidence
DIN DIN 30CrNiMo8,Steel,High,High,Established supplier ecosystem; exact supplier list should be verified for the required grade/region,Low,Mature Indian and global supply chain,B,Mahindra Accelo FY2024-25 Annual Report; industry supply-chain evidence
DIN DIN 12Ni19,Steel,High,High,Established supplier ecosystem; exact supplier list should be verified for the required grade/region,Low,Mature Indian and global supply chain,B,Mahindra Accelo FY2024-25 Annual Report; industry supply-chain evidence
DIN DIN X8Ni9,Steel,High,High,Established supplier ecosystem; exact supplier list should be verified for the required grade/region,Low,Mature Indian and global supply chain,B,Mahindra Accelo FY2024-25 Annual Report; industry supply-chain evidence
DIN DIN X6Cr13,Stainless steel,High,High,Established supplier ecosystem; exact supplier list should be verified for the required grade/region,Low,Mature Indian and global supply chain,C,Class-level market assessment; grade-specific supplier verification required
DIN DIN X6Cr17,Stainless steel,High,High,Established supplier ecosystem; exact supplier list should be verified for the required grade/region,Low,Mature Indian and global supply chain,C,Class-level market assessment; grade-specific supplier verification required
DIN DIN X10Cr13,Steel,High,High,Established supplier ecosystem; exact supplier list should be verified for the required grade/region,Low,Mature Indian and global supply chain,B,Mahindra Accelo FY2024-25 Annual Report; industry supply-chain evidence
DIN DIN X20Cr13,Stainless steel,High,High,Established supplier ecosystem; exact supplier list should be verified for the required grade/region,Low,Mature Indian and global supply chain,C,Class-level market assessment; grade-specific supplier verification required
DIN DIN X30Cr13,Steel,High,High,Established supplier ecosystem; exact supplier list should be verified for the required grade/region,Low,Mature Indian and global supply chain,B,Mahindra Accelo FY2024-25 Annual Report; industry supply-chain evidence
DIN DIN X45CrSi93,Steel,High,High,Established supplier ecosystem; exact supplier list should be verified for the required grade/region,Low,Mature Indian and global supply chain,B,Mahindra Accelo FY2024-25 Annual Report; industry supply-chain evidence
DIN DIN X6CrAl13,Stainless steel,High,High,Established supplier ecosystem; exact supplier list should be verified for the required grade/region,Low,Mature Indian and global supply chain,C,Class-level market assessment; grade-specific supplier verification required
DIN DIN X20CrNi172,Stainless steel,High,High,Established supplier ecosystem; exact supplier list should be verified for the required grade/region,Low,Mature Indian and global supply chain,C,Class-level market assessment; grade-specific supplier verification required
DIN DIN X85CrMoV182,Steel,High,High,Established supplier ecosystem; exact supplier list should be verified for the required grade/region,Low,Mature Indian and global supply chain,B,Mahindra Accelo FY2024-25 Annual Report; industry supply-chain evidence
DIN DIN X5CrNi1810,Stainless steel,High,High,Established supplier ecosystem; exact supplier list should be verified for the required grade/region,Low,Mature Indian and global supply chain,C,Class-level market assessment; grade-specific supplier verification required
DIN DIN X10CrNiS189,Steel,High,High,Established supplier ecosystem; exact supplier list should be verified for the required grade/region,Low,Mature Indian and global supply chain,B,Mahindra Accelo FY2024-25 Annual Report; industry supply-chain evidence
DIN DIN X6CrNiTi1810,Stainless steel,High,High,Established supplier ecosystem; exact supplier list should be verified for the required grade/region,Low,Mature Indian and global supply chain,C,Class-level market assessment; grade-specific supplier verification required
DIN DIN X2CrNi1911,Stainless steel,High,High,Established supplier ecosystem; exact supplier list should be verified for the required grade/region,Low,Mature Indian and global supply chain,C,Class-level market assessment; grade-specific supplier verification required
DIN DIN X2CrNiN1810,Stainless steel,High,High,Established supplier ecosystem; exact supplier list should be verified for the required grade/region,Low,Mature Indian and global supply chain,C,Class-level market assessment; grade-specific supplier verification required
DIN DIN X5CrNiMo17122,Stainless steel,High,High,Established supplier ecosystem; exact supplier list should be verified for the required grade/region,Low,Mature Indian and global supply chain,C,Class-level market assessment; grade-specific supplier verification required
DIN DIN X6CrNiMoTi17122,Stainless steel,High,High,Established supplier ecosystem; exact supplier list should be verified for the required grade/region,Low,Mature Indian and global supply chain,C,Class-level market assessment; grade-specific supplier verification required
DIN DIN X2CrNiMo17132,Stainless steel,High,High,Established supplier ecosystem; exact supplier list should be verified for the required grade/region,Low,Mature Indian and global supply chain,C,Class-level market assessment; grade-specific supplier verification required
DIN DIN X2CrNiMo18143,Stainless steel,High,High,Established supplier ecosystem; exact supplier list should be verified for the required grade/region,Low,Mature Indian and global supply chain,C,Class-level market assessment; grade-specific supplier verification required
DIN DIN X5CrNiMo17133,Stainless steel,High,High,Established supplier ecosystem; exact supplier list should be verified for the required grade/region,Low,Mature Indian and global supply chain,C,Class-level market assessment; grade-specific supplier verification required
DIN DIN X2CrNiMoN17122,Stainless steel,High,High,Established supplier ecosystem; exact supplier list should be verified for the required grade/region,Low,Mature Indian and global supply chain,C,Class-level market assessment; grade-specific supplier verification required
DIN DIN X2CrNiMoN17133,Stainless steel,High,High,Established supplier ecosystem; exact supplier list should be verified for the required grade/region,Low,Mature Indian and global supply chain,C,Class-level market assessment; grade-specific supplier verification required
DIN DIN X2CrNiMoN17135,Stainless steel,High,High,Established supplier ecosystem; exact supplier list should be verified for the required grade/region,Low,Mature Indian and global supply chain,C,Class-level market assessment; grade-specific supplier verification required
DIN DIN X8CrMnNi188,Stainless steel,High,High,Established supplier ecosystem; exact supplier list should be verified for the required grade/region,Low,Mature Indian and global supply chain,C,Class-level market assessment; grade-specific supplier verification required
DIN DIN X53CrMnNiN219,Steel,High,High,Established supplier ecosystem; exact supplier list should be verified for the required grade/region,Low,Mature Indian and global supply chain,B,Mahindra Accelo FY2024-25 Annual Report; industry supply-chain evidence
DIN DIN GG - 15,Steel,High,High,Established supplier ecosystem; exact supplier list should be verified for the required grade/region,Low,Mature Indian and global supply chain,B,Mahindra Accelo FY2024-25 Annual Report; industry supply-chain evidence
DIN DIN GG - 20,Steel,High,High,Established supplier ecosystem; exact supplier list should be verified for the required grade/region,Low,Mature Indian and global supply chain,B,Mahindra Accelo FY2024-25 Annual Report; industry supply-chain evidence
DIN DIN GG - 25,Steel,High,High,Established supplier ecosystem; exact supplier list should be verified for the required grade/region,Low,Mature Indian and global supply chain,B,Mahindra Accelo FY2024-25 Annual Report; industry supply-chain evidence
DIN DIN GG - 30,Steel,High,High,Established supplier ecosystem; exact supplier list should be verified for the required grade/region,Low,Mature Indian and global supply chain,B,Mahindra Accelo FY2024-25 Annual Report; industry supply-chain evidence
DIN DIN GG - 35,Steel,High,High,Established supplier ecosystem; exact supplier list should be verified for the required grade/region,Low,Mature Indian and global supply chain,B,Mahindra Accelo FY2024-25 Annual Report; industry supply-chain evidence
DIN DIN GGG - 50,Steel,High,High,Established supplier ecosystem; exact supplier list should be verified for the required grade/region,Low,Mature Indian and global supply chain,B,Mahindra Accelo FY2024-25 Annual Report; industry supply-chain evidence
DIN DIN GGG - 60,Steel,High,High,Established supplier ecosystem; exact supplier list should be verified for the required grade/region,Low,Mature Indian and global supply chain,B,Mahindra Accelo FY2024-25 Annual Report; industry supply-chain evidence
DIN DIN GGG - 70,Steel,High,High,Established supplier ecosystem; exact supplier list should be verified for the required grade/region,Low,Mature Indian and global supply chain,B,Mahindra Accelo FY2024-25 Annual Report; industry supply-chain evidence
DIN DIN GGG - 80,Steel,High,High,Established supplier ecosystem; exact supplier list should be verified for the required grade/region,Low,Mature Indian and global supply chain,B,Mahindra Accelo FY2024-25 Annual Report; industry supply-chain evidence
DIN DIN GTS - 40,Steel,High,High,Established supplier ecosystem; exact supplier list should be verified for the required grade/region,Low,Mature Indian and global supply chain,B,Mahindra Accelo FY2024-25 Annual Report; industry supply-chain evidence
DIN DIN GTS - 50,Steel,High,High,Established supplier ecosystem; exact supplier list should be verified for the required grade/region,Low,Mature Indian and global supply chain,B,Mahindra Accelo FY2024-25 Annual Report; industry supply-chain evidence
BS BS 230M07,Steel,High,High,Established supplier ecosystem; exact supplier list should be verified for the required grade/region,Low,Mature Indian and global supply chain,B,Mahindra Accelo FY2024-25 Annual Report; industry supply-chain evidence
BS BS 212M36,Steel,High,High,Established supplier ecosystem; exact supplier list should be verified for the required grade/region,Low,Mature Indian and global supply chain,B,Mahindra Accelo FY2024-25 Annual Report; industry supply-chain evidence
BS BS CR3GP,Steel,High,High,Established supplier ecosystem; exact supplier list should be verified for the required grade/region,Low,Mature Indian and global supply chain,B,Mahindra Accelo FY2024-25 Annual Report; industry supply-chain evidence
BS BS CR2PL,Steel,High,High,Established supplier ecosystem; exact supplier list should be verified for the required grade/region,Low,Mature Indian and global supply chain,B,Mahindra Accelo FY2024-25 Annual Report; industry supply-chain evidence
BS BS CR4GP,Steel,High,High,Established supplier ecosystem; exact supplier list should be verified for the required grade/region,Low,Mature Indian and global supply chain,B,Mahindra Accelo FY2024-25 Annual Report; industry supply-chain evidence
BS BS CEW2BK,Steel,High,High,Established supplier ecosystem; exact supplier list should be verified for the required grade/region,Low,Mature Indian and global supply chain,B,Mahindra Accelo FY2024-25 Annual Report; industry supply-chain evidence
BS BS CFS3NBK,Steel,High,High,Established supplier ecosystem; exact supplier list should be verified for the required grade/region,Low,Mature Indian and global supply chain,B,Mahindra Accelo FY2024-25 Annual Report; industry supply-chain evidence
BS BS Grade 360,Steel,High,High,Established supplier ecosystem; exact supplier list should be verified for the required grade/region,Low,Mature Indian and global supply chain,B,Mahindra Accelo FY2024-25 Annual Report; industry supply-chain evidence
BS BS CEW3BK,Steel,High,High,Established supplier ecosystem; exact supplier list should be verified for the required grade/region,Low,Mature Indian and global supply chain,B,Mahindra Accelo FY2024-25 Annual Report; industry supply-chain evidence
BS BS 40B,Steel,High,High,Established supplier ecosystem; exact supplier list should be verified for the required grade/region,Low,Mature Indian and global supply chain,B,Mahindra Accelo FY2024-25 Annual Report; industry supply-chain evidence
BS BS 40C,Steel,High,High,Established supplier ecosystem; exact supplier list should be verified for the required grade/region,Low,Mature Indian and global supply chain,B,Mahindra Accelo FY2024-25 Annual Report; industry supply-chain evidence
BS BS Grade 430,Steel,High,High,Established supplier ecosystem; exact supplier list should be verified for the required grade/region,Low,Mature Indian and global supply chain,B,Mahindra Accelo FY2024-25 Annual Report; industry supply-chain evidence
BS BS 43B,Steel,High,High,Established supplier ecosystem; exact supplier list should be verified for the required grade/region,Low,Mature Indian and global supply chain,B,Mahindra Accelo FY2024-25 Annual Report; industry supply-chain evidence
BS BS CFS6NBK,Steel,High,High,Established supplier ecosystem; exact supplier list should be verified for the required grade/region,Low,Mature Indian and global supply chain,B,Mahindra Accelo FY2024-25 Annual Report; industry supply-chain evidence
BS BS 43D,Steel,High,High,Established supplier ecosystem; exact supplier list should be verified for the required grade/region,Low,Mature Indian and global supply chain,B,Mahindra Accelo FY2024-25 Annual Report; industry supply-chain evidence
BS BS 50B,Steel,High,High,Established supplier ecosystem; exact supplier list should be verified for the required grade/region,Low,Mature Indian and global supply chain,B,Mahindra Accelo FY2024-25 Annual Report; industry supply-chain evidence
BS BS 50C,Steel,High,High,Established supplier ecosystem; exact supplier list should be verified for the required grade/region,Low,Mature Indian and global supply chain,B,Mahindra Accelo FY2024-25 Annual Report; industry supply-chain evidence
BS BS 50D,Steel,High,High,Established supplier ecosystem; exact supplier list should be verified for the required grade/region,Low,Mature Indian and global supply chain,B,Mahindra Accelo FY2024-25 Annual Report; industry supply-chain evidence
BS BS CFS8NBK,Steel,High,High,Established supplier ecosystem; exact supplier list should be verified for the required grade/region,Low,Mature Indian and global supply chain,B,Mahindra Accelo FY2024-25 Annual Report; industry supply-chain evidence
BS BS CEW5BK,Steel,High,High,Established supplier ecosystem; exact supplier list should be verified for the required grade/region,Low,Mature Indian and global supply chain,B,Mahindra Accelo FY2024-25 Annual Report; industry supply-chain evidence
BS BS 55C,Steel,High,High,Established supplier ecosystem; exact supplier list should be verified for the required grade/region,Low,Mature Indian and global supply chain,B,Mahindra Accelo FY2024-25 Annual Report; industry supply-chain evidence
BS BS 55E,Steel,High,High,Established supplier ecosystem; exact supplier list should be verified for the required grade/region,Low,Mature Indian and global supply chain,B,Mahindra Accelo FY2024-25 Annual Report; industry supply-chain evidence
BS BS 070M26,Steel,High,High,Established supplier ecosystem; exact supplier list should be verified for the required grade/region,Low,Mature Indian and global supply chain,B,Mahindra Accelo FY2024-25 Annual Report; industry supply-chain evidence
BS BS 080M30,Steel,High,High,Established supplier ecosystem; exact supplier list should be verified for the required grade/region,Low,Mature Indian and global supply chain,B,Mahindra Accelo FY2024-25 Annual Report; industry supply-chain evidence
BS BS 080M36,Steel,High,High,Established supplier ecosystem; exact supplier list should be verified for the required grade/region,Low,Mature Indian and global supply chain,B,Mahindra Accelo FY2024-25 Annual Report; industry supply-chain evidence
BS BS 080A35,Steel,High,High,Established supplier ecosystem; exact supplier list should be verified for the required grade/region,Low,Mature Indian and global supply chain,B,Mahindra Accelo FY2024-25 Annual Report; industry supply-chain evidence
BS BS 080M40,Steel,High,High,Established supplier ecosystem; exact supplier list should be verified for the required grade/region,Low,Mature Indian and global supply chain,B,Mahindra Accelo FY2024-25 Annual Report; industry supply-chain evidence
BS BS 080M46,Steel,High,High,Established supplier ecosystem; exact supplier list should be verified for the required grade/region,Low,Mature Indian and global supply chain,B,Mahindra Accelo FY2024-25 Annual Report; industry supply-chain evidence
BS BS 060A47,Steel,High,High,Established supplier ecosystem; exact supplier list should be verified for the required grade/region,Low,Mature Indian and global supply chain,B,Mahindra Accelo FY2024-25 Annual Report; industry supply-chain evidence
BS BS 080M50,Steel,High,High,Established supplier ecosystem; exact supplier list should be verified for the required grade/region,Low,Mature Indian and global supply chain,B,Mahindra Accelo FY2024-25 Annual Report; industry supply-chain evidence
BS BS 060A57,Steel,High,High,Established supplier ecosystem; exact supplier list should be verified for the required grade/region,Low,Mature Indian and global supply chain,B,Mahindra Accelo FY2024-25 Annual Report; industry supply-chain evidence
BS BS 070M55,Steel,High,High,Established supplier ecosystem; exact supplier list should be verified for the required grade/region,Low,Mature Indian and global supply chain,B,Mahindra Accelo FY2024-25 Annual Report; industry supply-chain evidence
BS BS 150M19,Steel,High,High,Established supplier ecosystem; exact supplier list should be verified for the required grade/region,Low,Mature Indian and global supply chain,B,Mahindra Accelo FY2024-25 Annual Report; industry supply-chain evidence
BS BS 251A58 heat treated,Steel,High,High,Established supplier ecosystem; exact supplier list should be verified for the required grade/region,Low,Mature Indian and global supply chain,B,Mahindra Accelo FY2024-25 Annual Report; industry supply-chain evidence
BS BS 530A36,Steel,High,High,Established supplier ecosystem; exact supplier list should be verified for the required grade/region,Low,Mature Indian and global supply chain,B,Mahindra Accelo FY2024-25 Annual Report; industry supply-chain evidence
BS BS 530M40 heat treated,Steel,High,High,Established supplier ecosystem; exact supplier list should be verified for the required grade/region,Low,Mature Indian and global supply chain,B,Mahindra Accelo FY2024-25 Annual Report; industry supply-chain evidence
BS BS 530M40 face hardened,Steel,High,High,Established supplier ecosystem; exact supplier list should be verified for the required grade/region,Low,Mature Indian and global supply chain,B,Mahindra Accelo FY2024-25 Annual Report; industry supply-chain evidence
BS BS 525A60 heat treated,Steel,High,High,Established supplier ecosystem; exact supplier list should be verified for the required grade/region,Low,Mature Indian and global supply chain,B,Mahindra Accelo FY2024-25 Annual Report; industry supply-chain evidence
BS BS 708A25,Steel,High,High,Established supplier ecosystem; exact supplier list should be verified for the required grade/region,Low,Mature Indian and global supply chain,B,Mahindra Accelo FY2024-25 Annual Report; industry supply-chain evidence
BS BS 708A37,Steel,High,High,Established supplier ecosystem; exact supplier list should be verified for the required grade/region,Low,Mature Indian and global supply chain,B,Mahindra Accelo FY2024-25 Annual Report; industry supply-chain evidence
BS BS 708M40 heat treated,Steel,High,High,Established supplier ecosystem; exact supplier list should be verified for the required grade/region,Low,Mature Indian and global supply chain,B,Mahindra Accelo FY2024-25 Annual Report; industry supply-chain evidence
BS BS 708M40 face hardened,Steel,High,High,Established supplier ecosystem; exact supplier list should be verified for the required grade/region,Low,Mature Indian and global supply chain,B,Mahindra Accelo FY2024-25 Annual Report; industry supply-chain evidence
BS BS 735A51 heat treated,Steel,High,High,Established supplier ecosystem; exact supplier list should be verified for the required grade/region,Low,Mature Indian and global supply chain,B,Mahindra Accelo FY2024-25 Annual Report; industry supply-chain evidence
BS BS 905M39 nitrided,Steel,High,High,Established supplier ecosystem; exact supplier list should be verified for the required grade/region,Low,Mature Indian and global supply chain,B,Mahindra Accelo FY2024-25 Annual Report; industry supply-chain evidence
BS BS 722M22,Steel,High,High,Established supplier ecosystem; exact supplier list should be verified for the required grade/region,Low,Mature Indian and global supply chain,B,Mahindra Accelo FY2024-25 Annual Report; industry supply-chain evidence
BS BS 722M24 nitrided,Steel,High,High,Established supplier ecosystem; exact supplier list should be verified for the required grade/region,Low,Mature Indian and global supply chain,B,Mahindra Accelo FY2024-25 Annual Report; industry supply-chain evidence
BS BS 817M40 heat treated,Steel,High,High,Established supplier ecosystem; exact supplier list should be verified for the required grade/region,Low,Mature Indian and global supply chain,B,Mahindra Accelo FY2024-25 Annual Report; industry supply-chain evidence
BS BS 403S17,Steel,High,High,Established supplier ecosystem; exact supplier list should be verified for the required grade/region,Low,Mature Indian and global supply chain,B,Mahindra Accelo FY2024-25 Annual Report; industry supply-chain evidence
BS BS 410S21,Steel,High,High,Established supplier ecosystem; exact supplier list should be verified for the required grade/region,Low,Mature Indian and global supply chain,B,Mahindra Accelo FY2024-25 Annual Report; industry supply-chain evidence
BS BS 420S37,Steel,High,High,Established supplier ecosystem; exact supplier list should be verified for the required grade/region,Low,Mature Indian and global supply chain,B,Mahindra Accelo FY2024-25 Annual Report; industry supply-chain evidence
BS BS 430S17,Steel,High,High,Established supplier ecosystem; exact supplier list should be verified for the required grade/region,Low,Mature Indian and global supply chain,B,Mahindra Accelo FY2024-25 Annual Report; industry supply-chain evidence
BS BS 401S45,Steel,High,High,Established supplier ecosystem; exact supplier list should be verified for the required grade/region,Low,Mature Indian and global supply chain,B,Mahindra Accelo FY2024-25 Annual Report; industry supply-chain evidence
BS BS 431S29,Steel,High,High,Established supplier ecosystem; exact supplier list should be verified for the required grade/region,Low,Mature Indian and global supply chain,B,Mahindra Accelo FY2024-25 Annual Report; industry supply-chain evidence
BS BS 304S15,Steel,High,High,Established supplier ecosystem; exact supplier list should be verified for the required grade/region,Low,Mature Indian and global supply chain,B,Mahindra Accelo FY2024-25 Annual Report; industry supply-chain evidence
BS BS 303S31,Steel,High,High,Established supplier ecosystem; exact supplier list should be verified for the required grade/region,Low,Mature Indian and global supply chain,B,Mahindra Accelo FY2024-25 Annual Report; industry supply-chain evidence
BS BS 321S31,Steel,High,High,Established supplier ecosystem; exact supplier list should be verified for the required grade/region,Low,Mature Indian and global supply chain,B,Mahindra Accelo FY2024-25 Annual Report; industry supply-chain evidence
BS BS 304S11,Steel,High,High,Established supplier ecosystem; exact supplier list should be verified for the required grade/region,Low,Mature Indian and global supply chain,B,Mahindra Accelo FY2024-25 Annual Report; industry supply-chain evidence
BS BS 310S31,Steel,High,High,Established supplier ecosystem; exact supplier list should be verified for the required grade/region,Low,Mature Indian and global supply chain,B,Mahindra Accelo FY2024-25 Annual Report; industry supply-chain evidence
BS BS 316S11,Steel,High,High,Established supplier ecosystem; exact supplier list should be verified for the required grade/region,Low,Mature Indian and global supply chain,B,Mahindra Accelo FY2024-25 Annual Report; industry supply-chain evidence
BS BS 316S31,Steel,High,High,Established supplier ecosystem; exact supplier list should be verified for the required grade/region,Low,Mature Indian and global supply chain,B,Mahindra Accelo FY2024-25 Annual Report; industry supply-chain evidence
BS BS 349S54,Steel,High,High,Established supplier ecosystem; exact supplier list should be verified for the required grade/region,Low,Mature Indian and global supply chain,B,Mahindra Accelo FY2024-25 Annual Report; industry supply-chain evidence
BS Grey cast iron,Cast iron,High,High,Established supplier ecosystem; exact supplier list should be verified for the required grade/region,Low,Mature foundry and automotive supply chain,C,Class-level market assessment; grade-specific supplier verification required
BS Grey cast iron,Cast iron,High,High,Established supplier ecosystem; exact supplier list should be verified for the required grade/region,Low,Mature foundry and automotive supply chain,C,Class-level market assessment; grade-specific supplier verification required
BS Grey cast iron,Cast iron,High,High,Established supplier ecosystem; exact supplier list should be verified for the required grade/region,Low,Mature foundry and automotive supply chain,C,Class-level market assessment; grade-specific supplier verification required
BS Grey cast iron,Cast iron,High,High,Established supplier ecosystem; exact supplier list should be verified for the required grade/region,Low,Mature foundry and automotive supply chain,C,Class-level market assessment; grade-specific supplier verification required
BS Grey cast iron,Cast iron,High,High,Established supplier ecosystem; exact supplier list should be verified for the required grade/region,Low,Mature foundry and automotive supply chain,C,Class-level market assessment; grade-specific supplier verification required
BS Nodular cast iron,Cast iron,High,High,Established supplier ecosystem; exact supplier list should be verified for the required grade/region,Low,Mature foundry and automotive supply chain,C,Class-level market assessment; grade-specific supplier verification required
BS Nodular cast iron,Cast iron,High,High,Established supplier ecosystem; exact supplier list should be verified for the required grade/region,Low,Mature foundry and automotive supply chain,C,Class-level market assessment; grade-specific supplier verification required
BS Nodular cast iron,Cast iron,High,High,Established supplier ecosystem; exact supplier list should be verified for the required grade/region,Low,Mature foundry and automotive supply chain,C,Class-level market assessment; grade-specific supplier verification required
BS Nodular cast iron,Cast iron,High,High,Established supplier ecosystem; exact supplier list should be verified for the required grade/region,Low,Mature foundry and automotive supply chain,C,Class-level market assessment; grade-specific supplier verification required
BS Malleable cast iron,Cast iron,High,High,Established supplier ecosystem; exact supplier list should be verified for the required grade/region,Low,Mature foundry and automotive supply chain,C,Class-level market assessment; grade-specific supplier verification required
BS Malleable cast iron,Cast iron,High,High,Established supplier ecosystem; exact supplier list should be verified for the required grade/region,Low,Mature foundry and automotive supply chain,C,Class-level market assessment; grade-specific supplier verification required
CSN CSN 10370,Steel,High,High,Established supplier ecosystem; exact supplier list should be verified for the required grade/region,Low,Mature Indian and global supply chain,B,Mahindra Accelo FY2024-25 Annual Report; industry supply-chain evidence
CSN CSN 11110,Steel,High,High,Established supplier ecosystem; exact supplier list should be verified for the required grade/region,Low,Mature Indian and global supply chain,B,Mahindra Accelo FY2024-25 Annual Report; industry supply-chain evidence
CSN CSN 11110 normalized,Steel,High,High,Established supplier ecosystem; exact supplier list should be verified for the required grade/region,Low,Mature Indian and global supply chain,B,Mahindra Accelo FY2024-25 Annual Report; industry supply-chain evidence
CSN CSN 11120,Steel,High,High,Established supplier ecosystem; exact supplier list should be verified for the required grade/region,Low,Mature Indian and global supply chain,B,Mahindra Accelo FY2024-25 Annual Report; industry supply-chain evidence
CSN CSN 11140 normalized,Steel,High,High,Established supplier ecosystem; exact supplier list should be verified for the required grade/region,Low,Mature Indian and global supply chain,B,Mahindra Accelo FY2024-25 Annual Report; industry supply-chain evidence
CSN CSN 11301,Steel,High,High,Established supplier ecosystem; exact supplier list should be verified for the required grade/region,Low,Mature Indian and global supply chain,B,Mahindra Accelo FY2024-25 Annual Report; industry supply-chain evidence
CSN CSN 11305,Steel,High,High,Established supplier ecosystem; exact supplier list should be verified for the required grade/region,Low,Mature Indian and global supply chain,B,Mahindra Accelo FY2024-25 Annual Report; industry supply-chain evidence
CSN CSN 11321,Steel,High,High,Established supplier ecosystem; exact supplier list should be verified for the required grade/region,Low,Mature Indian and global supply chain,B,Mahindra Accelo FY2024-25 Annual Report; industry supply-chain evidence
CSN CSN 11343,Steel,High,High,Established supplier ecosystem; exact supplier list should be verified for the required grade/region,Low,Mature Indian and global supply chain,B,Mahindra Accelo FY2024-25 Annual Report; industry supply-chain evidence
CSN CSN 11353,Steel,High,High,Established supplier ecosystem; exact supplier list should be verified for the required grade/region,Low,Mature Indian and global supply chain,B,Mahindra Accelo FY2024-25 Annual Report; industry supply-chain evidence
CSN CSN 11368,Steel,High,High,Established supplier ecosystem; exact supplier list should be verified for the required grade/region,Low,Mature Indian and global supply chain,B,Mahindra Accelo FY2024-25 Annual Report; industry supply-chain evidence
CSN CSN 11373,Steel,High,High,Established supplier ecosystem; exact supplier list should be verified for the required grade/region,Low,Mature Indian and global supply chain,B,Mahindra Accelo FY2024-25 Annual Report; industry supply-chain evidence
CSN CSN 11378,Steel,High,High,Established supplier ecosystem; exact supplier list should be verified for the required grade/region,Low,Mature Indian and global supply chain,B,Mahindra Accelo FY2024-25 Annual Report; industry supply-chain evidence
CSN CSN 11418,Steel,High,High,Established supplier ecosystem; exact supplier list should be verified for the required grade/region,Low,Mature Indian and global supply chain,B,Mahindra Accelo FY2024-25 Annual Report; industry supply-chain evidence
CSN CSN 11423,Steel,High,High,Established supplier ecosystem; exact supplier list should be verified for the required grade/region,Low,Mature Indian and global supply chain,B,Mahindra Accelo FY2024-25 Annual Report; industry supply-chain evidence
CSN CSN 11448,Steel,High,High,Established supplier ecosystem; exact supplier list should be verified for the required grade/region,Low,Mature Indian and global supply chain,B,Mahindra Accelo FY2024-25 Annual Report; industry supply-chain evidence
CSN CSN 11453,Steel,High,High,Established supplier ecosystem; exact supplier list should be verified for the required grade/region,Low,Mature Indian and global supply chain,B,Mahindra Accelo FY2024-25 Annual Report; industry supply-chain evidence
CSN CSN 11500,Steel,High,High,Established supplier ecosystem; exact supplier list should be verified for the required grade/region,Low,Mature Indian and global supply chain,B,Mahindra Accelo FY2024-25 Annual Report; industry supply-chain evidence
CSN CSN 11503,Steel,High,High,Established supplier ecosystem; exact supplier list should be verified for the required grade/region,Low,Mature Indian and global supply chain,B,Mahindra Accelo FY2024-25 Annual Report; industry supply-chain evidence
CSN CSN 11523 normalized,Steel,High,High,Established supplier ecosystem; exact supplier list should be verified for the required grade/region,Low,Mature Indian and global supply chain,B,Mahindra Accelo FY2024-25 Annual Report; industry supply-chain evidence
CSN CSN 11600,Steel,High,High,Established supplier ecosystem; exact supplier list should be verified for the required grade/region,Low,Mature Indian and global supply chain,B,Mahindra Accelo FY2024-25 Annual Report; industry supply-chain evidence
CSN CSN 11600 face hardened,Steel,High,High,Established supplier ecosystem; exact supplier list should be verified for the required grade/region,Low,Mature Indian and global supply chain,B,Mahindra Accelo FY2024-25 Annual Report; industry supply-chain evidence
CSN CSN 11700,Steel,High,High,Established supplier ecosystem; exact supplier list should be verified for the required grade/region,Low,Mature Indian and global supply chain,B,Mahindra Accelo FY2024-25 Annual Report; industry supply-chain evidence
CSN CSN 11700 face hardened,Steel,High,High,Established supplier ecosystem; exact supplier list should be verified for the required grade/region,Low,Mature Indian and global supply chain,B,Mahindra Accelo FY2024-25 Annual Report; industry supply-chain evidence
CSN CSN 12010 case-hardened,Steel,High,High,Established supplier ecosystem; exact supplier list should be verified for the required grade/region,Low,Mature Indian and global supply chain,B,Mahindra Accelo FY2024-25 Annual Report; industry supply-chain evidence
CSN CSN 12020,Steel,High,High,Established supplier ecosystem; exact supplier list should be verified for the required grade/region,Low,Mature Indian and global supply chain,B,Mahindra Accelo FY2024-25 Annual Report; industry supply-chain evidence
CSN CSN 12020 case-hardened,Steel,High,High,Established supplier ecosystem; exact supplier list should be verified for the required grade/region,Low,Mature Indian and global supply chain,B,Mahindra Accelo FY2024-25 Annual Report; industry supply-chain evidence
CSN CSN 12024,Steel,High,High,Established supplier ecosystem; exact supplier list should be verified for the required grade/region,Low,Mature Indian and global supply chain,B,Mahindra Accelo FY2024-25 Annual Report; industry supply-chain evidence
CSN CSN 12030,Steel,High,High,Established supplier ecosystem; exact supplier list should be verified for the required grade/region,Low,Mature Indian and global supply chain,B,Mahindra Accelo FY2024-25 Annual Report; industry supply-chain evidence
CSN CSN 12031,Steel,High,High,Established supplier ecosystem; exact supplier list should be verified for the required grade/region,Low,Mature Indian and global supply chain,B,Mahindra Accelo FY2024-25 Annual Report; industry supply-chain evidence
CSN CSN 12040,Steel,High,High,Established supplier ecosystem; exact supplier list should be verified for the required grade/region,Low,Mature Indian and global supply chain,B,Mahindra Accelo FY2024-25 Annual Report; industry supply-chain evidence
CSN CSN 12041,Steel,High,High,Established supplier ecosystem; exact supplier list should be verified for the required grade/region,Low,Mature Indian and global supply chain,B,Mahindra Accelo FY2024-25 Annual Report; industry supply-chain evidence
CSN CSN 12050 normalized,Steel,High,High,Established supplier ecosystem; exact supplier list should be verified for the required grade/region,Low,Mature Indian and global supply chain,B,Mahindra Accelo FY2024-25 Annual Report; industry supply-chain evidence
CSN CSN 12050 heat treated,Steel,High,High,Established supplier ecosystem; exact supplier list should be verified for the required grade/region,Low,Mature Indian and global supply chain,B,Mahindra Accelo FY2024-25 Annual Report; industry supply-chain evidence
CSN CSN 12051,Steel,High,High,Established supplier ecosystem; exact supplier list should be verified for the required grade/region,Low,Mature Indian and global supply chain,B,Mahindra Accelo FY2024-25 Annual Report; industry supply-chain evidence
CSN CSN 12060,Steel,High,High,Established supplier ecosystem; exact supplier list should be verified for the required grade/region,Low,Mature Indian and global supply chain,B,Mahindra Accelo FY2024-25 Annual Report; industry supply-chain evidence
CSN CSN 12061 heat treated,Steel,High,High,Established supplier ecosystem; exact supplier list should be verified for the required grade/region,Low,Mature Indian and global supply chain,B,Mahindra Accelo FY2024-25 Annual Report; industry supply-chain evidence
CSN CSN 12071 heat treated,Steel,High,High,Established supplier ecosystem; exact supplier list should be verified for the required grade/region,Low,Mature Indian and global supply chain,B,Mahindra Accelo FY2024-25 Annual Report; industry supply-chain evidence
CSN CSN 13030,Steel,High,High,Established supplier ecosystem; exact supplier list should be verified for the required grade/region,Low,Mature Indian and global supply chain,B,Mahindra Accelo FY2024-25 Annual Report; industry supply-chain evidence
CSN CSN 13141,Steel,High,High,Established supplier ecosystem; exact supplier list should be verified for the required grade/region,Low,Mature Indian and global supply chain,B,Mahindra Accelo FY2024-25 Annual Report; industry supply-chain evidence
CSN CSN 13180 heat treated,Steel,High,High,Established supplier ecosystem; exact supplier list should be verified for the required grade/region,Low,Mature Indian and global supply chain,B,Mahindra Accelo FY2024-25 Annual Report; industry supply-chain evidence
CSN CSN 13220 normalized,Steel,High,High,Established supplier ecosystem; exact supplier list should be verified for the required grade/region,Low,Mature Indian and global supply chain,B,Mahindra Accelo FY2024-25 Annual Report; industry supply-chain evidence
CSN CSN 13221 normalized,Steel,High,High,Established supplier ecosystem; exact supplier list should be verified for the required grade/region,Low,Mature Indian and global supply chain,B,Mahindra Accelo FY2024-25 Annual Report; industry supply-chain evidence
CSN CSN 13240,Steel,High,High,Established supplier ecosystem; exact supplier list should be verified for the required grade/region,Low,Mature Indian and global supply chain,B,Mahindra Accelo FY2024-25 Annual Report; industry supply-chain evidence
CSN CSN 13242,Steel,High,High,Established supplier ecosystem; exact supplier list should be verified for the required grade/region,Low,Mature Indian and global supply chain,B,Mahindra Accelo FY2024-25 Annual Report; industry supply-chain evidence
CSN CSN 13251 heat treated,Steel,High,High,Established supplier ecosystem; exact supplier list should be verified for the required grade/region,Low,Mature Indian and global supply chain,B,Mahindra Accelo FY2024-25 Annual Report; industry supply-chain evidence
CSN CSN 13270 heat treated,Steel,High,High,Established supplier ecosystem; exact supplier list should be verified for the required grade/region,Low,Mature Indian and global supply chain,B,Mahindra Accelo FY2024-25 Annual Report; industry supply-chain evidence
CSN CSN 14120,Steel,High,High,Established supplier ecosystem; exact supplier list should be verified for the required grade/region,Low,Mature Indian and global supply chain,B,Mahindra Accelo FY2024-25 Annual Report; industry supply-chain evidence
CSN CSN 14140 heat treated,Steel,High,High,Established supplier ecosystem; exact supplier list should be verified for the required grade/region,Low,Mature Indian and global supply chain,B,Mahindra Accelo FY2024-25 Annual Report; industry supply-chain evidence
CSN CSN 14140 face hardened,Steel,High,High,Established supplier ecosystem; exact supplier list should be verified for the required grade/region,Low,Mature Indian and global supply chain,B,Mahindra Accelo FY2024-25 Annual Report; industry supply-chain evidence
CSN CSN 14140 nitro-case-hard.,Steel,High,High,Established supplier ecosystem; exact supplier list should be verified for the required grade/region,Low,Mature Indian and global supply chain,B,Mahindra Accelo FY2024-25 Annual Report; industry supply-chain evidence
CSN CSN 14141,Steel,High,High,Established supplier ecosystem; exact supplier list should be verified for the required grade/region,Low,Mature Indian and global supply chain,B,Mahindra Accelo FY2024-25 Annual Report; industry supply-chain evidence
CSN CSN 14146,Steel,High,High,Established supplier ecosystem; exact supplier list should be verified for the required grade/region,Low,Mature Indian and global supply chain,B,Mahindra Accelo FY2024-25 Annual Report; industry supply-chain evidence
CSN CSN 14148,Steel,High,High,Established supplier ecosystem; exact supplier list should be verified for the required grade/region,Low,Mature Indian and global supply chain,B,Mahindra Accelo FY2024-25 Annual Report; industry supply-chain evidence
CSN CSN 14220,Steel,High,High,Established supplier ecosystem; exact supplier list should be verified for the required grade/region,Low,Mature Indian and global supply chain,B,Mahindra Accelo FY2024-25 Annual Report; industry supply-chain evidence
CSN CSN 14220 case-hardened,Steel,High,High,Established supplier ecosystem; exact supplier list should be verified for the required grade/region,Low,Mature Indian and global supply chain,B,Mahindra Accelo FY2024-25 Annual Report; industry supply-chain evidence
CSN CSN 14221,Steel,High,High,Established supplier ecosystem; exact supplier list should be verified for the required grade/region,Low,Mature Indian and global supply chain,B,Mahindra Accelo FY2024-25 Annual Report; industry supply-chain evidence
CSN CSN 14223 case-hardened,Steel,High,High,Established supplier ecosystem; exact supplier list should be verified for the required grade/region,Low,Mature Indian and global supply chain,B,Mahindra Accelo FY2024-25 Annual Report; industry supply-chain evidence
CSN CSN 14230 case-hardened,Steel,High,High,Established supplier ecosystem; exact supplier list should be verified for the required grade/region,Low,Mature Indian and global supply chain,B,Mahindra Accelo FY2024-25 Annual Report; industry supply-chain evidence
CSN CSN 14260 heat treated,Steel,High,High,Established supplier ecosystem; exact supplier list should be verified for the required grade/region,Low,Mature Indian and global supply chain,B,Mahindra Accelo FY2024-25 Annual Report; industry supply-chain evidence
CSN CSN 14262 heat treated,Steel,High,High,Established supplier ecosystem; exact supplier list should be verified for the required grade/region,Low,Mature Indian and global supply chain,B,Mahindra Accelo FY2024-25 Annual Report; industry supply-chain evidence
CSN CSN 15020,Steel,High,High,Established supplier ecosystem; exact supplier list should be verified for the required grade/region,Low,Mature Indian and global supply chain,B,Mahindra Accelo FY2024-25 Annual Report; industry supply-chain evidence
CSN CSN 15121,Steel,High,High,Established supplier ecosystem; exact supplier list should be verified for the required grade/region,Low,Mature Indian and global supply chain,B,Mahindra Accelo FY2024-25 Annual Report; industry supply-chain evidence
CSN CSN 15127,Steel,High,High,Established supplier ecosystem; exact supplier list should be verified for the required grade/region,Low,Mature Indian and global supply chain,B,Mahindra Accelo FY2024-25 Annual Report; industry supply-chain evidence
CSN CSN 15130,Steel,High,High,Established supplier ecosystem; exact supplier list should be verified for the required grade/region,Low,Mature Indian and global supply chain,B,Mahindra Accelo FY2024-25 Annual Report; industry supply-chain evidence
CSN CSN 15131,Steel,High,High,Established supplier ecosystem; exact supplier list should be verified for the required grade/region,Low,Mature Indian and global supply chain,B,Mahindra Accelo FY2024-25 Annual Report; industry supply-chain evidence
CSN CSN 15141,Steel,High,High,Established supplier ecosystem; exact supplier list should be verified for the required grade/region,Low,Mature Indian and global supply chain,B,Mahindra Accelo FY2024-25 Annual Report; industry supply-chain evidence
CSN CSN 15142,Steel,High,High,Established supplier ecosystem; exact supplier list should be verified for the required grade/region,Low,Mature Indian and global supply chain,B,Mahindra Accelo FY2024-25 Annual Report; industry supply-chain evidence
CSN CSN 15217,Steel,High,High,Established supplier ecosystem; exact supplier list should be verified for the required grade/region,Low,Mature Indian and global supply chain,B,Mahindra Accelo FY2024-25 Annual Report; industry supply-chain evidence
CSN CSN 15222 normalized,Steel,High,High,Established supplier ecosystem; exact supplier list should be verified for the required grade/region,Low,Mature Indian and global supply chain,B,Mahindra Accelo FY2024-25 Annual Report; industry supply-chain evidence
CSN CSN 15230 heat treated,Steel,High,High,Established supplier ecosystem; exact supplier list should be verified for the required grade/region,Low,Mature Indian and global supply chain,B,Mahindra Accelo FY2024-25 Annual Report; industry supply-chain evidence
CSN CSN 15230 Heat-treatment nitrided steel,Steel,High,High,Established supplier ecosystem; exact supplier list should be verified for the required grade/region,Low,Mature Indian and global supply chain,B,Mahindra Accelo FY2024-25 Annual Report; industry supply-chain evidence
CSN CSN 15241 heat treated,Steel,High,High,Established supplier ecosystem; exact supplier list should be verified for the required grade/region,Low,Mature Indian and global supply chain,B,Mahindra Accelo FY2024-25 Annual Report; industry supply-chain evidence
CSN CSN 15241 heat treated,Steel,High,High,Established supplier ecosystem; exact supplier list should be verified for the required grade/region,Low,Mature Indian and global supply chain,B,Mahindra Accelo FY2024-25 Annual Report; industry supply-chain evidence
CSN CSN 15241 face hardened,Steel,High,High,Established supplier ecosystem; exact supplier list should be verified for the required grade/region,Low,Mature Indian and global supply chain,B,Mahindra Accelo FY2024-25 Annual Report; industry supply-chain evidence
CSN CSN 15260,Steel,High,High,Established supplier ecosystem; exact supplier list should be verified for the required grade/region,Low,Mature Indian and global supply chain,B,Mahindra Accelo FY2024-25 Annual Report; industry supply-chain evidence
CSN CSN 15313,Steel,High,High,Established supplier ecosystem; exact supplier list should be verified for the required grade/region,Low,Mature Indian and global supply chain,B,Mahindra Accelo FY2024-25 Annual Report; industry supply-chain evidence
CSN CSN 15330 Heat-treatment nitrided steel,Steel,High,High,Established supplier ecosystem; exact supplier list should be verified for the required grade/region,Low,Mature Indian and global supply chain,B,Mahindra Accelo FY2024-25 Annual Report; industry supply-chain evidence
CSN CSN 15340,Steel,High,High,Established supplier ecosystem; exact supplier list should be verified for the required grade/region,Low,Mature Indian and global supply chain,B,Mahindra Accelo FY2024-25 Annual Report; industry supply-chain evidence
CSN CSN 15432,Steel,High,High,Established supplier ecosystem; exact supplier list should be verified for the required grade/region,Low,Mature Indian and global supply chain,B,Mahindra Accelo FY2024-25 Annual Report; industry supply-chain evidence
CSN CSN 16220 case-hardened,Steel,High,High,Established supplier ecosystem; exact supplier list should be verified for the required grade/region,Low,Mature Indian and global supply chain,B,Mahindra Accelo FY2024-25 Annual Report; industry supply-chain evidence
CSN CSN 16223,Steel,High,High,Established supplier ecosystem; exact supplier list should be verified for the required grade/region,Low,Mature Indian and global supply chain,B,Mahindra Accelo FY2024-25 Annual Report; industry supply-chain evidence
CSN CSN 16321,Steel,High,High,Established supplier ecosystem; exact supplier list should be verified for the required grade/region,Low,Mature Indian and global supply chain,B,Mahindra Accelo FY2024-25 Annual Report; industry supply-chain evidence
CSN CSN 16326,Steel,High,High,Established supplier ecosystem; exact supplier list should be verified for the required grade/region,Low,Mature Indian and global supply chain,B,Mahindra Accelo FY2024-25 Annual Report; industry supply-chain evidence
CSN CSN 16329,Steel,High,High,Established supplier ecosystem; exact supplier list should be verified for the required grade/region,Low,Mature Indian and global supply chain,B,Mahindra Accelo FY2024-25 Annual Report; industry supply-chain evidence
CSN CSN 16343,Steel,High,High,Established supplier ecosystem; exact supplier list should be verified for the required grade/region,Low,Mature Indian and global supply chain,B,Mahindra Accelo FY2024-25 Annual Report; industry supply-chain evidence
CSN CSN 16420 case-hardened,Steel,High,High,Established supplier ecosystem; exact supplier list should be verified for the required grade/region,Low,Mature Indian and global supply chain,B,Mahindra Accelo FY2024-25 Annual Report; industry supply-chain evidence
CSN CSN 16430 heat treated,Steel,High,High,Established supplier ecosystem; exact supplier list should be verified for the required grade/region,Low,Mature Indian and global supply chain,B,Mahindra Accelo FY2024-25 Annual Report; industry supply-chain evidence
CSN CSN 16527,Steel,High,High,Established supplier ecosystem; exact supplier list should be verified for the required grade/region,Low,Mature Indian and global supply chain,B,Mahindra Accelo FY2024-25 Annual Report; industry supply-chain evidence
CSN CSN 16640 heat treated,Steel,High,High,Established supplier ecosystem; exact supplier list should be verified for the required grade/region,Low,Mature Indian and global supply chain,B,Mahindra Accelo FY2024-25 Annual Report; industry supply-chain evidence
CSN CSN 17020 normalized,Steel,High,High,Established supplier ecosystem; exact supplier list should be verified for the required grade/region,Low,Mature Indian and global supply chain,B,Mahindra Accelo FY2024-25 Annual Report; industry supply-chain evidence
CSN CSN 17021 normalized,Steel,High,High,Established supplier ecosystem; exact supplier list should be verified for the required grade/region,Low,Mature Indian and global supply chain,B,Mahindra Accelo FY2024-25 Annual Report; industry supply-chain evidence
CSN CSN 17022 normalized,Steel,High,High,Established supplier ecosystem; exact supplier list should be verified for the required grade/region,Low,Mature Indian and global supply chain,B,Mahindra Accelo FY2024-25 Annual Report; industry supply-chain evidence
CSN CSN 17023 normalized,Steel,High,High,Established supplier ecosystem; exact supplier list should be verified for the required grade/region,Low,Mature Indian and global supply chain,B,Mahindra Accelo FY2024-25 Annual Report; industry supply-chain evidence
CSN CSN 17040 normalized,Steel,High,High,Established supplier ecosystem; exact supplier list should be verified for the required grade/region,Low,Mature Indian and global supply chain,B,Mahindra Accelo FY2024-25 Annual Report; industry supply-chain evidence
CSN CSN 17041 normalized,Steel,High,High,Established supplier ecosystem; exact supplier list should be verified for the required grade/region,Low,Mature Indian and global supply chain,B,Mahindra Accelo FY2024-25 Annual Report; industry supply-chain evidence
CSN CSN 17113 normalized,Steel,High,High,Established supplier ecosystem; exact supplier list should be verified for the required grade/region,Low,Mature Indian and global supply chain,B,Mahindra Accelo FY2024-25 Annual Report; industry supply-chain evidence
CSN CSN 17115 normalized,Steel,High,High,Established supplier ecosystem; exact supplier list should be verified for the required grade/region,Low,Mature Indian and global supply chain,B,Mahindra Accelo FY2024-25 Annual Report; industry supply-chain evidence
CSN CSN 17125 normalized,Steel,High,High,Established supplier ecosystem; exact supplier list should be verified for the required grade/region,Low,Mature Indian and global supply chain,B,Mahindra Accelo FY2024-25 Annual Report; industry supply-chain evidence
CSN CSN 17145 normalized,Steel,High,High,Established supplier ecosystem; exact supplier list should be verified for the required grade/region,Low,Mature Indian and global supply chain,B,Mahindra Accelo FY2024-25 Annual Report; industry supply-chain evidence
CSN CSN 17150 normalized,Steel,High,High,Established supplier ecosystem; exact supplier list should be verified for the required grade/region,Low,Mature Indian and global supply chain,B,Mahindra Accelo FY2024-25 Annual Report; industry supply-chain evidence
CSN CSN 17240 normalized,Steel,High,High,Established supplier ecosystem; exact supplier list should be verified for the required grade/region,Low,Mature Indian and global supply chain,B,Mahindra Accelo FY2024-25 Annual Report; industry supply-chain evidence
CSN CSN 17241 normalized,Steel,High,High,Established supplier ecosystem; exact supplier list should be verified for the required grade/region,Low,Mature Indian and global supply chain,B,Mahindra Accelo FY2024-25 Annual Report; industry supply-chain evidence
CSN CSN 17243 normalized,Steel,High,High,Established supplier ecosystem; exact supplier list should be verified for the required grade/region,Low,Mature Indian and global supply chain,B,Mahindra Accelo FY2024-25 Annual Report; industry supply-chain evidence
CSN CSN 17246 normalized,Steel,High,High,Established supplier ecosystem; exact supplier list should be verified for the required grade/region,Low,Mature Indian and global supply chain,B,Mahindra Accelo FY2024-25 Annual Report; industry supply-chain evidence
CSN CSN 17247 normalized,Steel,High,High,Established supplier ecosystem; exact supplier list should be verified for the required grade/region,Low,Mature Indian and global supply chain,B,Mahindra Accelo FY2024-25 Annual Report; industry supply-chain evidence
CSN CSN 17248 normalized,Steel,High,High,Established supplier ecosystem; exact supplier list should be verified for the required grade/region,Low,Mature Indian and global supply chain,B,Mahindra Accelo FY2024-25 Annual Report; industry supply-chain evidence
CSN CSN 17249 normalized,Steel,High,High,Established supplier ecosystem; exact supplier list should be verified for the required grade/region,Low,Mature Indian and global supply chain,B,Mahindra Accelo FY2024-25 Annual Report; industry supply-chain evidence
CSN CSN 17251 normalized,Steel,High,High,Established supplier ecosystem; exact supplier list should be verified for the required grade/region,Low,Mature Indian and global supply chain,B,Mahindra Accelo FY2024-25 Annual Report; industry supply-chain evidence
CSN CSN 17253 normalized,Steel,High,High,Established supplier ecosystem; exact supplier list should be verified for the required grade/region,Low,Mature Indian and global supply chain,B,Mahindra Accelo FY2024-25 Annual Report; industry supply-chain evidence
CSN CSN 17255 normalized,Steel,High,High,Established supplier ecosystem; exact supplier list should be verified for the required grade/region,Low,Mature Indian and global supply chain,B,Mahindra Accelo FY2024-25 Annual Report; industry supply-chain evidence
CSN CSN 17256 normalized,Steel,High,High,Established supplier ecosystem; exact supplier list should be verified for the required grade/region,Low,Mature Indian and global supply chain,B,Mahindra Accelo FY2024-25 Annual Report; industry supply-chain evidence
CSN CSN 17259 normalized,Steel,High,High,Established supplier ecosystem; exact supplier list should be verified for the required grade/region,Low,Mature Indian and global supply chain,B,Mahindra Accelo FY2024-25 Annual Report; industry supply-chain evidence
CSN CSN 17265 normalized,Steel,High,High,Established supplier ecosystem; exact supplier list should be verified for the required grade/region,Low,Mature Indian and global supply chain,B,Mahindra Accelo FY2024-25 Annual Report; industry supply-chain evidence
CSN CSN 17346 normalized,Steel,High,High,Established supplier ecosystem; exact supplier list should be verified for the required grade/region,Low,Mature Indian and global supply chain,B,Mahindra Accelo FY2024-25 Annual Report; industry supply-chain evidence
CSN CSN 17348 normalized,Steel,High,High,Established supplier ecosystem; exact supplier list should be verified for the required grade/region,Low,Mature Indian and global supply chain,B,Mahindra Accelo FY2024-25 Annual Report; industry supply-chain evidence
CSN CSN 17359 normalized,Steel,High,High,Established supplier ecosystem; exact supplier list should be verified for the required grade/region,Low,Mature Indian and global supply chain,B,Mahindra Accelo FY2024-25 Annual Report; industry supply-chain evidence
CSN CSN 17460 normalized,Steel,High,High,Established supplier ecosystem; exact supplier list should be verified for the required grade/region,Low,Mature Indian and global supply chain,B,Mahindra Accelo FY2024-25 Annual Report; industry supply-chain evidence
CSN CSN 17465 normalized,Steel,High,High,Established supplier ecosystem; exact supplier list should be verified for the required grade/region,Low,Mature Indian and global supply chain,B,Mahindra Accelo FY2024-25 Annual Report; industry supply-chain evidence
CSN CSN 17501 normalized,Steel,High,High,Established supplier ecosystem; exact supplier list should be verified for the required grade/region,Low,Mature Indian and global supply chain,B,Mahindra Accelo FY2024-25 Annual Report; industry supply-chain evidence
CSN CSN 422303,Steel,High,High,Established supplier ecosystem; exact supplier list should be verified for the required grade/region,Low,Mature Indian and global supply chain,B,Mahindra Accelo FY2024-25 Annual Report; industry supply-chain evidence
CSN CSN 422304,Steel,High,High,Established supplier ecosystem; exact supplier list should be verified for the required grade/region,Low,Mature Indian and global supply chain,B,Mahindra Accelo FY2024-25 Annual Report; industry supply-chain evidence
CSN CSN 422305,Steel,High,High,Established supplier ecosystem; exact supplier list should be verified for the required grade/region,Low,Mature Indian and global supply chain,B,Mahindra Accelo FY2024-25 Annual Report; industry supply-chain evidence
CSN CSN 422306,Steel,High,High,Established supplier ecosystem; exact supplier list should be verified for the required grade/region,Low,Mature Indian and global supply chain,B,Mahindra Accelo FY2024-25 Annual Report; industry supply-chain evidence
CSN CSN 422307,Steel,High,High,Established supplier ecosystem; exact supplier list should be verified for the required grade/region,Low,Mature Indian and global supply chain,B,Mahindra Accelo FY2024-25 Annual Report; industry supply-chain evidence
CSN CSN 422308,Steel,High,High,Established supplier ecosystem; exact supplier list should be verified for the required grade/region,Low,Mature Indian and global supply chain,B,Mahindra Accelo FY2024-25 Annual Report; industry supply-chain evidence
CSN CSN 422410,Steel,High,High,Established supplier ecosystem; exact supplier list should be verified for the required grade/region,Low,Mature Indian and global supply chain,B,Mahindra Accelo FY2024-25 Annual Report; industry supply-chain evidence
CSN CSN 422415,Steel,High,High,Established supplier ecosystem; exact supplier list should be verified for the required grade/region,Low,Mature Indian and global supply chain,B,Mahindra Accelo FY2024-25 Annual Report; industry supply-chain evidence
CSN CSN 422420,Steel,High,High,Established supplier ecosystem; exact supplier list should be verified for the required grade/region,Low,Mature Indian and global supply chain,B,Mahindra Accelo FY2024-25 Annual Report; industry supply-chain evidence
CSN CSN 422425,Steel,High,High,Established supplier ecosystem; exact supplier list should be verified for the required grade/region,Low,Mature Indian and global supply chain,B,Mahindra Accelo FY2024-25 Annual Report; industry supply-chain evidence
CSN CSN 422430,Steel,High,High,Established supplier ecosystem; exact supplier list should be verified for the required grade/region,Low,Mature Indian and global supply chain,B,Mahindra Accelo FY2024-25 Annual Report; industry supply-chain evidence
CSN CSN 422435,Steel,High,High,Established supplier ecosystem; exact supplier list should be verified for the required grade/region,Low,Mature Indian and global supply chain,B,Mahindra Accelo FY2024-25 Annual Report; industry supply-chain evidence
CSN CSN 422540,Steel,High,High,Established supplier ecosystem; exact supplier list should be verified for the required grade/region,Low,Mature Indian and global supply chain,B,Mahindra Accelo FY2024-25 Annual Report; industry supply-chain evidence
CSN CSN 422555,Steel,High,High,Established supplier ecosystem; exact supplier list should be verified for the required grade/region,Low,Mature Indian and global supply chain,B,Mahindra Accelo FY2024-25 Annual Report; industry supply-chain evidence
CSN CSN 422630,Steel,High,High,Established supplier ecosystem; exact supplier list should be verified for the required grade/region,Low,Mature Indian and global supply chain,B,Mahindra Accelo FY2024-25 Annual Report; industry supply-chain evidence
CSN CSN 422640,Steel,High,High,Established supplier ecosystem; exact supplier list should be verified for the required grade/region,Low,Mature Indian and global supply chain,B,Mahindra Accelo FY2024-25 Annual Report; industry supply-chain evidence
CSN CSN 422650,Steel,High,High,Established supplier ecosystem; exact supplier list should be verified for the required grade/region,Low,Mature Indian and global supply chain,B,Mahindra Accelo FY2024-25 Annual Report; industry supply-chain evidence
CSN CSN 242660,Steel,High,High,Established supplier ecosystem; exact supplier list should be verified for the required grade/region,Low,Mature Indian and global supply chain,B,Mahindra Accelo FY2024-25 Annual Report; industry supply-chain evidence
CSN CSN 422670,Steel,High,High,Established supplier ecosystem; exact supplier list should be verified for the required grade/region,Low,Mature Indian and global supply chain,B,Mahindra Accelo FY2024-25 Annual Report; industry supply-chain evidence
CSN CSN 422709,Steel,High,High,Established supplier ecosystem; exact supplier list should be verified for the required grade/region,Low,Mature Indian and global supply chain,B,Mahindra Accelo FY2024-25 Annual Report; industry supply-chain evidence
CSN CSN 422712,Steel,High,High,Established supplier ecosystem; exact supplier list should be verified for the required grade/region,Low,Mature Indian and global supply chain,B,Mahindra Accelo FY2024-25 Annual Report; industry supply-chain evidence
CSN CSN 422713,Steel,High,High,Established supplier ecosystem; exact supplier list should be verified for the required grade/region,Low,Mature Indian and global supply chain,B,Mahindra Accelo FY2024-25 Annual Report; industry supply-chain evidence
CSN CSN 422724,Steel,High,High,Established supplier ecosystem; exact supplier list should be verified for the required grade/region,Low,Mature Indian and global supply chain,B,Mahindra Accelo FY2024-25 Annual Report; industry supply-chain evidence
CSN CSN 422735,Steel,High,High,Established supplier ecosystem; exact supplier list should be verified for the required grade/region,Low,Mature Indian and global supply chain,B,Mahindra Accelo FY2024-25 Annual Report; industry supply-chain evidence
CSN CSN 422739,Steel,High,High,Established supplier ecosystem; exact supplier list should be verified for the required grade/region,Low,Mature Indian and global supply chain,B,Mahindra Accelo FY2024-25 Annual Report; industry supply-chain evidence
CSN CSN 422753,Steel,High,High,Established supplier ecosystem; exact supplier list should be verified for the required grade/region,Low,Mature Indian and global supply chain,B,Mahindra Accelo FY2024-25 Annual Report; industry supply-chain evidence
CSN CSN 422906,Steel,High,High,Established supplier ecosystem; exact supplier list should be verified for the required grade/region,Low,Mature Indian and global supply chain,B,Mahindra Accelo FY2024-25 Annual Report; industry supply-chain evidence
CSN CSN 422912,Steel,High,High,Established supplier ecosystem; exact supplier list should be verified for the required grade/region,Low,Mature Indian and global supply chain,B,Mahindra Accelo FY2024-25 Annual Report; industry supply-chain evidence
CSN CSN 423042,Steel,High,High,Established supplier ecosystem; exact supplier list should be verified for the required grade/region,Low,Mature Indian and global supply chain,B,Mahindra Accelo FY2024-25 Annual Report; industry supply-chain evidence
CSN CSN 423044,Steel,High,High,Established supplier ecosystem; exact supplier list should be verified for the required grade/region,Low,Mature Indian and global supply chain,B,Mahindra Accelo FY2024-25 Annual Report; industry supply-chain evidence
CSN CSN 423045,Steel,High,High,Established supplier ecosystem; exact supplier list should be verified for the required grade/region,Low,Mature Indian and global supply chain,B,Mahindra Accelo FY2024-25 Annual Report; industry supply-chain evidence
CSN CSN 423047,Steel,High,High,Established supplier ecosystem; exact supplier list should be verified for the required grade/region,Low,Mature Indian and global supply chain,B,Mahindra Accelo FY2024-25 Annual Report; industry supply-chain evidence
CSN CSN 423115,Steel,High,High,Established supplier ecosystem; exact supplier list should be verified for the required grade/region,Low,Mature Indian and global supply chain,B,Mahindra Accelo FY2024-25 Annual Report; industry supply-chain evidence
CSN CSN 423119,Steel,High,High,Established supplier ecosystem; exact supplier list should be verified for the required grade/region,Low,Mature Indian and global supply chain,B,Mahindra Accelo FY2024-25 Annual Report; industry supply-chain evidence
CSN CSN 423123,Steel,High,High,Established supplier ecosystem; exact supplier list should be verified for the required grade/region,Low,Mature Indian and global supply chain,B,Mahindra Accelo FY2024-25 Annual Report; industry supply-chain evidence
CSN CSN 423135,Steel,High,High,Established supplier ecosystem; exact supplier list should be verified for the required grade/region,Low,Mature Indian and global supply chain,B,Mahindra Accelo FY2024-25 Annual Report; industry supply-chain evidence
CSN CSN 423137,Steel,High,High,Established supplier ecosystem; exact supplier list should be verified for the required grade/region,Low,Mature Indian and global supply chain,B,Mahindra Accelo FY2024-25 Annual Report; industry supply-chain evidence
CSN CSN 423145,Steel,High,High,Established supplier ecosystem; exact supplier list should be verified for the required grade/region,Low,Mature Indian and global supply chain,B,Mahindra Accelo FY2024-25 Annual Report; industry supply-chain evidence
CSN CSN 423147,Steel,High,High,Established supplier ecosystem; exact supplier list should be verified for the required grade/region,Low,Mature Indian and global supply chain,B,Mahindra Accelo FY2024-25 Annual Report; industry supply-chain evidence
CSN CSN 423210,Steel,High,High,Established supplier ecosystem; exact supplier list should be verified for the required grade/region,Low,Mature Indian and global supply chain,B,Mahindra Accelo FY2024-25 Annual Report; industry supply-chain evidence
CSN CSN 423212,Steel,High,High,Established supplier ecosystem; exact supplier list should be verified for the required grade/region,Low,Mature Indian and global supply chain,B,Mahindra Accelo FY2024-25 Annual Report; industry supply-chain evidence
CSN CSN 423213,Steel,High,High,Established supplier ecosystem; exact supplier list should be verified for the required grade/region,Low,Mature Indian and global supply chain,B,Mahindra Accelo FY2024-25 Annual Report; industry supply-chain evidence
CSN CSN 423214,Steel,High,High,Established supplier ecosystem; exact supplier list should be verified for the required grade/region,Low,Mature Indian and global supply chain,B,Mahindra Accelo FY2024-25 Annual Report; industry supply-chain evidence
CSN CSN 423256,Steel,High,High,Established supplier ecosystem; exact supplier list should be verified for the required grade/region,Low,Mature Indian and global supply chain,B,Mahindra Accelo FY2024-25 Annual Report; industry supply-chain evidence
CSN CSN 423311,Steel,High,High,Established supplier ecosystem; exact supplier list should be verified for the required grade/region,Low,Mature Indian and global supply chain,B,Mahindra Accelo FY2024-25 Annual Report; industry supply-chain evidence
CSN CSN 424201,Steel,High,High,Established supplier ecosystem; exact supplier list should be verified for the required grade/region,Low,Mature Indian and global supply chain,B,Mahindra Accelo FY2024-25 Annual Report; industry supply-chain evidence
CSN CSN 424203,Steel,High,High,Established supplier ecosystem; exact supplier list should be verified for the required grade/region,Low,Mature Indian and global supply chain,B,Mahindra Accelo FY2024-25 Annual Report; industry supply-chain evidence
CSN CSN 424204,Steel,High,High,Established supplier ecosystem; exact supplier list should be verified for the required grade/region,Low,Mature Indian and global supply chain,B,Mahindra Accelo FY2024-25 Annual Report; industry supply-chain evidence
CSN CSN 424250,Steel,High,High,Established supplier ecosystem; exact supplier list should be verified for the required grade/region,Low,Mature Indian and global supply chain,B,Mahindra Accelo FY2024-25 Annual Report; industry supply-chain evidence
CSN CSN 424401,Steel,High,High,Established supplier ecosystem; exact supplier list should be verified for the required grade/region,Low,Mature Indian and global supply chain,B,Mahindra Accelo FY2024-25 Annual Report; industry supply-chain evidence
CSN CSN 424413,Steel,High,High,Established supplier ecosystem; exact supplier list should be verified for the required grade/region,Low,Mature Indian and global supply chain,B,Mahindra Accelo FY2024-25 Annual Report; industry supply-chain evidence
CSN CSN 424415,Steel,High,High,Established supplier ecosystem; exact supplier list should be verified for the required grade/region,Low,Mature Indian and global supply chain,B,Mahindra Accelo FY2024-25 Annual Report; industry supply-chain evidence
GOST Steel ST3KP GOST 380-94,Steel,High,High,Established supplier ecosystem; exact supplier list should be verified for the required grade/region,Low,Mature Indian and global supply chain,B,Mahindra Accelo FY2024-25 Annual Report; industry supply-chain evidence
GOST Steel ST3PC GOST 380-94,Steel,High,High,Established supplier ecosystem; exact supplier list should be verified for the required grade/region,Low,Mature Indian and global supply chain,B,Mahindra Accelo FY2024-25 Annual Report; industry supply-chain evidence
GOST Steel ST3CP GOST 380-94,Steel,High,High,Established supplier ecosystem; exact supplier list should be verified for the required grade/region,Low,Mature Indian and global supply chain,B,Mahindra Accelo FY2024-25 Annual Report; industry supply-chain evidence
GOST Steel ST4KP GOST 380-94,Steel,High,High,Established supplier ecosystem; exact supplier list should be verified for the required grade/region,Low,Mature Indian and global supply chain,B,Mahindra Accelo FY2024-25 Annual Report; industry supply-chain evidence
GOST Steel ST4PS GOST 380-94,Steel,High,High,Established supplier ecosystem; exact supplier list should be verified for the required grade/region,Low,Mature Indian and global supply chain,B,Mahindra Accelo FY2024-25 Annual Report; industry supply-chain evidence
GOST Steel ST4SP GOST 380-94,Steel,High,High,Established supplier ecosystem; exact supplier list should be verified for the required grade/region,Low,Mature Indian and global supply chain,B,Mahindra Accelo FY2024-25 Annual Report; industry supply-chain evidence
GOST Steel ST5PS GOST 380-94,Steel,High,High,Established supplier ecosystem; exact supplier list should be verified for the required grade/region,Low,Mature Indian and global supply chain,B,Mahindra Accelo FY2024-25 Annual Report; industry supply-chain evidence
GOST Steel ST5SP GOST 380-94,Steel,High,High,Established supplier ecosystem; exact supplier list should be verified for the required grade/region,Low,Mature Indian and global supply chain,B,Mahindra Accelo FY2024-25 Annual Report; industry supply-chain evidence
GOST Steel ST6PS GOST 380-94,Steel,High,High,Established supplier ecosystem; exact supplier list should be verified for the required grade/region,Low,Mature Indian and global supply chain,B,Mahindra Accelo FY2024-25 Annual Report; industry supply-chain evidence
GOST Steel ST6SP GOST 380-94,Steel,High,High,Established supplier ecosystem; exact supplier list should be verified for the required grade/region,Low,Mature Indian and global supply chain,B,Mahindra Accelo FY2024-25 Annual Report; industry supply-chain evidence
GOST Steel S235 GOST 27772-88,Steel,High,High,Established supplier ecosystem; exact supplier list should be verified for the required grade/region,Low,Mature Indian and global supply chain,B,Mahindra Accelo FY2024-25 Annual Report; industry supply-chain evidence
GOST Steel S245 GOST 27772-88,Steel,High,High,Established supplier ecosystem; exact supplier list should be verified for the required grade/region,Low,Mature Indian and global supply chain,B,Mahindra Accelo FY2024-25 Annual Report; industry supply-chain evidence
GOST Steel S255 GOST 27772-88,Steel,High,High,Established supplier ecosystem; exact supplier list should be verified for the required grade/region,Low,Mature Indian and global supply chain,B,Mahindra Accelo FY2024-25 Annual Report; industry supply-chain evidence
GOST Steel S285 GOST 27772-88,Steel,High,High,Established supplier ecosystem; exact supplier list should be verified for the required grade/region,Low,Mature Indian and global supply chain,B,Mahindra Accelo FY2024-25 Annual Report; industry supply-chain evidence
GOST Steel S345 GOST 27772-88,Steel,High,High,Established supplier ecosystem; exact supplier list should be verified for the required grade/region,Low,Mature Indian and global supply chain,B,Mahindra Accelo FY2024-25 Annual Report; industry supply-chain evidence
GOST Steel S375 GOST 27772-88,Steel,High,High,Established supplier ecosystem; exact supplier list should be verified for the required grade/region,Low,Mature Indian and global supply chain,B,Mahindra Accelo FY2024-25 Annual Report; industry supply-chain evidence
GOST Steel 08 GOST 1050-88 normalized,Steel,High,High,Established supplier ecosystem; exact supplier list should be verified for the required grade/region,Low,Mature Indian and global supply chain,B,Mahindra Accelo FY2024-25 Annual Report; industry supply-chain evidence
GOST Steel 10 GOST 1050-88 normalized,Steel,High,High,Established supplier ecosystem; exact supplier list should be verified for the required grade/region,Low,Mature Indian and global supply chain,B,Mahindra Accelo FY2024-25 Annual Report; industry supply-chain evidence
GOST Steel 10 GOST 1050-88 case-hardened,Steel,High,High,Established supplier ecosystem; exact supplier list should be verified for the required grade/region,Low,Mature Indian and global supply chain,B,Mahindra Accelo FY2024-25 Annual Report; industry supply-chain evidence
GOST Steel 10 GOST 1050-88 Cold working,Steel,High,High,Established supplier ecosystem; exact supplier list should be verified for the required grade/region,Low,Mature Indian and global supply chain,B,Mahindra Accelo FY2024-25 Annual Report; industry supply-chain evidence
GOST Steel 10 GOST 1050-88 Annealing or high tempering,Steel,High,High,Established supplier ecosystem; exact supplier list should be verified for the required grade/region,Low,Mature Indian and global supply chain,B,Mahindra Accelo FY2024-25 Annual Report; industry supply-chain evidence
GOST Steel 15 GOST 1050-88 normalized,Steel,High,High,Established supplier ecosystem; exact supplier list should be verified for the required grade/region,Low,Mature Indian and global supply chain,B,Mahindra Accelo FY2024-25 Annual Report; industry supply-chain evidence
GOST Steel 15 GOST 1050-88 case-hardened,Steel,High,High,Established supplier ecosystem; exact supplier list should be verified for the required grade/region,Low,Mature Indian and global supply chain,B,Mahindra Accelo FY2024-25 Annual Report; industry supply-chain evidence
GOST Steel 15 GOST 1050-88 Cold working,Steel,High,High,Established supplier ecosystem; exact supplier list should be verified for the required grade/region,Low,Mature Indian and global supply chain,B,Mahindra Accelo FY2024-25 Annual Report; industry supply-chain evidence
GOST Steel 15 GOST 1050-88 Annealing or high tempering,Steel,High,High,Established supplier ecosystem; exact supplier list should be verified for the required grade/region,Low,Mature Indian and global supply chain,B,Mahindra Accelo FY2024-25 Annual Report; industry supply-chain evidence
GOST Steel 20 GOST 1050-88 normalized,Steel,High,High,Established supplier ecosystem; exact supplier list should be verified for the required grade/region,Low,Mature Indian and global supply chain,B,Mahindra Accelo FY2024-25 Annual Report; industry supply-chain evidence
GOST Steel 20 GOST 1050-88 case-hardened,Steel,High,High,Established supplier ecosystem; exact supplier list should be verified for the required grade/region,Low,Mature Indian and global supply chain,B,Mahindra Accelo FY2024-25 Annual Report; industry supply-chain evidence
GOST Steel 20 GOST 1050-88 Cold working,Steel,High,High,Established supplier ecosystem; exact supplier list should be verified for the required grade/region,Low,Mature Indian and global supply chain,B,Mahindra Accelo FY2024-25 Annual Report; industry supply-chain evidence
GOST Steel 20 GOST 1050-88 Annealing or high tempering,Steel,High,High,Established supplier ecosystem; exact supplier list should be verified for the required grade/region,Low,Mature Indian and global supply chain,B,Mahindra Accelo FY2024-25 Annual Report; industry supply-chain evidence
GOST Steel 25 GOST 1050-88 normalized,Steel,High,High,Established supplier ecosystem; exact supplier list should be verified for the required grade/region,Low,Mature Indian and global supply chain,B,Mahindra Accelo FY2024-25 Annual Report; industry supply-chain evidence
GOST Steel 25 GOST 1050-88 case-hardened,Steel,High,High,Established supplier ecosystem; exact supplier list should be verified for the required grade/region,Low,Mature Indian and global supply chain,B,Mahindra Accelo FY2024-25 Annual Report; industry supply-chain evidence
GOST Steel 25 GOST 1050-88 Cold working,Steel,High,High,Established supplier ecosystem; exact supplier list should be verified for the required grade/region,Low,Mature Indian and global supply chain,B,Mahindra Accelo FY2024-25 Annual Report; industry supply-chain evidence
GOST Steel 25 GOST 1050-88 Annealing or high tempering,Steel,High,High,Established supplier ecosystem; exact supplier list should be verified for the required grade/region,Low,Mature Indian and global supply chain,B,Mahindra Accelo FY2024-25 Annual Report; industry supply-chain evidence
GOST Steel 30 GOST 1050-88 normalized,Steel,High,High,Established supplier ecosystem; exact supplier list should be verified for the required grade/region,Low,Mature Indian and global supply chain,B,Mahindra Accelo FY2024-25 Annual Report; industry supply-chain evidence
GOST Steel 30 GOST 1050-88 Improved,Steel,High,High,Established supplier ecosystem; exact supplier list should be verified for the required grade/region,Low,Mature Indian and global supply chain,B,Mahindra Accelo FY2024-25 Annual Report; industry supply-chain evidence
GOST Steel 30 GOST 1050-88 Cold working,Steel,High,High,Established supplier ecosystem; exact supplier list should be verified for the required grade/region,Low,Mature Indian and global supply chain,B,Mahindra Accelo FY2024-25 Annual Report; industry supply-chain evidence
GOST Steel 30 GOST 1050-88 Annealing or high tempering,Steel,High,High,Established supplier ecosystem; exact supplier list should be verified for the required grade/region,Low,Mature Indian and global supply chain,B,Mahindra Accelo FY2024-25 Annual Report; industry supply-chain evidence
GOST Steel 30 GOST 1050-88 Quenched and tempered,Steel,High,High,Established supplier ecosystem; exact supplier list should be verified for the required grade/region,Low,Mature Indian and global supply chain,B,Mahindra Accelo FY2024-25 Annual Report; industry supply-chain evidence
GOST Steel 35 GOST 1050-88 normalized,Steel,High,High,Established supplier ecosystem; exact supplier list should be verified for the required grade/region,Low,Mature Indian and global supply chain,B,Mahindra Accelo FY2024-25 Annual Report; industry supply-chain evidence
GOST Steel 35 GOST 1050-88 Improved,Steel,High,High,Established supplier ecosystem; exact supplier list should be verified for the required grade/region,Low,Mature Indian and global supply chain,B,Mahindra Accelo FY2024-25 Annual Report; industry supply-chain evidence
GOST Steel 35 GOST 1050-88 Quenching and cooling in the water,Steel,High,High,Established supplier ecosystem; exact supplier list should be verified for the required grade/region,Low,Mature Indian and global supply chain,B,Mahindra Accelo FY2024-25 Annual Report; industry supply-chain evidence
GOST Steel 35 GOST 1050-88 Cold working,Steel,High,High,Established supplier ecosystem; exact supplier list should be verified for the required grade/region,Low,Mature Indian and global supply chain,B,Mahindra Accelo FY2024-25 Annual Report; industry supply-chain evidence
GOST Steel 35 GOST 1050-88 Annealing or high tempering,Steel,High,High,Established supplier ecosystem; exact supplier list should be verified for the required grade/region,Low,Mature Indian and global supply chain,B,Mahindra Accelo FY2024-25 Annual Report; industry supply-chain evidence
GOST Steel 35 GOST 1050-88 Quenched and tempered,Steel,High,High,Established supplier ecosystem; exact supplier list should be verified for the required grade/region,Low,Mature Indian and global supply chain,B,Mahindra Accelo FY2024-25 Annual Report; industry supply-chain evidence
GOST Steel 40 GOST 1050-88 normalized,Steel,High,High,Established supplier ecosystem; exact supplier list should be verified for the required grade/region,Low,Mature Indian and global supply chain,B,Mahindra Accelo FY2024-25 Annual Report; industry supply-chain evidence
GOST Steel 40 GOST 1050-88 Improved,Steel,High,High,Established supplier ecosystem; exact supplier list should be verified for the required grade/region,Low,Mature Indian and global supply chain,B,Mahindra Accelo FY2024-25 Annual Report; industry supply-chain evidence
GOST Steel 40 GOST 1050-88 Quenching and cooling in the water,Steel,High,High,Established supplier ecosystem; exact supplier list should be verified for the required grade/region,Low,Mature Indian and global supply chain,B,Mahindra Accelo FY2024-25 Annual Report; industry supply-chain evidence
GOST Steel 40 GOST 1050-88 Cold working,Steel,High,High,Established supplier ecosystem; exact supplier list should be verified for the required grade/region,Low,Mature Indian and global supply chain,B,Mahindra Accelo FY2024-25 Annual Report; industry supply-chain evidence
GOST Steel 40 GOST 1050-88 Annealing or high tempering,Steel,High,High,Established supplier ecosystem; exact supplier list should be verified for the required grade/region,Low,Mature Indian and global supply chain,B,Mahindra Accelo FY2024-25 Annual Report; industry supply-chain evidence
GOST Steel 40 GOST 1050-88 Quenched and tempered,Steel,High,High,Established supplier ecosystem; exact supplier list should be verified for the required grade/region,Low,Mature Indian and global supply chain,B,Mahindra Accelo FY2024-25 Annual Report; industry supply-chain evidence
GOST Steel 45 GOST 1050-88 normalized,Steel,High,High,Established supplier ecosystem; exact supplier list should be verified for the required grade/region,Low,Mature Indian and global supply chain,B,Mahindra Accelo FY2024-25 Annual Report; industry supply-chain evidence
GOST Steel 45 GOST 1050-88 Improved,Steel,High,High,Established supplier ecosystem; exact supplier list should be verified for the required grade/region,Low,Mature Indian and global supply chain,B,Mahindra Accelo FY2024-25 Annual Report; industry supply-chain evidence
GOST Steel 45 GOST 1050-88 Quenching and cooling in the oil,Steel,High,High,Established supplier ecosystem; exact supplier list should be verified for the required grade/region,Low,Mature Indian and global supply chain,B,Mahindra Accelo FY2024-25 Annual Report; industry supply-chain evidence
GOST Steel 45 GOST 1050-88 Quenching and cooling in the water,Steel,High,High,Established supplier ecosystem; exact supplier list should be verified for the required grade/region,Low,Mature Indian and global supply chain,B,Mahindra Accelo FY2024-25 Annual Report; industry supply-chain evidence
GOST Steel 45 GOST 1050-88 Quenching and cooling in the water,Steel,High,High,Established supplier ecosystem; exact supplier list should be verified for the required grade/region,Low,Mature Indian and global supply chain,B,Mahindra Accelo FY2024-25 Annual Report; industry supply-chain evidence
GOST Steel 45 GOST 1050-88 Quenching and heating,Tin alloys,High,High,Specialized supplier ecosystem; exact supplier list should be verified for the required grade/region,Low,Established industrial/electronics supply chain,C,Class-level market assessment; grade-specific supplier verification required
GOST Steel 45 GOST 1050-88 Cold working,Steel,High,High,Established supplier ecosystem; exact supplier list should be verified for the required grade/region,Low,Mature Indian and global supply chain,B,Mahindra Accelo FY2024-25 Annual Report; industry supply-chain evidence
GOST Steel 45 GOST 1050-88 Annealing or high tempering,Steel,High,High,Established supplier ecosystem; exact supplier list should be verified for the required grade/region,Low,Mature Indian and global supply chain,B,Mahindra Accelo FY2024-25 Annual Report; industry supply-chain evidence
GOST Steel 45 GOST 1050-88 Quenched and tempered,Steel,High,High,Established supplier ecosystem; exact supplier list should be verified for the required grade/region,Low,Mature Indian and global supply chain,B,Mahindra Accelo FY2024-25 Annual Report; industry supply-chain evidence
GOST Steel 50 GOST 1050-88 normalized,Steel,High,High,Established supplier ecosystem; exact supplier list should be verified for the required grade/region,Low,Mature Indian and global supply chain,B,Mahindra Accelo FY2024-25 Annual Report; industry supply-chain evidence
GOST Steel 50 GOST 1050-88 Improved,Steel,High,High,Established supplier ecosystem; exact supplier list should be verified for the required grade/region,Low,Mature Indian and global supply chain,B,Mahindra Accelo FY2024-25 Annual Report; industry supply-chain evidence
GOST Steel 50 GOST 1050-88 Cold working,Steel,High,High,Established supplier ecosystem; exact supplier list should be verified for the required grade/region,Low,Mature Indian and global supply chain,B,Mahindra Accelo FY2024-25 Annual Report; industry supply-chain evidence
GOST Steel 50 GOST 1050-88 Annealing or high tempering,Steel,High,High,Established supplier ecosystem; exact supplier list should be verified for the required grade/region,Low,Mature Indian and global supply chain,B,Mahindra Accelo FY2024-25 Annual Report; industry supply-chain evidence
GOST Steel 50 GOST 1050-88 Quenched and tempered,Steel,High,High,Established supplier ecosystem; exact supplier list should be verified for the required grade/region,Low,Mature Indian and global supply chain,B,Mahindra Accelo FY2024-25 Annual Report; industry supply-chain evidence
GOST Steel 55 GOST 1050-88 normalized,Steel,High,High,Established supplier ecosystem; exact supplier list should be verified for the required grade/region,Low,Mature Indian and global supply chain,B,Mahindra Accelo FY2024-25 Annual Report; industry supply-chain evidence
GOST Steel 55 GOST 1050-88 Quenched and tempered,Steel,High,High,Established supplier ecosystem; exact supplier list should be verified for the required grade/region,Low,Mature Indian and global supply chain,B,Mahindra Accelo FY2024-25 Annual Report; industry supply-chain evidence
GOST Steel 60 GOST 1050-88 normalized,Steel,High,High,Established supplier ecosystem; exact supplier list should be verified for the required grade/region,Low,Mature Indian and global supply chain,B,Mahindra Accelo FY2024-25 Annual Report; industry supply-chain evidence
GOST Steel 60 GOST 1050-88 Quenched and tempered,Steel,High,High,Established supplier ecosystem; exact supplier list should be verified for the required grade/region,Low,Mature Indian and global supply chain,B,Mahindra Accelo FY2024-25 Annual Report; industry supply-chain evidence
GOST Steel 20G GOST 1050-88 normalized,Steel,High,High,Established supplier ecosystem; exact supplier list should be verified for the required grade/region,Low,Mature Indian and global supply chain,B,Mahindra Accelo FY2024-25 Annual Report; industry supply-chain evidence
GOST Steel 20G GOST 1050-88 Quenching and cooling in the water,Steel,High,High,Established supplier ecosystem; exact supplier list should be verified for the required grade/region,Low,Mature Indian and global supply chain,B,Mahindra Accelo FY2024-25 Annual Report; industry supply-chain evidence
GOST Steel 30G GOST 1050-88 normalized,Steel,High,High,Established supplier ecosystem; exact supplier list should be verified for the required grade/region,Low,Mature Indian and global supply chain,B,Mahindra Accelo FY2024-25 Annual Report; industry supply-chain evidence
GOST Steel 30G GOST 1050-88 Quenching and cooling in the water,Steel,High,High,Established supplier ecosystem; exact supplier list should be verified for the required grade/region,Low,Mature Indian and global supply chain,B,Mahindra Accelo FY2024-25 Annual Report; industry supply-chain evidence
GOST Steel 40G GOST 1050-88 normalized,Steel,High,High,Established supplier ecosystem; exact supplier list should be verified for the required grade/region,Low,Mature Indian and global supply chain,B,Mahindra Accelo FY2024-25 Annual Report; industry supply-chain evidence
GOST Steel 40G GOST 1050-88 Quenching and cooling in the water,Steel,High,High,Established supplier ecosystem; exact supplier list should be verified for the required grade/region,Low,Mature Indian and global supply chain,B,Mahindra Accelo FY2024-25 Annual Report; industry supply-chain evidence
GOST Steel 50G GOST 1050-88 normalized,Steel,High,High,Established supplier ecosystem; exact supplier list should be verified for the required grade/region,Low,Mature Indian and global supply chain,B,Mahindra Accelo FY2024-25 Annual Report; industry supply-chain evidence
GOST Steel 50G GOST 1050-88 Quenching and cooling in the water,Steel,High,High,Established supplier ecosystem; exact supplier list should be verified for the required grade/region,Low,Mature Indian and global supply chain,B,Mahindra Accelo FY2024-25 Annual Report; industry supply-chain evidence
GOST Steel 65G GOST 1050-88 normalized,Steel,High,High,Established supplier ecosystem; exact supplier list should be verified for the required grade/region,Low,Mature Indian and global supply chain,B,Mahindra Accelo FY2024-25 Annual Report; industry supply-chain evidence
GOST Steel 65G GOST 1050-88 Improved,Steel,High,High,Established supplier ecosystem; exact supplier list should be verified for the required grade/region,Low,Mature Indian and global supply chain,B,Mahindra Accelo FY2024-25 Annual Report; industry supply-chain evidence
GOST Steel 65G GOST 1050-88 Quenching and cooling in the water,Steel,High,High,Established supplier ecosystem; exact supplier list should be verified for the required grade/region,Low,Mature Indian and global supply chain,B,Mahindra Accelo FY2024-25 Annual Report; industry supply-chain evidence
GOST Steel A11 GOST 1414-75,Steel,High,High,Established supplier ecosystem; exact supplier list should be verified for the required grade/region,Low,Mature Indian and global supply chain,B,Mahindra Accelo FY2024-25 Annual Report; industry supply-chain evidence
GOST Steel A12 GOST 1414-75,Steel,High,High,Established supplier ecosystem; exact supplier list should be verified for the required grade/region,Low,Mature Indian and global supply chain,B,Mahindra Accelo FY2024-25 Annual Report; industry supply-chain evidence
GOST Steel A12 GOST 1414-75,Steel,High,High,Established supplier ecosystem; exact supplier list should be verified for the required grade/region,Low,Mature Indian and global supply chain,B,Mahindra Accelo FY2024-25 Annual Report; industry supply-chain evidence
GOST Steel A20 GOST 1414-75,Steel,High,High,Established supplier ecosystem; exact supplier list should be verified for the required grade/region,Low,Mature Indian and global supply chain,B,Mahindra Accelo FY2024-25 Annual Report; industry supply-chain evidence
GOST Steel A30 GOST 1414-75,Steel,High,High,Established supplier ecosystem; exact supplier list should be verified for the required grade/region,Low,Mature Indian and global supply chain,B,Mahindra Accelo FY2024-25 Annual Report; industry supply-chain evidence
GOST Steel A35 GOST 1414-75,Steel,High,High,Established supplier ecosystem; exact supplier list should be verified for the required grade/region,Low,Mature Indian and global supply chain,B,Mahindra Accelo FY2024-25 Annual Report; industry supply-chain evidence
GOST Steel 15Ch GOST 4543-71,Steel,High,High,Established supplier ecosystem; exact supplier list should be verified for the required grade/region,Low,Mature Indian and global supply chain,B,Mahindra Accelo FY2024-25 Annual Report; industry supply-chain evidence
GOST Steel 20Ch GOST 4543-71,Steel,High,High,Established supplier ecosystem; exact supplier list should be verified for the required grade/region,Low,Mature Indian and global supply chain,B,Mahindra Accelo FY2024-25 Annual Report; industry supply-chain evidence
GOST Steel 20Ch GOST 4543-71 normalized,Steel,High,High,Established supplier ecosystem; exact supplier list should be verified for the required grade/region,Low,Mature Indian and global supply chain,B,Mahindra Accelo FY2024-25 Annual Report; industry supply-chain evidence
GOST Steel 20Ch GOST 4543-71 Improved,Steel,High,High,Established supplier ecosystem; exact supplier list should be verified for the required grade/region,Low,Mature Indian and global supply chain,B,Mahindra Accelo FY2024-25 Annual Report; industry supply-chain evidence
GOST Steel 20Ch GOST 4543-71 Quenching and cooling in the oil,Steel,High,High,Established supplier ecosystem; exact supplier list should be verified for the required grade/region,Low,Mature Indian and global supply chain,B,Mahindra Accelo FY2024-25 Annual Report; industry supply-chain evidence
GOST Steel 30Ch GOST 4543-71,Steel,High,High,Established supplier ecosystem; exact supplier list should be verified for the required grade/region,Low,Mature Indian and global supply chain,B,Mahindra Accelo FY2024-25 Annual Report; industry supply-chain evidence
GOST Steel 35Ch GOST 4543-71,Steel,High,High,Established supplier ecosystem; exact supplier list should be verified for the required grade/region,Low,Mature Indian and global supply chain,B,Mahindra Accelo FY2024-25 Annual Report; industry supply-chain evidence
GOST Steel 40Ch GOST 4543-71,Steel,High,High,Established supplier ecosystem; exact supplier list should be verified for the required grade/region,Low,Mature Indian and global supply chain,B,Mahindra Accelo FY2024-25 Annual Report; industry supply-chain evidence
GOST Steel 40Ch GOST 4543-71 normalized,Steel,High,High,Established supplier ecosystem; exact supplier list should be verified for the required grade/region,Low,Mature Indian and global supply chain,B,Mahindra Accelo FY2024-25 Annual Report; industry supply-chain evidence
GOST Steel 40Ch GOST 4543-71 Improved,Steel,High,High,Established supplier ecosystem; exact supplier list should be verified for the required grade/region,Low,Mature Indian and global supply chain,B,Mahindra Accelo FY2024-25 Annual Report; industry supply-chain evidence
GOST Steel 40Ch GOST 4543-71 Quenching and cooling in the oil,Steel,High,High,Established supplier ecosystem; exact supplier list should be verified for the required grade/region,Low,Mature Indian and global supply chain,B,Mahindra Accelo FY2024-25 Annual Report; industry supply-chain evidence
GOST Steel 40Ch GOST 4543-71 Quenching and cooling in the oil,Steel,High,High,Established supplier ecosystem; exact supplier list should be verified for the required grade/region,Low,Mature Indian and global supply chain,B,Mahindra Accelo FY2024-25 Annual Report; industry supply-chain evidence
GOST Steel 45Ch GOST 4543-71,Steel,High,High,Established supplier ecosystem; exact supplier list should be verified for the required grade/region,Low,Mature Indian and global supply chain,B,Mahindra Accelo FY2024-25 Annual Report; industry supply-chain evidence
GOST Steel 45Ch GOST 4543-71 normalized,Steel,High,High,Established supplier ecosystem; exact supplier list should be verified for the required grade/region,Low,Mature Indian and global supply chain,B,Mahindra Accelo FY2024-25 Annual Report; industry supply-chain evidence
GOST Steel 45Ch GOST 4543-71 Improved,Steel,High,High,Established supplier ecosystem; exact supplier list should be verified for the required grade/region,Low,Mature Indian and global supply chain,B,Mahindra Accelo FY2024-25 Annual Report; industry supply-chain evidence
GOST Steel 45Ch GOST 4543-71 Quenching and cooling in the oil,Steel,High,High,Established supplier ecosystem; exact supplier list should be verified for the required grade/region,Low,Mature Indian and global supply chain,B,Mahindra Accelo FY2024-25 Annual Report; industry supply-chain evidence
GOST Steel 50Ch GOST 4543-71,Steel,High,High,Established supplier ecosystem; exact supplier list should be verified for the required grade/region,Low,Mature Indian and global supply chain,B,Mahindra Accelo FY2024-25 Annual Report; industry supply-chain evidence
GOST Steel 50Ch GOST 4543-71 normalized,Steel,High,High,Established supplier ecosystem; exact supplier list should be verified for the required grade/region,Low,Mature Indian and global supply chain,B,Mahindra Accelo FY2024-25 Annual Report; industry supply-chain evidence
GOST Steel 50Ch GOST 4543-71 Quenching and cooling in the oil,Steel,High,High,Established supplier ecosystem; exact supplier list should be verified for the required grade/region,Low,Mature Indian and global supply chain,B,Mahindra Accelo FY2024-25 Annual Report; industry supply-chain evidence
GOST Steel 10G2 GOST 4543-71 normalized,Steel,High,High,Established supplier ecosystem; exact supplier list should be verified for the required grade/region,Low,Mature Indian and global supply chain,B,Mahindra Accelo FY2024-25 Annual Report; industry supply-chain evidence
GOST Steel 35G2 GOST 4543-71 normalized,Steel,High,High,Established supplier ecosystem; exact supplier list should be verified for the required grade/region,Low,Mature Indian and global supply chain,B,Mahindra Accelo FY2024-25 Annual Report; industry supply-chain evidence
GOST Steel 35G2 GOST 4543-71 Quenching and cooling in the water,Steel,High,High,Established supplier ecosystem; exact supplier list should be verified for the required grade/region,Low,Mature Indian and global supply chain,B,Mahindra Accelo FY2024-25 Annual Report; industry supply-chain evidence
GOST Steel 40G2 GOST 4543-71 normalized,Steel,High,High,Established supplier ecosystem; exact supplier list should be verified for the required grade/region,Low,Mature Indian and global supply chain,B,Mahindra Accelo FY2024-25 Annual Report; industry supply-chain evidence
GOST Steel 40G2 GOST 4543-71 Quenching and cooling in the oil,Steel,High,High,Established supplier ecosystem; exact supplier list should be verified for the required grade/region,Low,Mature Indian and global supply chain,B,Mahindra Accelo FY2024-25 Annual Report; industry supply-chain evidence
GOST Steel 45G2 GOST 4543-71 normalized,Steel,High,High,Established supplier ecosystem; exact supplier list should be verified for the required grade/region,Low,Mature Indian and global supply chain,B,Mahindra Accelo FY2024-25 Annual Report; industry supply-chain evidence
GOST Steel 45G2 GOST 4543-71 Quenching and cooling in the oil,Steel,High,High,Established supplier ecosystem; exact supplier list should be verified for the required grade/region,Low,Mature Indian and global supply chain,B,Mahindra Accelo FY2024-25 Annual Report; industry supply-chain evidence
GOST Steel 33ChS GOST 4543-71 normalized,Steel,High,High,Established supplier ecosystem; exact supplier list should be verified for the required grade/region,Low,Mature Indian and global supply chain,B,Mahindra Accelo FY2024-25 Annual Report; industry supply-chain evidence
GOST Steel 33ChS GOST 4543-71 Quenching and cooling in the oil,Steel,High,High,Established supplier ecosystem; exact supplier list should be verified for the required grade/region,Low,Mature Indian and global supply chain,B,Mahindra Accelo FY2024-25 Annual Report; industry supply-chain evidence
GOST Steel 38ChS GOST 4543-71 Improved,Steel,High,High,Established supplier ecosystem; exact supplier list should be verified for the required grade/region,Low,Mature Indian and global supply chain,B,Mahindra Accelo FY2024-25 Annual Report; industry supply-chain evidence
GOST Steel 30ChMA GOST 4543-71,Steel,High,High,Established supplier ecosystem; exact supplier list should be verified for the required grade/region,Low,Mature Indian and global supply chain,B,Mahindra Accelo FY2024-25 Annual Report; industry supply-chain evidence
GOST Steel 30ChM GOST 4543-71 Quenching and cooling in the oil,Steel,High,High,Established supplier ecosystem; exact supplier list should be verified for the required grade/region,Low,Mature Indian and global supply chain,B,Mahindra Accelo FY2024-25 Annual Report; industry supply-chain evidence
GOST Steel 35ChM GOST 4543-71,Steel,High,High,Established supplier ecosystem; exact supplier list should be verified for the required grade/region,Low,Mature Indian and global supply chain,B,Mahindra Accelo FY2024-25 Annual Report; industry supply-chain evidence
GOST Steel 35ChM GOST 4543-71 Quenching and cooling in the oil,Steel,High,High,Established supplier ecosystem; exact supplier list should be verified for the required grade/region,Low,Mature Indian and global supply chain,B,Mahindra Accelo FY2024-25 Annual Report; industry supply-chain evidence
GOST Steel 35ChM GOST 4543-71 Quenching and cooling in the oil,Steel,High,High,Established supplier ecosystem; exact supplier list should be verified for the required grade/region,Low,Mature Indian and global supply chain,B,Mahindra Accelo FY2024-25 Annual Report; industry supply-chain evidence
GOST Steel 18ChG GOST 4543-71 Quenching and cooling in the oil,Steel,High,High,Established supplier ecosystem; exact supplier list should be verified for the required grade/region,Low,Mature Indian and global supply chain,B,Mahindra Accelo FY2024-25 Annual Report; industry supply-chain evidence
GOST Steel 18ChGT GOST 4543-71 normalized,Steel,High,High,Established supplier ecosystem; exact supplier list should be verified for the required grade/region,Low,Mature Indian and global supply chain,B,Mahindra Accelo FY2024-25 Annual Report; industry supply-chain evidence
"GOST Steel 18ChGT GOST 4543-71 Case hardening,quenching and cooling in the oil",Steel,High,High,Established supplier ecosystem; exact supplier list should be verified for the required grade/region,Low,Mature Indian and global supply chain,B,Mahindra Accelo FY2024-25 Annual Report; industry supply-chain evidence
GOST Steel 30ChGT GOST 4543-71 Quenching and cooling in the oil,Steel,High,High,Established supplier ecosystem; exact supplier list should be verified for the required grade/region,Low,Mature Indian and global supply chain,B,Mahindra Accelo FY2024-25 Annual Report; industry supply-chain evidence
"GOST Steel 30ChGT GOST 4543-71 Case hardening,quenching and cooling in the oil",Steel,High,High,Established supplier ecosystem; exact supplier list should be verified for the required grade/region,Low,Mature Indian and global supply chain,B,Mahindra Accelo FY2024-25 Annual Report; industry supply-chain evidence
GOST Steel 20ChGSA GOST 4543-71,Steel,High,High,Established supplier ecosystem; exact supplier list should be verified for the required grade/region,Low,Mature Indian and global supply chain,B,Mahindra Accelo FY2024-25 Annual Report; industry supply-chain evidence
GOST Steel 20ChGSA GOST 4543-71 Quenching and cooling in the oil,Steel,High,High,Established supplier ecosystem; exact supplier list should be verified for the required grade/region,Low,Mature Indian and global supply chain,B,Mahindra Accelo FY2024-25 Annual Report; industry supply-chain evidence
GOST Steel 20ChGNR GOST 4543-71 Quenching and cooling in the oil,Steel,High,High,Established supplier ecosystem; exact supplier list should be verified for the required grade/region,Low,Mature Indian and global supply chain,B,Mahindra Accelo FY2024-25 Annual Report; industry supply-chain evidence
GOST Steel 20ChGNR GOST 4543-71 Quenching and cooling in the oil,Steel,High,High,Established supplier ecosystem; exact supplier list should be verified for the required grade/region,Low,Mature Indian and global supply chain,B,Mahindra Accelo FY2024-25 Annual Report; industry supply-chain evidence
GOST Steel 40ChFA GOST 4543-71 Quenching and cooling in the oil,Steel,High,High,Established supplier ecosystem; exact supplier list should be verified for the required grade/region,Low,Mature Indian and global supply chain,B,Mahindra Accelo FY2024-25 Annual Report; industry supply-chain evidence
GOST Steel 40ChFA GOST 4543-71 Quenching and cooling in the oil,Steel,High,High,Established supplier ecosystem; exact supplier list should be verified for the required grade/region,Low,Mature Indian and global supply chain,B,Mahindra Accelo FY2024-25 Annual Report; industry supply-chain evidence
GOST Steel 30ChGS GOST 4543-71,Steel,High,High,Established supplier ecosystem; exact supplier list should be verified for the required grade/region,Low,Mature Indian and global supply chain,B,Mahindra Accelo FY2024-25 Annual Report; industry supply-chain evidence
GOST Steel 20ChN GOST 4543-71,Steel,High,High,Established supplier ecosystem; exact supplier list should be verified for the required grade/region,Low,Mature Indian and global supply chain,B,Mahindra Accelo FY2024-25 Annual Report; industry supply-chain evidence
GOST Steel 40ChN GOST 4543-71,Steel,High,High,Established supplier ecosystem; exact supplier list should be verified for the required grade/region,Low,Mature Indian and global supply chain,B,Mahindra Accelo FY2024-25 Annual Report; industry supply-chain evidence
GOST Steel 40ChN GOST 4543-71 normalized,Steel,High,High,Established supplier ecosystem; exact supplier list should be verified for the required grade/region,Low,Mature Indian and global supply chain,B,Mahindra Accelo FY2024-25 Annual Report; industry supply-chain evidence
GOST Steel 40ChN GOST 4543-71 Quenching and cooling in the oil,Steel,High,High,Established supplier ecosystem; exact supplier list should be verified for the required grade/region,Low,Mature Indian and global supply chain,B,Mahindra Accelo FY2024-25 Annual Report; industry supply-chain evidence
GOST Steel 45ChN GOST 4543-71,Steel,High,High,Established supplier ecosystem; exact supplier list should be verified for the required grade/region,Low,Mature Indian and global supply chain,B,Mahindra Accelo FY2024-25 Annual Report; industry supply-chain evidence
GOST Steel 50ChN GOST 4543-71,Steel,High,High,Established supplier ecosystem; exact supplier list should be verified for the required grade/region,Low,Mature Indian and global supply chain,B,Mahindra Accelo FY2024-25 Annual Report; industry supply-chain evidence
GOST Steel 30ChN3A GOST 4543-71,Steel,High,High,Established supplier ecosystem; exact supplier list should be verified for the required grade/region,Low,Mature Indian and global supply chain,B,Mahindra Accelo FY2024-25 Annual Report; industry supply-chain evidence
GOST Steel 12ChN2 GOST 4543-71 Quenching and cooling in the oil,Steel,High,High,Established supplier ecosystem; exact supplier list should be verified for the required grade/region,Low,Mature Indian and global supply chain,B,Mahindra Accelo FY2024-25 Annual Report; industry supply-chain evidence
"GOST Steel 12ChN2 GOST 4543-71 Case hardening,quenching and cooling in the oil",Steel,High,High,Established supplier ecosystem; exact supplier list should be verified for the required grade/region,Low,Mature Indian and global supply chain,B,Mahindra Accelo FY2024-25 Annual Report; industry supply-chain evidence
GOST Steel 12ChN3A GOST 4543-71 Improved,Steel,High,High,Established supplier ecosystem; exact supplier list should be verified for the required grade/region,Low,Mature Indian and global supply chain,B,Mahindra Accelo FY2024-25 Annual Report; industry supply-chain evidence
GOST Steel 12ChN3A GOST 4543-71 Quenching and heating,Tin alloys,High,High,Specialized supplier ecosystem; exact supplier list should be verified for the required grade/region,Low,Established industrial/electronics supply chain,C,Class-level market assessment; grade-specific supplier verification required
GOST Steel 20Ch2N4A GOST 4543-71 Quenching and heating,Tin alloys,High,High,Specialized supplier ecosystem; exact supplier list should be verified for the required grade/region,Low,Established industrial/electronics supply chain,C,Class-level market assessment; grade-specific supplier verification required
"GOST Steel 20Ch2N4A GOST 4543-71 Case hardening,quenching and cooling in the oil",Steel,High,High,Established supplier ecosystem; exact supplier list should be verified for the required grade/region,Low,Mature Indian and global supply chain,B,Mahindra Accelo FY2024-25 Annual Report; industry supply-chain evidence
GOST Steel 20Ch2N4A GOST 4543-71 Quenching and cooling in the oil,Steel,High,High,Established supplier ecosystem; exact supplier list should be verified for the required grade/region,Low,Mature Indian and global supply chain,B,Mahindra Accelo FY2024-25 Annual Report; industry supply-chain evidence
GOST Steel 30ChGS GOST 4543-71 Annealing,Steel,High,High,Established supplier ecosystem; exact supplier list should be verified for the required grade/region,Low,Mature Indian and global supply chain,B,Mahindra Accelo FY2024-25 Annual Report; industry supply-chain evidence
GOST Steel 30ChGSA GOST 4543-71 Improved,Steel,High,High,Established supplier ecosystem; exact supplier list should be verified for the required grade/region,Low,Mature Indian and global supply chain,B,Mahindra Accelo FY2024-25 Annual Report; industry supply-chain evidence
GOST Steel 30ChGSA GOST 4543-71 Quenching and cooling in the oil,Steel,High,High,Established supplier ecosystem; exact supplier list should be verified for the required grade/region,Low,Mature Indian and global supply chain,B,Mahindra Accelo FY2024-25 Annual Report; industry supply-chain evidence
GOST Steel 38Ch210 GOST 4543-71 Quenching and cooling in the oil,Steel,High,High,Established supplier ecosystem; exact supplier list should be verified for the required grade/region,Low,Mature Indian and global supply chain,B,Mahindra Accelo FY2024-25 Annual Report; industry supply-chain evidence
GOST Steel 38ChA GOST 4543-71 Quenched and tempered,Steel,High,High,Established supplier ecosystem; exact supplier list should be verified for the required grade/region,Low,Mature Indian and global supply chain,B,Mahindra Accelo FY2024-25 Annual Report; industry supply-chain evidence
GOST Steel 38Ch2MJuA GOST 4543-71,Steel,High,High,Established supplier ecosystem; exact supplier list should be verified for the required grade/region,Low,Mature Indian and global supply chain,B,Mahindra Accelo FY2024-25 Annual Report; industry supply-chain evidence
GOST Steel 12MCh GOST 20072-74,Steel,High,High,Established supplier ecosystem; exact supplier list should be verified for the required grade/region,Low,Mature Indian and global supply chain,B,Mahindra Accelo FY2024-25 Annual Report; industry supply-chain evidence
GOST Steel 12Ch1MF GOST 20072-74,Steel,High,High,Established supplier ecosystem; exact supplier list should be verified for the required grade/region,Low,Mature Indian and global supply chain,B,Mahindra Accelo FY2024-25 Annual Report; industry supply-chain evidence
GOST Steel 20Ch1M1F1TR GOST 20072-74,Steel,High,High,Established supplier ecosystem; exact supplier list should be verified for the required grade/region,Low,Mature Indian and global supply chain,B,Mahindra Accelo FY2024-25 Annual Report; industry supply-chain evidence
GOST Steel 20Ch1M1F1BR GOST 20072-74,Steel,High,High,Established supplier ecosystem; exact supplier list should be verified for the required grade/region,Low,Mature Indian and global supply chain,B,Mahindra Accelo FY2024-25 Annual Report; industry supply-chain evidence
GOST Steel 25Ch1MF GOST 20072-74,Steel,High,High,Established supplier ecosystem; exact supplier list should be verified for the required grade/region,Low,Mature Indian and global supply chain,B,Mahindra Accelo FY2024-25 Annual Report; industry supply-chain evidence
GOST Steel 25Ch1MF GOST 20072-74,Steel,High,High,Established supplier ecosystem; exact supplier list should be verified for the required grade/region,Low,Mature Indian and global supply chain,B,Mahindra Accelo FY2024-25 Annual Report; industry supply-chain evidence
GOST Steel 18Ch3MV GOST 20072-74,Steel,High,High,Established supplier ecosystem; exact supplier list should be verified for the required grade/region,Low,Mature Indian and global supply chain,B,Mahindra Accelo FY2024-25 Annual Report; industry supply-chain evidence
GOST Steel 20Ch3MVF GOST 20072-74,Steel,High,High,Established supplier ecosystem; exact supplier list should be verified for the required grade/region,Low,Mature Indian and global supply chain,B,Mahindra Accelo FY2024-25 Annual Report; industry supply-chain evidence
GOST Steel 15Ch5 GOST 20072-74,Steel,High,High,Established supplier ecosystem; exact supplier list should be verified for the required grade/region,Low,Mature Indian and global supply chain,B,Mahindra Accelo FY2024-25 Annual Report; industry supply-chain evidence
GOST Steel 15Ch5M GOST 20072-74,Steel,High,High,Established supplier ecosystem; exact supplier list should be verified for the required grade/region,Low,Mature Indian and global supply chain,B,Mahindra Accelo FY2024-25 Annual Report; industry supply-chain evidence
GOST Steel 15Ch5VF GOST 20072-74,Steel,High,High,Established supplier ecosystem; exact supplier list should be verified for the required grade/region,Low,Mature Indian and global supply chain,B,Mahindra Accelo FY2024-25 Annual Report; industry supply-chain evidence
GOST Steel 12Ch8VF GOST 20072-74,Steel,High,High,Established supplier ecosystem; exact supplier list should be verified for the required grade/region,Low,Mature Indian and global supply chain,B,Mahindra Accelo FY2024-25 Annual Report; industry supply-chain evidence
GOST Steel 13Ch14N3V2FR GOST 5949-75,Steel,High,High,Established supplier ecosystem; exact supplier list should be verified for the required grade/region,Low,Mature Indian and global supply chain,B,Mahindra Accelo FY2024-25 Annual Report; industry supply-chain evidence
GOST Steel 13Ch14N3V2FR GOST 5949-75,Steel,High,High,Established supplier ecosystem; exact supplier list should be verified for the required grade/region,Low,Mature Indian and global supply chain,B,Mahindra Accelo FY2024-25 Annual Report; industry supply-chain evidence
GOST Steel 10Ch11N23T3MR GOST 5949-75,Steel,High,High,Established supplier ecosystem; exact supplier list should be verified for the required grade/region,Low,Mature Indian and global supply chain,B,Mahindra Accelo FY2024-25 Annual Report; industry supply-chain evidence
GOST Steel 10Ch11N23T3MR GOST 5949-75,Steel,High,High,Established supplier ecosystem; exact supplier list should be verified for the required grade/region,Low,Mature Indian and global supply chain,B,Mahindra Accelo FY2024-25 Annual Report; industry supply-chain evidence
GOST Steel 12Ch18N10T GOST 5949-75,Steel,High,High,Established supplier ecosystem; exact supplier list should be verified for the required grade/region,Low,Mature Indian and global supply chain,B,Mahindra Accelo FY2024-25 Annual Report; industry supply-chain evidence
GOST Steel 12Ch18N9T GOST 5949-75,Steel,High,High,Established supplier ecosystem; exact supplier list should be verified for the required grade/region,Low,Mature Indian and global supply chain,B,Mahindra Accelo FY2024-25 Annual Report; industry supply-chain evidence
GOST Steel 12Ch18N12T GOST 5949-75,Steel,High,High,Established supplier ecosystem; exact supplier list should be verified for the required grade/region,Low,Mature Indian and global supply chain,B,Mahindra Accelo FY2024-25 Annual Report; industry supply-chain evidence
GOST Steel 12Ch25N16G7AR GOST 5949-75,Steel,High,High,Established supplier ecosystem; exact supplier list should be verified for the required grade/region,Low,Mature Indian and global supply chain,B,Mahindra Accelo FY2024-25 Annual Report; industry supply-chain evidence
GOST Steel 20 GOST 1577-93 normalized,Steel,High,High,Established supplier ecosystem; exact supplier list should be verified for the required grade/region,Low,Mature Indian and global supply chain,B,Mahindra Accelo FY2024-25 Annual Report; industry supply-chain evidence
GOST Steel 20 GOST 1577-93 normalized,Steel,High,High,Established supplier ecosystem; exact supplier list should be verified for the required grade/region,Low,Mature Indian and global supply chain,B,Mahindra Accelo FY2024-25 Annual Report; industry supply-chain evidence
GOST Steel 20 GOST 1577-93 Quenched and tempered,Steel,High,High,Established supplier ecosystem; exact supplier list should be verified for the required grade/region,Low,Mature Indian and global supply chain,B,Mahindra Accelo FY2024-25 Annual Report; industry supply-chain evidence
GOST Steel 20 GOST 1577-93 Quenched and tempered,Steel,High,High,Established supplier ecosystem; exact supplier list should be verified for the required grade/region,Low,Mature Indian and global supply chain,B,Mahindra Accelo FY2024-25 Annual Report; industry supply-chain evidence
GOST Steel 25 GOST 1577-93 normalized,Steel,High,High,Established supplier ecosystem; exact supplier list should be verified for the required grade/region,Low,Mature Indian and global supply chain,B,Mahindra Accelo FY2024-25 Annual Report; industry supply-chain evidence
GOST Steel 25 GOST 1577-93 normalized,Steel,High,High,Established supplier ecosystem; exact supplier list should be verified for the required grade/region,Low,Mature Indian and global supply chain,B,Mahindra Accelo FY2024-25 Annual Report; industry supply-chain evidence
GOST Steel 25 GOST 1577-93 normalized,Steel,High,High,Established supplier ecosystem; exact supplier list should be verified for the required grade/region,Low,Mature Indian and global supply chain,B,Mahindra Accelo FY2024-25 Annual Report; industry supply-chain evidence
GOST Steel 25 GOST 1577-93 Quenched and tempered,Steel,High,High,Established supplier ecosystem; exact supplier list should be verified for the required grade/region,Low,Mature Indian and global supply chain,B,Mahindra Accelo FY2024-25 Annual Report; industry supply-chain evidence
GOST Steel 25 GOST 1577-93 Quenched and tempered,Steel,High,High,Established supplier ecosystem; exact supplier list should be verified for the required grade/region,Low,Mature Indian and global supply chain,B,Mahindra Accelo FY2024-25 Annual Report; industry supply-chain evidence
GOST Steel 30 GOST 1577-93 normalized,Steel,High,High,Established supplier ecosystem; exact supplier list should be verified for the required grade/region,Low,Mature Indian and global supply chain,B,Mahindra Accelo FY2024-25 Annual Report; industry supply-chain evidence
GOST Steel 30 GOST 1577-93 normalized,Steel,High,High,Established supplier ecosystem; exact supplier list should be verified for the required grade/region,Low,Mature Indian and global supply chain,B,Mahindra Accelo FY2024-25 Annual Report; industry supply-chain evidence
GOST Steel 30 GOST 1577-93 normalized,Steel,High,High,Established supplier ecosystem; exact supplier list should be verified for the required grade/region,Low,Mature Indian and global supply chain,B,Mahindra Accelo FY2024-25 Annual Report; industry supply-chain evidence
GOST Steel 30 GOST 1577-93 Quenched and tempered,Steel,High,High,Established supplier ecosystem; exact supplier list should be verified for the required grade/region,Low,Mature Indian and global supply chain,B,Mahindra Accelo FY2024-25 Annual Report; industry supply-chain evidence
GOST Steel 30 GOST 1577-93 Quenched and tempered,Steel,High,High,Established supplier ecosystem; exact supplier list should be verified for the required grade/region,Low,Mature Indian and global supply chain,B,Mahindra Accelo FY2024-25 Annual Report; industry supply-chain evidence
GOST Steel 30 GOST 1577-93 Quenched and tempered,Steel,High,High,Established supplier ecosystem; exact supplier list should be verified for the required grade/region,Low,Mature Indian and global supply chain,B,Mahindra Accelo FY2024-25 Annual Report; industry supply-chain evidence
GOST Steel 35 GOST 1577-93 normalized,Steel,High,High,Established supplier ecosystem; exact supplier list should be verified for the required grade/region,Low,Mature Indian and global supply chain,B,Mahindra Accelo FY2024-25 Annual Report; industry supply-chain evidence
GOST Steel 35 GOST 1577-93 normalized,Steel,High,High,Established supplier ecosystem; exact supplier list should be verified for the required grade/region,Low,Mature Indian and global supply chain,B,Mahindra Accelo FY2024-25 Annual Report; industry supply-chain evidence
GOST Steel 35 GOST 1577-93 normalized,Steel,High,High,Established supplier ecosystem; exact supplier list should be verified for the required grade/region,Low,Mature Indian and global supply chain,B,Mahindra Accelo FY2024-25 Annual Report; industry supply-chain evidence
GOST Steel 35 GOST 1577-93 Quenched and tempered,Steel,High,High,Established supplier ecosystem; exact supplier list should be verified for the required grade/region,Low,Mature Indian and global supply chain,B,Mahindra Accelo FY2024-25 Annual Report; industry supply-chain evidence
GOST Steel 35 GOST 1577-93 Quenched and tempered,Steel,High,High,Established supplier ecosystem; exact supplier list should be verified for the required grade/region,Low,Mature Indian and global supply chain,B,Mahindra Accelo FY2024-25 Annual Report; industry supply-chain evidence
GOST Steel 35 GOST 1577-93 Quenched and tempered,Steel,High,High,Established supplier ecosystem; exact supplier list should be verified for the required grade/region,Low,Mature Indian and global supply chain,B,Mahindra Accelo FY2024-25 Annual Report; industry supply-chain evidence
GOST Steel 40 GOST 1577-93 normalized,Steel,High,High,Established supplier ecosystem; exact supplier list should be verified for the required grade/region,Low,Mature Indian and global supply chain,B,Mahindra Accelo FY2024-25 Annual Report; industry supply-chain evidence
GOST Steel 40 GOST 1577-93 normalized,Steel,High,High,Established supplier ecosystem; exact supplier list should be verified for the required grade/region,Low,Mature Indian and global supply chain,B,Mahindra Accelo FY2024-25 Annual Report; industry supply-chain evidence
GOST Steel 40 GOST 1577-93 normalized,Steel,High,High,Established supplier ecosystem; exact supplier list should be verified for the required grade/region,Low,Mature Indian and global supply chain,B,Mahindra Accelo FY2024-25 Annual Report; industry supply-chain evidence
GOST Steel 40 GOST 1577-93 Quenched and tempered,Steel,High,High,Established supplier ecosystem; exact supplier list should be verified for the required grade/region,Low,Mature Indian and global supply chain,B,Mahindra Accelo FY2024-25 Annual Report; industry supply-chain evidence
GOST Steel 40 GOST 1577-93 Quenched and tempered,Steel,High,High,Established supplier ecosystem; exact supplier list should be verified for the required grade/region,Low,Mature Indian and global supply chain,B,Mahindra Accelo FY2024-25 Annual Report; industry supply-chain evidence
GOST Steel 40 GOST 1577-93 Quenched and tempered,Steel,High,High,Established supplier ecosystem; exact supplier list should be verified for the required grade/region,Low,Mature Indian and global supply chain,B,Mahindra Accelo FY2024-25 Annual Report; industry supply-chain evidence
GOST Steel 45 GOST 1577-93 normalized,Steel,High,High,Established supplier ecosystem; exact supplier list should be verified for the required grade/region,Low,Mature Indian and global supply chain,B,Mahindra Accelo FY2024-25 Annual Report; industry supply-chain evidence
GOST Steel 45 GOST 1577-93 normalized,Steel,High,High,Established supplier ecosystem; exact supplier list should be verified for the required grade/region,Low,Mature Indian and global supply chain,B,Mahindra Accelo FY2024-25 Annual Report; industry supply-chain evidence
GOST Steel 45 GOST 1577-93 normalized,Steel,High,High,Established supplier ecosystem; exact supplier list should be verified for the required grade/region,Low,Mature Indian and global supply chain,B,Mahindra Accelo FY2024-25 Annual Report; industry supply-chain evidence
GOST Steel 45 GOST 1577-93 Quenched and tempered,Steel,High,High,Established supplier ecosystem; exact supplier list should be verified for the required grade/region,Low,Mature Indian and global supply chain,B,Mahindra Accelo FY2024-25 Annual Report; industry supply-chain evidence
GOST Steel 45 GOST 1577-93 Quenched and tempered,Steel,High,High,Established supplier ecosystem; exact supplier list should be verified for the required grade/region,Low,Mature Indian and global supply chain,B,Mahindra Accelo FY2024-25 Annual Report; industry supply-chain evidence
GOST Steel 45 GOST 1577-93 Quenched and tempered,Steel,High,High,Established supplier ecosystem; exact supplier list should be verified for the required grade/region,Low,Mature Indian and global supply chain,B,Mahindra Accelo FY2024-25 Annual Report; industry supply-chain evidence
GOST Steel 50 GOST 1577-93 normalized,Steel,High,High,Established supplier ecosystem; exact supplier list should be verified for the required grade/region,Low,Mature Indian and global supply chain,B,Mahindra Accelo FY2024-25 Annual Report; industry supply-chain evidence
GOST Steel 50 GOST 1577-93 normalized,Steel,High,High,Established supplier ecosystem; exact supplier list should be verified for the required grade/region,Low,Mature Indian and global supply chain,B,Mahindra Accelo FY2024-25 Annual Report; industry supply-chain evidence
GOST Steel 50 GOST 1577-93 normalized,Steel,High,High,Established supplier ecosystem; exact supplier list should be verified for the required grade/region,Low,Mature Indian and global supply chain,B,Mahindra Accelo FY2024-25 Annual Report; industry supply-chain evidence
GOST Steel 50 GOST 1577-93 Quenched and tempered,Steel,High,High,Established supplier ecosystem; exact supplier list should be verified for the required grade/region,Low,Mature Indian and global supply chain,B,Mahindra Accelo FY2024-25 Annual Report; industry supply-chain evidence
GOST Steel 50 GOST 1577-93 Quenched and tempered,Steel,High,High,Established supplier ecosystem; exact supplier list should be verified for the required grade/region,Low,Mature Indian and global supply chain,B,Mahindra Accelo FY2024-25 Annual Report; industry supply-chain evidence
GOST Steel 50 GOST 1577-93 Quenched and tempered,Steel,High,High,Established supplier ecosystem; exact supplier list should be verified for the required grade/region,Low,Mature Indian and global supply chain,B,Mahindra Accelo FY2024-25 Annual Report; industry supply-chain evidence
GOST Steel 55 GOST 1577-93 normalized,Steel,High,High,Established supplier ecosystem; exact supplier list should be verified for the required grade/region,Low,Mature Indian and global supply chain,B,Mahindra Accelo FY2024-25 Annual Report; industry supply-chain evidence
GOST Steel 55 GOST 1577-93 normalized,Steel,High,High,Established supplier ecosystem; exact supplier list should be verified for the required grade/region,Low,Mature Indian and global supply chain,B,Mahindra Accelo FY2024-25 Annual Report; industry supply-chain evidence
GOST Steel 55 GOST 1577-93 normalized,Steel,High,High,Established supplier ecosystem; exact supplier list should be verified for the required grade/region,Low,Mature Indian and global supply chain,B,Mahindra Accelo FY2024-25 Annual Report; industry supply-chain evidence
GOST Steel 55 GOST 1577-93 Quenched and tempered,Steel,High,High,Established supplier ecosystem; exact supplier list should be verified for the required grade/region,Low,Mature Indian and global supply chain,B,Mahindra Accelo FY2024-25 Annual Report; industry supply-chain evidence
GOST Steel 55 GOST 1577-93 Quenched and tempered,Steel,High,High,Established supplier ecosystem; exact supplier list should be verified for the required grade/region,Low,Mature Indian and global supply chain,B,Mahindra Accelo FY2024-25 Annual Report; industry supply-chain evidence
GOST Steel 55 GOST 1577-93 Quenched and tempered,Steel,High,High,Established supplier ecosystem; exact supplier list should be verified for the required grade/region,Low,Mature Indian and global supply chain,B,Mahindra Accelo FY2024-25 Annual Report; industry supply-chain evidence
GOST Steel 60 GOST 1577-93 normalized,Steel,High,High,Established supplier ecosystem; exact supplier list should be verified for the required grade/region,Low,Mature Indian and global supply chain,B,Mahindra Accelo FY2024-25 Annual Report; industry supply-chain evidence
GOST Steel 60 GOST 1577-93 normalized,Steel,High,High,Established supplier ecosystem; exact supplier list should be verified for the required grade/region,Low,Mature Indian and global supply chain,B,Mahindra Accelo FY2024-25 Annual Report; industry supply-chain evidence
GOST Steel 60 GOST 1577-93 normalized,Steel,High,High,Established supplier ecosystem; exact supplier list should be verified for the required grade/region,Low,Mature Indian and global supply chain,B,Mahindra Accelo FY2024-25 Annual Report; industry supply-chain evidence
GOST Steel 60 GOST 1577-93 Quenched and tempered,Steel,High,High,Established supplier ecosystem; exact supplier list should be verified for the required grade/region,Low,Mature Indian and global supply chain,B,Mahindra Accelo FY2024-25 Annual Report; industry supply-chain evidence
GOST Steel 60 GOST 1577-93 Quenched and tempered,Steel,High,High,Established supplier ecosystem; exact supplier list should be verified for the required grade/region,Low,Mature Indian and global supply chain,B,Mahindra Accelo FY2024-25 Annual Report; industry supply-chain evidence
GOST Steel 60 GOST 1577-93 Quenched and tempered,Steel,High,High,Established supplier ecosystem; exact supplier list should be verified for the required grade/region,Low,Mature Indian and global supply chain,B,Mahindra Accelo FY2024-25 Annual Report; industry supply-chain evidence
GOST Steel 30Ch GOST 1577-93 Quenched and tempered,Steel,High,High,Established supplier ecosystem; exact supplier list should be verified for the required grade/region,Low,Mature Indian and global supply chain,B,Mahindra Accelo FY2024-25 Annual Report; industry supply-chain evidence
GOST Steel 30Ch GOST 1577-93 Quenched and tempered,Steel,High,High,Established supplier ecosystem; exact supplier list should be verified for the required grade/region,Low,Mature Indian and global supply chain,B,Mahindra Accelo FY2024-25 Annual Report; industry supply-chain evidence
GOST Steel 30Ch GOST 1577-93 Quenched and tempered,Steel,High,High,Established supplier ecosystem; exact supplier list should be verified for the required grade/region,Low,Mature Indian and global supply chain,B,Mahindra Accelo FY2024-25 Annual Report; industry supply-chain evidence
GOST Steel 38ChA GOST 1577-93 Quenched and tempered,Steel,High,High,Established supplier ecosystem; exact supplier list should be verified for the required grade/region,Low,Mature Indian and global supply chain,B,Mahindra Accelo FY2024-25 Annual Report; industry supply-chain evidence
GOST Steel 38ChA GOST 1577-93 Quenched and tempered,Steel,High,High,Established supplier ecosystem; exact supplier list should be verified for the required grade/region,Low,Mature Indian and global supply chain,B,Mahindra Accelo FY2024-25 Annual Report; industry supply-chain evidence
GOST Steel 38ChA GOST 1577-93 Quenched and tempered,Steel,High,High,Established supplier ecosystem; exact supplier list should be verified for the required grade/region,Low,Mature Indian and global supply chain,B,Mahindra Accelo FY2024-25 Annual Report; industry supply-chain evidence
GOST Steel 40Ch GOST 1577-93 Quenched and tempered,Steel,High,High,Established supplier ecosystem; exact supplier list should be verified for the required grade/region,Low,Mature Indian and global supply chain,B,Mahindra Accelo FY2024-25 Annual Report; industry supply-chain evidence
GOST Steel 40Ch GOST 1577-93 Quenched and tempered,Steel,High,High,Established supplier ecosystem; exact supplier list should be verified for the required grade/region,Low,Mature Indian and global supply chain,B,Mahindra Accelo FY2024-25 Annual Report; industry supply-chain evidence
GOST Steel 40Ch GOST 1577-93 Quenched and tempered,Steel,High,High,Established supplier ecosystem; exact supplier list should be verified for the required grade/region,Low,Mature Indian and global supply chain,B,Mahindra Accelo FY2024-25 Annual Report; industry supply-chain evidence
GOST Steel 15L GOST 977-88 normalized,Steel,High,High,Established supplier ecosystem; exact supplier list should be verified for the required grade/region,Low,Mature Indian and global supply chain,B,Mahindra Accelo FY2024-25 Annual Report; industry supply-chain evidence
GOST Steel 20L GOST 977-88 normalized,Steel,High,High,Established supplier ecosystem; exact supplier list should be verified for the required grade/region,Low,Mature Indian and global supply chain,B,Mahindra Accelo FY2024-25 Annual Report; industry supply-chain evidence
GOST Steel 25L GOST 977-88 normalized,Steel,High,High,Established supplier ecosystem; exact supplier list should be verified for the required grade/region,Low,Mature Indian and global supply chain,B,Mahindra Accelo FY2024-25 Annual Report; industry supply-chain evidence
GOST Steel 30L GOST 977-88 normalized,Steel,High,High,Established supplier ecosystem; exact supplier list should be verified for the required grade/region,Low,Mature Indian and global supply chain,B,Mahindra Accelo FY2024-25 Annual Report; industry supply-chain evidence
GOST Steel 35L GOST 977-88 normalized,Steel,High,High,Established supplier ecosystem; exact supplier list should be verified for the required grade/region,Low,Mature Indian and global supply chain,B,Mahindra Accelo FY2024-25 Annual Report; industry supply-chain evidence
GOST Steel 40L GOST 977-88 normalized,Steel,High,High,Established supplier ecosystem; exact supplier list should be verified for the required grade/region,Low,Mature Indian and global supply chain,B,Mahindra Accelo FY2024-25 Annual Report; industry supply-chain evidence
GOST Steel 45L GOST 977-88 normalized,Steel,High,High,Established supplier ecosystem; exact supplier list should be verified for the required grade/region,Low,Mature Indian and global supply chain,B,Mahindra Accelo FY2024-25 Annual Report; industry supply-chain evidence
GOST Steel 50L GOST 977-88 normalized,Steel,High,High,Established supplier ecosystem; exact supplier list should be verified for the required grade/region,Low,Mature Indian and global supply chain,B,Mahindra Accelo FY2024-25 Annual Report; industry supply-chain evidence
GOST Steel 20GL GOST 977-88 normalized,Steel,High,High,Established supplier ecosystem; exact supplier list should be verified for the required grade/region,Low,Mature Indian and global supply chain,B,Mahindra Accelo FY2024-25 Annual Report; industry supply-chain evidence
GOST Steel 35GL GOST 977-88 normalized,Steel,High,High,Established supplier ecosystem; exact supplier list should be verified for the required grade/region,Low,Mature Indian and global supply chain,B,Mahindra Accelo FY2024-25 Annual Report; industry supply-chain evidence
GOST Steel 35GL GOST 977-88 Quenching and cooling in the water,Steel,High,High,Established supplier ecosystem; exact supplier list should be verified for the required grade/region,Low,Mature Indian and global supply chain,B,Mahindra Accelo FY2024-25 Annual Report; industry supply-chain evidence
GOST Steel 20GSL GOST 977-88 normalized,Steel,High,High,Established supplier ecosystem; exact supplier list should be verified for the required grade/region,Low,Mature Indian and global supply chain,B,Mahindra Accelo FY2024-25 Annual Report; industry supply-chain evidence
GOST Steel 30GSL GOST 977-88 normalized,Steel,High,High,Established supplier ecosystem; exact supplier list should be verified for the required grade/region,Low,Mature Indian and global supply chain,B,Mahindra Accelo FY2024-25 Annual Report; industry supply-chain evidence
GOST Steel 30GSL GOST 977-88 Quenching and cooling in the water,Steel,High,High,Established supplier ecosystem; exact supplier list should be verified for the required grade/region,Low,Mature Indian and global supply chain,B,Mahindra Accelo FY2024-25 Annual Report; industry supply-chain evidence
GOST Steel 20G1FL GOST 977-88 normalized,Steel,High,High,Established supplier ecosystem; exact supplier list should be verified for the required grade/region,Low,Mature Indian and global supply chain,B,Mahindra Accelo FY2024-25 Annual Report; industry supply-chain evidence
GOST Steel 20FL GOST 977-88 normalized,Steel,High,High,Established supplier ecosystem; exact supplier list should be verified for the required grade/region,Low,Mature Indian and global supply chain,B,Mahindra Accelo FY2024-25 Annual Report; industry supply-chain evidence
GOST Steel 30ChGSFL GOST 977-88 normalized,Steel,High,High,Established supplier ecosystem; exact supplier list should be verified for the required grade/region,Low,Mature Indian and global supply chain,B,Mahindra Accelo FY2024-25 Annual Report; industry supply-chain evidence
GOST Steel 45FL GOST 977-88 normalized,Steel,High,High,Established supplier ecosystem; exact supplier list should be verified for the required grade/region,Low,Mature Indian and global supply chain,B,Mahindra Accelo FY2024-25 Annual Report; industry supply-chain evidence
GOST Steel 20ChML GOST 977-88 normalized,Steel,High,High,Established supplier ecosystem; exact supplier list should be verified for the required grade/region,Low,Mature Indian and global supply chain,B,Mahindra Accelo FY2024-25 Annual Report; industry supply-chain evidence
GOST Steel 20ChMFL GOST 977-88 normalized,Steel,High,High,Established supplier ecosystem; exact supplier list should be verified for the required grade/region,Low,Mature Indian and global supply chain,B,Mahindra Accelo FY2024-25 Annual Report; industry supply-chain evidence
GOST Steel 20GNMFL GOST 977-88 normalized,Steel,High,High,Established supplier ecosystem; exact supplier list should be verified for the required grade/region,Low,Mature Indian and global supply chain,B,Mahindra Accelo FY2024-25 Annual Report; industry supply-chain evidence
GOST Steel 35ChML GOST 977-88 normalized,Steel,High,High,Established supplier ecosystem; exact supplier list should be verified for the required grade/region,Low,Mature Indian and global supply chain,B,Mahindra Accelo FY2024-25 Annual Report; industry supply-chain evidence
GOST Steel 30ChNML GOST 977-88 normalized,Steel,High,High,Established supplier ecosystem; exact supplier list should be verified for the required grade/region,Low,Mature Indian and global supply chain,B,Mahindra Accelo FY2024-25 Annual Report; industry supply-chain evidence
GOST Steel 35ChGSL GOST 977-88 normalized,Steel,High,High,Established supplier ecosystem; exact supplier list should be verified for the required grade/region,Low,Mature Indian and global supply chain,B,Mahindra Accelo FY2024-25 Annual Report; industry supply-chain evidence
GOST Steel 35ChGSL GOST 977-88 Quenching and cooling in the water,Steel,High,High,Established supplier ecosystem; exact supplier list should be verified for the required grade/region,Low,Mature Indian and global supply chain,B,Mahindra Accelo FY2024-25 Annual Report; industry supply-chain evidence
GOST Steel 20DChL GOST 977-88 normalized,Steel,High,High,Established supplier ecosystem; exact supplier list should be verified for the required grade/region,Low,Mature Indian and global supply chain,B,Mahindra Accelo FY2024-25 Annual Report; industry supply-chain evidence
GOST Steel 08GDNFL GOST 977-88 normalized,Steel,High,High,Established supplier ecosystem; exact supplier list should be verified for the required grade/region,Low,Mature Indian and global supply chain,B,Mahindra Accelo FY2024-25 Annual Report; industry supply-chain evidence
GOST Steel 13ChNDFTL GOST 977-88 normalized,Steel,High,High,Established supplier ecosystem; exact supplier list should be verified for the required grade/region,Low,Mature Indian and global supply chain,B,Mahindra Accelo FY2024-25 Annual Report; industry supply-chain evidence
GOST Steel 12DN2FL GOST 977-88 normalized,Steel,High,High,Established supplier ecosystem; exact supplier list should be verified for the required grade/region,Low,Mature Indian and global supply chain,B,Mahindra Accelo FY2024-25 Annual Report; industry supply-chain evidence
GOST Steel 25L GOST 977-88 Quenched and tempered,Steel,High,High,Established supplier ecosystem; exact supplier list should be verified for the required grade/region,Low,Mature Indian and global supply chain,B,Mahindra Accelo FY2024-25 Annual Report; industry supply-chain evidence
GOST Steel 30L GOST 977-88 Quenched and tempered,Steel,High,High,Established supplier ecosystem; exact supplier list should be verified for the required grade/region,Low,Mature Indian and global supply chain,B,Mahindra Accelo FY2024-25 Annual Report; industry supply-chain evidence
GOST Steel 35L GOST 977-88 Quenched and tempered,Steel,High,High,Established supplier ecosystem; exact supplier list should be verified for the required grade/region,Low,Mature Indian and global supply chain,B,Mahindra Accelo FY2024-25 Annual Report; industry supply-chain evidence
GOST Steel 40L GOST 977-88 Quenched and tempered,Steel,High,High,Established supplier ecosystem; exact supplier list should be verified for the required grade/region,Low,Mature Indian and global supply chain,B,Mahindra Accelo FY2024-25 Annual Report; industry supply-chain evidence
GOST Steel 45L GOST 977-88 Quenched and tempered,Steel,High,High,Established supplier ecosystem; exact supplier list should be verified for the required grade/region,Low,Mature Indian and global supply chain,B,Mahindra Accelo FY2024-25 Annual Report; industry supply-chain evidence
GOST Steel 50L GOST 977-88 Quenched and tempered,Steel,High,High,Established supplier ecosystem; exact supplier list should be verified for the required grade/region,Low,Mature Indian and global supply chain,B,Mahindra Accelo FY2024-25 Annual Report; industry supply-chain evidence
GOST Steel 20GL GOST 977-88 Quenched and tempered,Steel,High,High,Established supplier ecosystem; exact supplier list should be verified for the required grade/region,Low,Mature Indian and global supply chain,B,Mahindra Accelo FY2024-25 Annual Report; industry supply-chain evidence
GOST Steel 35GL GOST 977-88 Quenched and tempered,Steel,High,High,Established supplier ecosystem; exact supplier list should be verified for the required grade/region,Low,Mature Indian and global supply chain,B,Mahindra Accelo FY2024-25 Annual Report; industry supply-chain evidence
GOST Steel 30GSL GOST 977-88 Quenched and tempered,Steel,High,High,Established supplier ecosystem; exact supplier list should be verified for the required grade/region,Low,Mature Indian and global supply chain,B,Mahindra Accelo FY2024-25 Annual Report; industry supply-chain evidence
GOST Steel 30ChGSFL GOST 977-88 Quenched and tempered,Steel,High,High,Established supplier ecosystem; exact supplier list should be verified for the required grade/region,Low,Mature Indian and global supply chain,B,Mahindra Accelo FY2024-25 Annual Report; industry supply-chain evidence
GOST Steel 30ChGSFL GOST 977-88 Quenched and tempered,Steel,High,High,Established supplier ecosystem; exact supplier list should be verified for the required grade/region,Low,Mature Indian and global supply chain,B,Mahindra Accelo FY2024-25 Annual Report; industry supply-chain evidence
GOST Steel 45FL GOST 977-88 Quenched and tempered,Steel,High,High,Established supplier ecosystem; exact supplier list should be verified for the required grade/region,Low,Mature Indian and global supply chain,B,Mahindra Accelo FY2024-25 Annual Report; industry supply-chain evidence
GOST Steel 32Ch06L GOST 977-88 Quenched and tempered,Steel,High,High,Established supplier ecosystem; exact supplier list should be verified for the required grade/region,Low,Mature Indian and global supply chain,B,Mahindra Accelo FY2024-25 Annual Report; industry supply-chain evidence
GOST Steel 20GNMFL GOST 977-88 Quenched and tempered,Steel,High,High,Established supplier ecosystem; exact supplier list should be verified for the required grade/region,Low,Mature Indian and global supply chain,B,Mahindra Accelo FY2024-25 Annual Report; industry supply-chain evidence
GOST Steel 35ChML GOST 977-88 Quenched and tempered,Steel,High,High,Established supplier ecosystem; exact supplier list should be verified for the required grade/region,Low,Mature Indian and global supply chain,B,Mahindra Accelo FY2024-25 Annual Report; industry supply-chain evidence
GOST Steel 30ChNML GOST 977-88 Quenched and tempered,Steel,High,High,Established supplier ecosystem; exact supplier list should be verified for the required grade/region,Low,Mature Indian and global supply chain,B,Mahindra Accelo FY2024-25 Annual Report; industry supply-chain evidence
GOST Steel 35ChGSL GOST 977-88 Quenched and tempered,Steel,High,High,Established supplier ecosystem; exact supplier list should be verified for the required grade/region,Low,Mature Indian and global supply chain,B,Mahindra Accelo FY2024-25 Annual Report; industry supply-chain evidence
GOST Steel 35NGML GOST 977-88 Quenched and tempered,Steel,High,High,Established supplier ecosystem; exact supplier list should be verified for the required grade/region,Low,Mature Indian and global supply chain,B,Mahindra Accelo FY2024-25 Annual Report; industry supply-chain evidence
GOST Steel 20DChL GOST 977-88 Quenched and tempered,Steel,High,High,Established supplier ecosystem; exact supplier list should be verified for the required grade/region,Low,Mature Indian and global supply chain,B,Mahindra Accelo FY2024-25 Annual Report; industry supply-chain evidence
GOST Steel 12DN2FL GOST 977-88 Quenched and tempered,Steel,High,High,Established supplier ecosystem; exact supplier list should be verified for the required grade/region,Low,Mature Indian and global supply chain,B,Mahindra Accelo FY2024-25 Annual Report; industry supply-chain evidence
GOST Steel 12DChN1MFL GOST 977-88 Quenched and tempered,Steel,High,High,Established supplier ecosystem; exact supplier list should be verified for the required grade/region,Low,Mature Indian and global supply chain,B,Mahindra Accelo FY2024-25 Annual Report; industry supply-chain evidence
GOST Steel 23ChGS2MFL GOST 977-88 Quenched and tempered,Steel,High,High,Established supplier ecosystem; exact supplier list should be verified for the required grade/region,Low,Mature Indian and global supply chain,B,Mahindra Accelo FY2024-25 Annual Report; industry supply-chain evidence
GOST Steel 12Ch7G3SL GOST 977-88 Quenched and tempered,Steel,High,High,Established supplier ecosystem; exact supplier list should be verified for the required grade/region,Low,Mature Indian and global supply chain,B,Mahindra Accelo FY2024-25 Annual Report; industry supply-chain evidence
GOST Steel 25Ch2GNMFL1 GOST 977-88 Quenched and tempered,Steel,High,High,Established supplier ecosystem; exact supplier list should be verified for the required grade/region,Low,Mature Indian and global supply chain,B,Mahindra Accelo FY2024-25 Annual Report; industry supply-chain evidence
GOST Steel 25Ch2GNMFL2 GOST 977-88 Quenched and tempered,Steel,High,High,Established supplier ecosystem; exact supplier list should be verified for the required grade/region,Low,Mature Indian and global supply chain,B,Mahindra Accelo FY2024-25 Annual Report; industry supply-chain evidence
GOST Steel 27Ch5GSML GOST 977-88 Quenched and tempered,Steel,High,High,Established supplier ecosystem; exact supplier list should be verified for the required grade/region,Low,Mature Indian and global supply chain,B,Mahindra Accelo FY2024-25 Annual Report; industry supply-chain evidence
GOST Steel 30Ch3S3GML GOST 977-88 Quenched and tempered,Steel,High,High,Established supplier ecosystem; exact supplier list should be verified for the required grade/region,Low,Mature Indian and global supply chain,B,Mahindra Accelo FY2024-25 Annual Report; industry supply-chain evidence
GOST Steel 03N12Ch5M3TL GOST 977-88 Quenched and tempered,Steel,High,High,Established supplier ecosystem; exact supplier list should be verified for the required grade/region,Low,Mature Indian and global supply chain,B,Mahindra Accelo FY2024-25 Annual Report; industry supply-chain evidence
GOST Steel 03N12Ch5M3TJuL GOST 977-88 Quenched and tempered,Steel,High,High,Established supplier ecosystem; exact supplier list should be verified for the required grade/region,Low,Mature Indian and global supply chain,B,Mahindra Accelo FY2024-25 Annual Report; industry supply-chain evidence
GOST Steel 40ChL GOST 977-88 Quenching and cooling in the oil,Steel,High,High,Established supplier ecosystem; exact supplier list should be verified for the required grade/region,Low,Mature Indian and global supply chain,B,Mahindra Accelo FY2024-25 Annual Report; industry supply-chain evidence
GOST Steel 50ChFA GOST 14959-79 heat treated,Steel,High,High,Established supplier ecosystem; exact supplier list should be verified for the required grade/region,Low,Mature Indian and global supply chain,B,Mahindra Accelo FY2024-25 Annual Report; industry supply-chain evidence
GOST Steel 55S2 GOST 14959-79 heat treated,Steel,High,High,Established supplier ecosystem; exact supplier list should be verified for the required grade/region,Low,Mature Indian and global supply chain,B,Mahindra Accelo FY2024-25 Annual Report; industry supply-chain evidence
GOST Steel 50ChGA GOST 14959-79 heat treated,Steel,High,High,Established supplier ecosystem; exact supplier list should be verified for the required grade/region,Low,Mature Indian and global supply chain,B,Mahindra Accelo FY2024-25 Annual Report; industry supply-chain evidence
GOST Steel 50ChGFA GOST 14959-79 heat treated,Steel,High,High,Established supplier ecosystem; exact supplier list should be verified for the required grade/region,Low,Mature Indian and global supply chain,B,Mahindra Accelo FY2024-25 Annual Report; industry supply-chain evidence
GOST Grey cast iron 10 GOST1412-85,Cast iron,High,High,Established supplier ecosystem; exact supplier list should be verified for the required grade/region,Low,Mature foundry and automotive supply chain,C,Class-level market assessment; grade-specific supplier verification required
GOST Grey cast iron 15 GOST1412-85,Cast iron,High,High,Established supplier ecosystem; exact supplier list should be verified for the required grade/region,Low,Mature foundry and automotive supply chain,C,Class-level market assessment; grade-specific supplier verification required
GOST Grey cast iron 18 GOST1412-85,Cast iron,High,High,Established supplier ecosystem; exact supplier list should be verified for the required grade/region,Low,Mature foundry and automotive supply chain,C,Class-level market assessment; grade-specific supplier verification required
GOST Grey cast iron 20 GOST1412-85,Cast iron,High,High,Established supplier ecosystem; exact supplier list should be verified for the required grade/region,Low,Mature foundry and automotive supply chain,C,Class-level market assessment; grade-specific supplier verification required
GOST Grey cast iron 21 GOST1412-85,Cast iron,High,High,Established supplier ecosystem; exact supplier list should be verified for the required grade/region,Low,Mature foundry and automotive supply chain,C,Class-level market assessment; grade-specific supplier verification required
GOST Grey cast iron 24 GOST1412-85,Cast iron,High,High,Established supplier ecosystem; exact supplier list should be verified for the required grade/region,Low,Mature foundry and automotive supply chain,C,Class-level market assessment; grade-specific supplier verification required
GOST Grey cast iron 25 GOST1412-85,Cast iron,High,High,Established supplier ecosystem; exact supplier list should be verified for the required grade/region,Low,Mature foundry and automotive supply chain,C,Class-level market assessment; grade-specific supplier verification required
GOST Grey cast iron 30 GOST1412-85,Cast iron,High,High,Established supplier ecosystem; exact supplier list should be verified for the required grade/region,Low,Mature foundry and automotive supply chain,C,Class-level market assessment; grade-specific supplier verification required
GOST Grey cast iron 35 GOST1412-85,Cast iron,High,High,Established supplier ecosystem; exact supplier list should be verified for the required grade/region,Low,Mature foundry and automotive supply chain,C,Class-level market assessment; grade-specific supplier verification required
GOST Nodular cast iron 35 GOST7293-85,Cast iron,High,High,Established supplier ecosystem; exact supplier list should be verified for the required grade/region,Low,Mature foundry and automotive supply chain,C,Class-level market assessment; grade-specific supplier verification required
GOST Nodular cast iron 40 GOST7293-85,Cast iron,High,High,Established supplier ecosystem; exact supplier list should be verified for the required grade/region,Low,Mature foundry and automotive supply chain,C,Class-level market assessment; grade-specific supplier verification required
GOST Nodular cast iron 45 GOST7293-85,Cast iron,High,High,Established supplier ecosystem; exact supplier list should be verified for the required grade/region,Low,Mature foundry and automotive supply chain,C,Class-level market assessment; grade-specific supplier verification required
GOST Nodular cast iron 50 GOST7293-85,Cast iron,High,High,Established supplier ecosystem; exact supplier list should be verified for the required grade/region,Low,Mature foundry and automotive supply chain,C,Class-level market assessment; grade-specific supplier verification required
GOST Nodular cast iron 60 GOST7293-85,Cast iron,High,High,Established supplier ecosystem; exact supplier list should be verified for the required grade/region,Low,Mature foundry and automotive supply chain,C,Class-level market assessment; grade-specific supplier verification required
GOST Nodular cast iron 70 GOST7293-85,Cast iron,High,High,Established supplier ecosystem; exact supplier list should be verified for the required grade/region,Low,Mature foundry and automotive supply chain,C,Class-level market assessment; grade-specific supplier verification required
GOST Nodular cast iron 80 GOST7293-85,Cast iron,High,High,Established supplier ecosystem; exact supplier list should be verified for the required grade/region,Low,Mature foundry and automotive supply chain,C,Class-level market assessment; grade-specific supplier verification required
GOST Nodular cast iron 100 GOST7293-85,Cast iron,High,High,Established supplier ecosystem; exact supplier list should be verified for the required grade/region,Low,Mature foundry and automotive supply chain,C,Class-level market assessment; grade-specific supplier verification required
GOST Malleable cast iron 30-6,Cast iron,High,High,Established supplier ecosystem; exact supplier list should be verified for the required grade/region,Low,Mature foundry and automotive supply chain,C,Class-level market assessment; grade-specific supplier verification required
GOST Malleable cast iron 33-8,Cast iron,High,High,Established supplier ecosystem; exact supplier list should be verified for the required grade/region,Low,Mature foundry and automotive supply chain,C,Class-level market assessment; grade-specific supplier verification required
GOST Malleable cast iron 35-10,Cast iron,High,High,Established supplier ecosystem; exact supplier list should be verified for the required grade/region,Low,Mature foundry and automotive supply chain,C,Class-level market assessment; grade-specific supplier verification required
GOST Malleable cast iron 37-12,Cast iron,High,High,Established supplier ecosystem; exact supplier list should be verified for the required grade/region,Low,Mature foundry and automotive supply chain,C,Class-level market assessment; grade-specific supplier verification required
GOST Malleable cast iron 45-7,Cast iron,High,High,Established supplier ecosystem; exact supplier list should be verified for the required grade/region,Low,Mature foundry and automotive supply chain,C,Class-level market assessment; grade-specific supplier verification required
GOST Malleable cast iron 50-5,Cast iron,High,High,Established supplier ecosystem; exact supplier list should be verified for the required grade/region,Low,Mature foundry and automotive supply chain,C,Class-level market assessment; grade-specific supplier verification required
GOST Malleable cast iron 55-4,Cast iron,High,High,Established supplier ecosystem; exact supplier list should be verified for the required grade/region,Low,Mature foundry and automotive supply chain,C,Class-level market assessment; grade-specific supplier verification required
GOST Malleable cast iron 60-3,Cast iron,High,High,Established supplier ecosystem; exact supplier list should be verified for the required grade/region,Low,Mature foundry and automotive supply chain,C,Class-level market assessment; grade-specific supplier verification required
GOST Malleable cast iron 65-3,Cast iron,High,High,Established supplier ecosystem; exact supplier list should be verified for the required grade/region,Low,Mature foundry and automotive supply chain,C,Class-level market assessment; grade-specific supplier verification required
GOST Malleable cast iron 70-2,Cast iron,High,High,Established supplier ecosystem; exact supplier list should be verified for the required grade/region,Low,Mature foundry and automotive supply chain,C,Class-level market assessment; grade-specific supplier verification required
GOST Malleable cast iron 80-1.5,Cast iron,High,High,Established supplier ecosystem; exact supplier list should be verified for the required grade/region,Low,Mature foundry and automotive supply chain,C,Class-level market assessment; grade-specific supplier verification required
GOST Malleable cast iron 40,Cast iron,High,High,Established supplier ecosystem; exact supplier list should be verified for the required grade/region,Low,Mature foundry and automotive supply chain,C,Class-level market assessment; grade-specific supplier verification required
NF NF 13MF4,Steel,High,High,Established supplier ecosystem; exact supplier list should be verified for the required grade/region,Low,Mature Indian and global supply chain,B,Mahindra Accelo FY2024-25 Annual Report; industry supply-chain evidence
NF NF 35MF6,Steel,High,High,Established supplier ecosystem; exact supplier list should be verified for the required grade/region,Low,Mature Indian and global supply chain,B,Mahindra Accelo FY2024-25 Annual Report; industry supply-chain evidence
NF NF XE,Steel,High,High,Established supplier ecosystem; exact supplier list should be verified for the required grade/region,Low,Mature Indian and global supply chain,B,Mahindra Accelo FY2024-25 Annual Report; industry supply-chain evidence
NF NF ZE,Steel,High,High,Established supplier ecosystem; exact supplier list should be verified for the required grade/region,Low,Mature Indian and global supply chain,B,Mahindra Accelo FY2024-25 Annual Report; industry supply-chain evidence
NF NF ZES,Steel,High,High,Established supplier ecosystem; exact supplier list should be verified for the required grade/region,Low,Mature Indian and global supply chain,B,Mahindra Accelo FY2024-25 Annual Report; industry supply-chain evidence
NF NF A34-2,Steel,High,High,Established supplier ecosystem; exact supplier list should be verified for the required grade/region,Low,Mature Indian and global supply chain,B,Mahindra Accelo FY2024-25 Annual Report; industry supply-chain evidence
NF NF A37CP,Steel,High,High,Established supplier ecosystem; exact supplier list should be verified for the required grade/region,Low,Mature Indian and global supply chain,B,Mahindra Accelo FY2024-25 Annual Report; industry supply-chain evidence
NF NF A42CP,Steel,High,High,Established supplier ecosystem; exact supplier list should be verified for the required grade/region,Low,Mature Indian and global supply chain,B,Mahindra Accelo FY2024-25 Annual Report; industry supply-chain evidence
NF NF E24-2,Steel,High,High,Established supplier ecosystem; exact supplier list should be verified for the required grade/region,Low,Mature Indian and global supply chain,B,Mahindra Accelo FY2024-25 Annual Report; industry supply-chain evidence
NF NF E24-3,Steel,High,High,Established supplier ecosystem; exact supplier list should be verified for the required grade/region,Low,Mature Indian and global supply chain,B,Mahindra Accelo FY2024-25 Annual Report; industry supply-chain evidence
NF NF E28-2,Steel,High,High,Established supplier ecosystem; exact supplier list should be verified for the required grade/region,Low,Mature Indian and global supply chain,B,Mahindra Accelo FY2024-25 Annual Report; industry supply-chain evidence
NF NF E28-4,Steel,High,High,Established supplier ecosystem; exact supplier list should be verified for the required grade/region,Low,Mature Indian and global supply chain,B,Mahindra Accelo FY2024-25 Annual Report; industry supply-chain evidence
NF NF A50-2,Steel,High,High,Established supplier ecosystem; exact supplier list should be verified for the required grade/region,Low,Mature Indian and global supply chain,B,Mahindra Accelo FY2024-25 Annual Report; industry supply-chain evidence
NF NF E36-3,Steel,High,High,Established supplier ecosystem; exact supplier list should be verified for the required grade/region,Low,Mature Indian and global supply chain,B,Mahindra Accelo FY2024-25 Annual Report; industry supply-chain evidence
NF NF E36-4,Steel,High,High,Established supplier ecosystem; exact supplier list should be verified for the required grade/region,Low,Mature Indian and global supply chain,B,Mahindra Accelo FY2024-25 Annual Report; industry supply-chain evidence
NF NF A60-2,Steel,High,High,Established supplier ecosystem; exact supplier list should be verified for the required grade/region,Low,Mature Indian and global supply chain,B,Mahindra Accelo FY2024-25 Annual Report; industry supply-chain evidence
NF NF A70-2,Steel,High,High,Established supplier ecosystem; exact supplier list should be verified for the required grade/region,Low,Mature Indian and global supply chain,B,Mahindra Accelo FY2024-25 Annual Report; industry supply-chain evidence
NF NF XC10,Steel,High,High,Established supplier ecosystem; exact supplier list should be verified for the required grade/region,Low,Mature Indian and global supply chain,B,Mahindra Accelo FY2024-25 Annual Report; industry supply-chain evidence
NF NF XC12,Steel,High,High,Established supplier ecosystem; exact supplier list should be verified for the required grade/region,Low,Mature Indian and global supply chain,B,Mahindra Accelo FY2024-25 Annual Report; industry supply-chain evidence
NF NF XC18,Steel,High,High,Established supplier ecosystem; exact supplier list should be verified for the required grade/region,Low,Mature Indian and global supply chain,B,Mahindra Accelo FY2024-25 Annual Report; industry supply-chain evidence
NF NF XC25,Steel,High,High,Established supplier ecosystem; exact supplier list should be verified for the required grade/region,Low,Mature Indian and global supply chain,B,Mahindra Accelo FY2024-25 Annual Report; industry supply-chain evidence
NF NF XC32,Steel,High,High,Established supplier ecosystem; exact supplier list should be verified for the required grade/region,Low,Mature Indian and global supply chain,B,Mahindra Accelo FY2024-25 Annual Report; industry supply-chain evidence
NF NF XC38H1,Steel,High,High,Established supplier ecosystem; exact supplier list should be verified for the required grade/region,Low,Mature Indian and global supply chain,B,Mahindra Accelo FY2024-25 Annual Report; industry supply-chain evidence
NF NF XC42TS,Steel,High,High,Established supplier ecosystem; exact supplier list should be verified for the required grade/region,Low,Mature Indian and global supply chain,B,Mahindra Accelo FY2024-25 Annual Report; industry supply-chain evidence
NF NF XC42H1,Steel,High,High,Established supplier ecosystem; exact supplier list should be verified for the required grade/region,Low,Mature Indian and global supply chain,B,Mahindra Accelo FY2024-25 Annual Report; industry supply-chain evidence
NF NF XC48H1 heat treated,Steel,High,High,Established supplier ecosystem; exact supplier list should be verified for the required grade/region,Low,Mature Indian and global supply chain,B,Mahindra Accelo FY2024-25 Annual Report; industry supply-chain evidence
NF NF XC42TS,Steel,High,High,Established supplier ecosystem; exact supplier list should be verified for the required grade/region,Low,Mature Indian and global supply chain,B,Mahindra Accelo FY2024-25 Annual Report; industry supply-chain evidence
NF NF XC55H1,Steel,High,High,Established supplier ecosystem; exact supplier list should be verified for the required grade/region,Low,Mature Indian and global supply chain,B,Mahindra Accelo FY2024-25 Annual Report; industry supply-chain evidence
NF NF 52M4TS,Steel,High,High,Established supplier ecosystem; exact supplier list should be verified for the required grade/region,Low,Mature Indian and global supply chain,B,Mahindra Accelo FY2024-25 Annual Report; industry supply-chain evidence
NF NF XC55H1,Steel,High,High,Established supplier ecosystem; exact supplier list should be verified for the required grade/region,Low,Mature Indian and global supply chain,B,Mahindra Accelo FY2024-25 Annual Report; industry supply-chain evidence
NF NF A48CP,Steel,High,High,Established supplier ecosystem; exact supplier list should be verified for the required grade/region,Low,Mature Indian and global supply chain,B,Mahindra Accelo FY2024-25 Annual Report; industry supply-chain evidence
NF NF 35M5,Steel,High,High,Established supplier ecosystem; exact supplier list should be verified for the required grade/region,Low,Mature Indian and global supply chain,B,Mahindra Accelo FY2024-25 Annual Report; industry supply-chain evidence
NF NF 51S7 heat treated,Steel,High,High,Established supplier ecosystem; exact supplier list should be verified for the required grade/region,Low,Mature Indian and global supply chain,B,Mahindra Accelo FY2024-25 Annual Report; industry supply-chain evidence
NF NF 32C4,Steel,High,High,Established supplier ecosystem; exact supplier list should be verified for the required grade/region,Low,Mature Indian and global supply chain,B,Mahindra Accelo FY2024-25 Annual Report; industry supply-chain evidence
NF NF 38C4,Steel,High,High,Established supplier ecosystem; exact supplier list should be verified for the required grade/region,Low,Mature Indian and global supply chain,B,Mahindra Accelo FY2024-25 Annual Report; industry supply-chain evidence
NF NF 42C4,Steel,High,High,Established supplier ecosystem; exact supplier list should be verified for the required grade/region,Low,Mature Indian and global supply chain,B,Mahindra Accelo FY2024-25 Annual Report; industry supply-chain evidence
NF NF 35CD4TS,Steel,High,High,Established supplier ecosystem; exact supplier list should be verified for the required grade/region,Low,Mature Indian and global supply chain,B,Mahindra Accelo FY2024-25 Annual Report; industry supply-chain evidence
NF NF 42C4TS,Steel,High,High,Established supplier ecosystem; exact supplier list should be verified for the required grade/region,Low,Mature Indian and global supply chain,B,Mahindra Accelo FY2024-25 Annual Report; industry supply-chain evidence
NF NF 16MC5 case-hardened,Steel,High,High,Established supplier ecosystem; exact supplier list should be verified for the required grade/region,Low,Mature Indian and global supply chain,B,Mahindra Accelo FY2024-25 Annual Report; industry supply-chain evidence
NF NF 20MC5 case-hardened,Steel,High,High,Established supplier ecosystem; exact supplier list should be verified for the required grade/region,Low,Mature Indian and global supply chain,B,Mahindra Accelo FY2024-25 Annual Report; industry supply-chain evidence
NF NF 55C3 heat treated,Steel,High,High,Established supplier ecosystem; exact supplier list should be verified for the required grade/region,Low,Mature Indian and global supply chain,B,Mahindra Accelo FY2024-25 Annual Report; industry supply-chain evidence
NF NF 15D3,Steel,High,High,Established supplier ecosystem; exact supplier list should be verified for the required grade/region,Low,Mature Indian and global supply chain,B,Mahindra Accelo FY2024-25 Annual Report; industry supply-chain evidence
NF NF 15CD405,Steel,High,High,Established supplier ecosystem; exact supplier list should be verified for the required grade/region,Low,Mature Indian and global supply chain,B,Mahindra Accelo FY2024-25 Annual Report; industry supply-chain evidence
NF NF 25CD4,Steel,High,High,Established supplier ecosystem; exact supplier list should be verified for the required grade/region,Low,Mature Indian and global supply chain,B,Mahindra Accelo FY2024-25 Annual Report; industry supply-chain evidence
NF NF 34CD4,Steel,High,High,Established supplier ecosystem; exact supplier list should be verified for the required grade/region,Low,Mature Indian and global supply chain,B,Mahindra Accelo FY2024-25 Annual Report; industry supply-chain evidence
NF NF 42CD4 heat treated,Steel,High,High,Established supplier ecosystem; exact supplier list should be verified for the required grade/region,Low,Mature Indian and global supply chain,B,Mahindra Accelo FY2024-25 Annual Report; industry supply-chain evidence
NF NF 42CD4TS face hardened,Steel,High,High,Established supplier ecosystem; exact supplier list should be verified for the required grade/region,Low,Mature Indian and global supply chain,B,Mahindra Accelo FY2024-25 Annual Report; industry supply-chain evidence
NF NF 50CV4 heat treated,Steel,High,High,Established supplier ecosystem; exact supplier list should be verified for the required grade/region,Low,Mature Indian and global supply chain,B,Mahindra Accelo FY2024-25 Annual Report; industry supply-chain evidence
NF NF 40CAD612 nitrided,Steel,High,High,Established supplier ecosystem; exact supplier list should be verified for the required grade/region,Low,Mature Indian and global supply chain,B,Mahindra Accelo FY2024-25 Annual Report; industry supply-chain evidence
NF NF 30CD12 heat treated,Steel,High,High,Established supplier ecosystem; exact supplier list should be verified for the required grade/region,Low,Mature Indian and global supply chain,B,Mahindra Accelo FY2024-25 Annual Report; industry supply-chain evidence
NF NF 30CD12 nitrided,Steel,High,High,Established supplier ecosystem; exact supplier list should be verified for the required grade/region,Low,Mature Indian and global supply chain,B,Mahindra Accelo FY2024-25 Annual Report; industry supply-chain evidence
NF NF 16NC6 case-hardened,Steel,High,High,Established supplier ecosystem; exact supplier list should be verified for the required grade/region,Low,Mature Indian and global supply chain,B,Mahindra Accelo FY2024-25 Annual Report; industry supply-chain evidence
NF NF 18NCD6 case-hardened,Steel,High,High,Established supplier ecosystem; exact supplier list should be verified for the required grade/region,Low,Mature Indian and global supply chain,B,Mahindra Accelo FY2024-25 Annual Report; industry supply-chain evidence
NF NF 30CND8 heat treated,Steel,High,High,Established supplier ecosystem; exact supplier list should be verified for the required grade/region,Low,Mature Indian and global supply chain,B,Mahindra Accelo FY2024-25 Annual Report; industry supply-chain evidence
NF NF Z6C13,Steel,High,High,Established supplier ecosystem; exact supplier list should be verified for the required grade/region,Low,Mature Indian and global supply chain,B,Mahindra Accelo FY2024-25 Annual Report; industry supply-chain evidence
NF NF Z12C13,Steel,High,High,Established supplier ecosystem; exact supplier list should be verified for the required grade/region,Low,Mature Indian and global supply chain,B,Mahindra Accelo FY2024-25 Annual Report; industry supply-chain evidence
NF NF Z20C13,Steel,High,High,Established supplier ecosystem; exact supplier list should be verified for the required grade/region,Low,Mature Indian and global supply chain,B,Mahindra Accelo FY2024-25 Annual Report; industry supply-chain evidence
NF NF Z30C13,Steel,High,High,Established supplier ecosystem; exact supplier list should be verified for the required grade/region,Low,Mature Indian and global supply chain,B,Mahindra Accelo FY2024-25 Annual Report; industry supply-chain evidence
NF NF Z8C17,Steel,High,High,Established supplier ecosystem; exact supplier list should be verified for the required grade/region,Low,Mature Indian and global supply chain,B,Mahindra Accelo FY2024-25 Annual Report; industry supply-chain evidence
NF NF Z8CA7,Steel,High,High,Established supplier ecosystem; exact supplier list should be verified for the required grade/region,Low,Mature Indian and global supply chain,B,Mahindra Accelo FY2024-25 Annual Report; industry supply-chain evidence
NF NF Z45CS9,Steel,High,High,Established supplier ecosystem; exact supplier list should be verified for the required grade/region,Low,Mature Indian and global supply chain,B,Mahindra Accelo FY2024-25 Annual Report; industry supply-chain evidence
NF NF Z6CA13,Steel,High,High,Established supplier ecosystem; exact supplier list should be verified for the required grade/region,Low,Mature Indian and global supply chain,B,Mahindra Accelo FY2024-25 Annual Report; industry supply-chain evidence
NF NF Z10C13,Steel,High,High,Established supplier ecosystem; exact supplier list should be verified for the required grade/region,Low,Mature Indian and global supply chain,B,Mahindra Accelo FY2024-25 Annual Report; industry supply-chain evidence
NF NF Z85CDMV1802,Steel,High,High,Established supplier ecosystem; exact supplier list should be verified for the required grade/region,Low,Mature Indian and global supply chain,B,Mahindra Accelo FY2024-25 Annual Report; industry supply-chain evidence
NF NF Z6CN1809,Steel,High,High,Established supplier ecosystem; exact supplier list should be verified for the required grade/region,Low,Mature Indian and global supply chain,B,Mahindra Accelo FY2024-25 Annual Report; industry supply-chain evidence
NF NF Z6CNT1810,Steel,High,High,Established supplier ecosystem; exact supplier list should be verified for the required grade/region,Low,Mature Indian and global supply chain,B,Mahindra Accelo FY2024-25 Annual Report; industry supply-chain evidence
NF NF Z6CNT1812,Steel,High,High,Established supplier ecosystem; exact supplier list should be verified for the required grade/region,Low,Mature Indian and global supply chain,B,Mahindra Accelo FY2024-25 Annual Report; industry supply-chain evidence
NF NF Z2CN1810,Steel,High,High,Established supplier ecosystem; exact supplier list should be verified for the required grade/region,Low,Mature Indian and global supply chain,B,Mahindra Accelo FY2024-25 Annual Report; industry supply-chain evidence
NF NF Z15CN2413,Steel,High,High,Established supplier ecosystem; exact supplier list should be verified for the required grade/region,Low,Mature Indian and global supply chain,B,Mahindra Accelo FY2024-25 Annual Report; industry supply-chain evidence
NF NF Z12NCS3516,Steel,High,High,Established supplier ecosystem; exact supplier list should be verified for the required grade/region,Low,Mature Indian and global supply chain,B,Mahindra Accelo FY2024-25 Annual Report; industry supply-chain evidence
NF NF Z12CN2520,Steel,High,High,Established supplier ecosystem; exact supplier list should be verified for the required grade/region,Low,Mature Indian and global supply chain,B,Mahindra Accelo FY2024-25 Annual Report; industry supply-chain evidence
NF NF Z12CNS2520,Steel,High,High,Established supplier ecosystem; exact supplier list should be verified for the required grade/region,Low,Mature Indian and global supply chain,B,Mahindra Accelo FY2024-25 Annual Report; industry supply-chain evidence
NF NF Z15CN2413,Steel,High,High,Established supplier ecosystem; exact supplier list should be verified for the required grade/region,Low,Mature Indian and global supply chain,B,Mahindra Accelo FY2024-25 Annual Report; industry supply-chain evidence
NF NF Z12CNS2520,Steel,High,High,Established supplier ecosystem; exact supplier list should be verified for the required grade/region,Low,Mature Indian and global supply chain,B,Mahindra Accelo FY2024-25 Annual Report; industry supply-chain evidence
NF NF Z6CND1711,Steel,High,High,Established supplier ecosystem; exact supplier list should be verified for the required grade/region,Low,Mature Indian and global supply chain,B,Mahindra Accelo FY2024-25 Annual Report; industry supply-chain evidence
NF NF Z6CNDT1712,Steel,High,High,Established supplier ecosystem; exact supplier list should be verified for the required grade/region,Low,Mature Indian and global supply chain,B,Mahindra Accelo FY2024-25 Annual Report; industry supply-chain evidence
NF NF Z2CND1712,Steel,High,High,Established supplier ecosystem; exact supplier list should be verified for the required grade/region,Low,Mature Indian and global supply chain,B,Mahindra Accelo FY2024-25 Annual Report; industry supply-chain evidence
NF NF Z2CND1713,Steel,High,High,Established supplier ecosystem; exact supplier list should be verified for the required grade/region,Low,Mature Indian and global supply chain,B,Mahindra Accelo FY2024-25 Annual Report; industry supply-chain evidence
NF NF Z6CND1712,Steel,High,High,Established supplier ecosystem; exact supplier list should be verified for the required grade/region,Low,Mature Indian and global supply chain,B,Mahindra Accelo FY2024-25 Annual Report; industry supply-chain evidence
NF NF Z52CMN2109,Steel,High,High,Established supplier ecosystem; exact supplier list should be verified for the required grade/region,Low,Mature Indian and global supply chain,B,Mahindra Accelo FY2024-25 Annual Report; industry supply-chain evidence
NF Grey cast iron,Cast iron,High,High,Established supplier ecosystem; exact supplier list should be verified for the required grade/region,Low,Mature foundry and automotive supply chain,C,Class-level market assessment; grade-specific supplier verification required
NF Grey cast iron,Cast iron,High,High,Established supplier ecosystem; exact supplier list should be verified for the required grade/region,Low,Mature foundry and automotive supply chain,C,Class-level market assessment; grade-specific supplier verification required
NF Grey cast iron,Cast iron,High,High,Established supplier ecosystem; exact supplier list should be verified for the required grade/region,Low,Mature foundry and automotive supply chain,C,Class-level market assessment; grade-specific supplier verification required
NF Grey cast iron,Cast iron,High,High,Established supplier ecosystem; exact supplier list should be verified for the required grade/region,Low,Mature foundry and automotive supply chain,C,Class-level market assessment; grade-specific supplier verification required
NF Grey cast iron,Cast iron,High,High,Established supplier ecosystem; exact supplier list should be verified for the required grade/region,Low,Mature foundry and automotive supply chain,C,Class-level market assessment; grade-specific supplier verification required
NF Nodular cast iron,Cast iron,High,High,Established supplier ecosystem; exact supplier list should be verified for the required grade/region,Low,Mature foundry and automotive supply chain,C,Class-level market assessment; grade-specific supplier verification required
NF Nodular cast iron,Cast iron,High,High,Established supplier ecosystem; exact supplier list should be verified for the required grade/region,Low,Mature foundry and automotive supply chain,C,Class-level market assessment; grade-specific supplier verification required
NF Nodular cast iron,Cast iron,High,High,Established supplier ecosystem; exact supplier list should be verified for the required grade/region,Low,Mature foundry and automotive supply chain,C,Class-level market assessment; grade-specific supplier verification required
NF Nodular cast iron,Cast iron,High,High,Established supplier ecosystem; exact supplier list should be verified for the required grade/region,Low,Mature foundry and automotive supply chain,C,Class-level market assessment; grade-specific supplier verification required
NF Malleable cast iron,Cast iron,High,High,Established supplier ecosystem; exact supplier list should be verified for the required grade/region,Low,Mature foundry and automotive supply chain,C,Class-level market assessment; grade-specific supplier verification required
NF Malleable cast iron,Cast iron,High,High,Established supplier ecosystem; exact supplier list should be verified for the required grade/region,Low,Mature foundry and automotive supply chain,C,Class-level market assessment; grade-specific supplier verification required
JIS JIS SUM22,Steel,High,High,Established supplier ecosystem; exact supplier list should be verified for the required grade/region,Low,Mature Indian and global supply chain,B,Mahindra Accelo FY2024-25 Annual Report; industry supply-chain evidence
JIS JIS SS330,Steel,High,High,Established supplier ecosystem; exact supplier list should be verified for the required grade/region,Low,Mature Indian and global supply chain,B,Mahindra Accelo FY2024-25 Annual Report; industry supply-chain evidence
JIS JIS STKM13B,Steel,High,High,Established supplier ecosystem; exact supplier list should be verified for the required grade/region,Low,Mature Indian and global supply chain,B,Mahindra Accelo FY2024-25 Annual Report; industry supply-chain evidence
JIS JIS STKM12A,Steel,High,High,Established supplier ecosystem; exact supplier list should be verified for the required grade/region,Low,Mature Indian and global supply chain,B,Mahindra Accelo FY2024-25 Annual Report; industry supply-chain evidence
JIS JIS STKM12C,Steel,High,High,Established supplier ecosystem; exact supplier list should be verified for the required grade/region,Low,Mature Indian and global supply chain,B,Mahindra Accelo FY2024-25 Annual Report; industry supply-chain evidence
JIS JIS SS400,Steel,High,High,Established supplier ecosystem; exact supplier list should be verified for the required grade/region,Low,Mature Indian and global supply chain,B,Mahindra Accelo FY2024-25 Annual Report; industry supply-chain evidence
JIS JIS SS490,Steel,High,High,Established supplier ecosystem; exact supplier list should be verified for the required grade/region,Low,Mature Indian and global supply chain,B,Mahindra Accelo FY2024-25 Annual Report; industry supply-chain evidence
JIS JIS SM52OC,Steel,High,High,Established supplier ecosystem; exact supplier list should be verified for the required grade/region,Low,Mature Indian and global supply chain,B,Mahindra Accelo FY2024-25 Annual Report; industry supply-chain evidence
JIS JIS SM52OB,Steel,High,High,Established supplier ecosystem; exact supplier list should be verified for the required grade/region,Low,Mature Indian and global supply chain,B,Mahindra Accelo FY2024-25 Annual Report; industry supply-chain evidence
JIS JIS STKM16A,Steel,High,High,Established supplier ecosystem; exact supplier list should be verified for the required grade/region,Low,Mature Indian and global supply chain,B,Mahindra Accelo FY2024-25 Annual Report; industry supply-chain evidence
JIS JIS STKM16C,Steel,High,High,Established supplier ecosystem; exact supplier list should be verified for the required grade/region,Low,Mature Indian and global supply chain,B,Mahindra Accelo FY2024-25 Annual Report; industry supply-chain evidence
JIS JIS SM570,Steel,High,High,Established supplier ecosystem; exact supplier list should be verified for the required grade/region,Low,Mature Indian and global supply chain,B,Mahindra Accelo FY2024-25 Annual Report; industry supply-chain evidence
JIS JIS S10C,Steel,High,High,Established supplier ecosystem; exact supplier list should be verified for the required grade/region,Low,Mature Indian and global supply chain,B,Mahindra Accelo FY2024-25 Annual Report; industry supply-chain evidence
JIS JIS S15C,Steel,High,High,Established supplier ecosystem; exact supplier list should be verified for the required grade/region,Low,Mature Indian and global supply chain,B,Mahindra Accelo FY2024-25 Annual Report; industry supply-chain evidence
JIS JIS S22C,Steel,High,High,Established supplier ecosystem; exact supplier list should be verified for the required grade/region,Low,Mature Indian and global supply chain,B,Mahindra Accelo FY2024-25 Annual Report; industry supply-chain evidence
JIS JIS S25C,Steel,High,High,Established supplier ecosystem; exact supplier list should be verified for the required grade/region,Low,Mature Indian and global supply chain,B,Mahindra Accelo FY2024-25 Annual Report; industry supply-chain evidence
JIS JIS S30C,Steel,High,High,Established supplier ecosystem; exact supplier list should be verified for the required grade/region,Low,Mature Indian and global supply chain,B,Mahindra Accelo FY2024-25 Annual Report; industry supply-chain evidence
JIS JIS S35C,Steel,High,High,Established supplier ecosystem; exact supplier list should be verified for the required grade/region,Low,Mature Indian and global supply chain,B,Mahindra Accelo FY2024-25 Annual Report; industry supply-chain evidence
JIS JIS S40C,Steel,High,High,Established supplier ecosystem; exact supplier list should be verified for the required grade/region,Low,Mature Indian and global supply chain,B,Mahindra Accelo FY2024-25 Annual Report; industry supply-chain evidence
JIS JIS S45C,Steel,High,High,Established supplier ecosystem; exact supplier list should be verified for the required grade/region,Low,Mature Indian and global supply chain,B,Mahindra Accelo FY2024-25 Annual Report; industry supply-chain evidence
JIS JIS S50C,Steel,High,High,Established supplier ecosystem; exact supplier list should be verified for the required grade/region,Low,Mature Indian and global supply chain,B,Mahindra Accelo FY2024-25 Annual Report; industry supply-chain evidence
JIS JIS S55C,Steel,High,High,Established supplier ecosystem; exact supplier list should be verified for the required grade/region,Low,Mature Indian and global supply chain,B,Mahindra Accelo FY2024-25 Annual Report; industry supply-chain evidence
JIS JIS S58C,Steel,High,High,Established supplier ecosystem; exact supplier list should be verified for the required grade/region,Low,Mature Indian and global supply chain,B,Mahindra Accelo FY2024-25 Annual Report; industry supply-chain evidence
JIS JIS SMn433,Steel,High,High,Established supplier ecosystem; exact supplier list should be verified for the required grade/region,Low,Mature Indian and global supply chain,B,Mahindra Accelo FY2024-25 Annual Report; industry supply-chain evidence
JIS JIS SCr430,Steel,High,High,Established supplier ecosystem; exact supplier list should be verified for the required grade/region,Low,Mature Indian and global supply chain,B,Mahindra Accelo FY2024-25 Annual Report; industry supply-chain evidence
JIS JIS SCr435,Steel,High,High,Established supplier ecosystem; exact supplier list should be verified for the required grade/region,Low,Mature Indian and global supply chain,B,Mahindra Accelo FY2024-25 Annual Report; industry supply-chain evidence
JIS JIS SCr440,Steel,High,High,Established supplier ecosystem; exact supplier list should be verified for the required grade/region,Low,Mature Indian and global supply chain,B,Mahindra Accelo FY2024-25 Annual Report; industry supply-chain evidence
JIS JIS SMnC420,Steel,High,High,Established supplier ecosystem; exact supplier list should be verified for the required grade/region,Low,Mature Indian and global supply chain,B,Mahindra Accelo FY2024-25 Annual Report; industry supply-chain evidence
JIS JIS SUP9 heat treated,Steel,High,High,Established supplier ecosystem; exact supplier list should be verified for the required grade/region,Low,Mature Indian and global supply chain,B,Mahindra Accelo FY2024-25 Annual Report; industry supply-chain evidence
JIS JIS SCM430,Steel,High,High,Established supplier ecosystem; exact supplier list should be verified for the required grade/region,Low,Mature Indian and global supply chain,B,Mahindra Accelo FY2024-25 Annual Report; industry supply-chain evidence
JIS JIS SCM435,Steel,High,High,Established supplier ecosystem; exact supplier list should be verified for the required grade/region,Low,Mature Indian and global supply chain,B,Mahindra Accelo FY2024-25 Annual Report; industry supply-chain evidence
JIS JIS SCM440,Steel,High,High,Established supplier ecosystem; exact supplier list should be verified for the required grade/region,Low,Mature Indian and global supply chain,B,Mahindra Accelo FY2024-25 Annual Report; industry supply-chain evidence
JIS JIS SCM445,Steel,High,High,Established supplier ecosystem; exact supplier list should be verified for the required grade/region,Low,Mature Indian and global supply chain,B,Mahindra Accelo FY2024-25 Annual Report; industry supply-chain evidence
JIS JIS SUP10,Steel,High,High,Established supplier ecosystem; exact supplier list should be verified for the required grade/region,Low,Mature Indian and global supply chain,B,Mahindra Accelo FY2024-25 Annual Report; industry supply-chain evidence
JIS JIS SNC815,Steel,High,High,Established supplier ecosystem; exact supplier list should be verified for the required grade/region,Low,Mature Indian and global supply chain,B,Mahindra Accelo FY2024-25 Annual Report; industry supply-chain evidence
JIS JIS SNCM815,Steel,High,High,Established supplier ecosystem; exact supplier list should be verified for the required grade/region,Low,Mature Indian and global supply chain,B,Mahindra Accelo FY2024-25 Annual Report; industry supply-chain evidence
JIS JIS SNCM447,Steel,High,High,Established supplier ecosystem; exact supplier list should be verified for the required grade/region,Low,Mature Indian and global supply chain,B,Mahindra Accelo FY2024-25 Annual Report; industry supply-chain evidence
JIS JIS SNCM630,Steel,High,High,Established supplier ecosystem; exact supplier list should be verified for the required grade/region,Low,Mature Indian and global supply chain,B,Mahindra Accelo FY2024-25 Annual Report; industry supply-chain evidence
JIS JIS SUS403,Steel,High,High,Established supplier ecosystem; exact supplier list should be verified for the required grade/region,Low,Mature Indian and global supply chain,B,Mahindra Accelo FY2024-25 Annual Report; industry supply-chain evidence
JIS JIS SUS405,Steel,High,High,Established supplier ecosystem; exact supplier list should be verified for the required grade/region,Low,Mature Indian and global supply chain,B,Mahindra Accelo FY2024-25 Annual Report; industry supply-chain evidence
JIS JIS SUS410,Steel,High,High,Established supplier ecosystem; exact supplier list should be verified for the required grade/region,Low,Mature Indian and global supply chain,B,Mahindra Accelo FY2024-25 Annual Report; industry supply-chain evidence
JIS JIS SUS420J1,Steel,High,High,Established supplier ecosystem; exact supplier list should be verified for the required grade/region,Low,Mature Indian and global supply chain,B,Mahindra Accelo FY2024-25 Annual Report; industry supply-chain evidence
JIS JIS SUS420J2,Steel,High,High,Established supplier ecosystem; exact supplier list should be verified for the required grade/region,Low,Mature Indian and global supply chain,B,Mahindra Accelo FY2024-25 Annual Report; industry supply-chain evidence
JIS JIS SUS430,Steel,High,High,Established supplier ecosystem; exact supplier list should be verified for the required grade/region,Low,Mature Indian and global supply chain,B,Mahindra Accelo FY2024-25 Annual Report; industry supply-chain evidence
JIS JIS SUS431,Steel,High,High,Established supplier ecosystem; exact supplier list should be verified for the required grade/region,Low,Mature Indian and global supply chain,B,Mahindra Accelo FY2024-25 Annual Report; industry supply-chain evidence
JIS JIS SUS304,Steel,High,High,Established supplier ecosystem; exact supplier list should be verified for the required grade/region,Low,Mature Indian and global supply chain,B,Mahindra Accelo FY2024-25 Annual Report; industry supply-chain evidence
JIS JIS SUS303,Steel,High,High,Established supplier ecosystem; exact supplier list should be verified for the required grade/region,Low,Mature Indian and global supply chain,B,Mahindra Accelo FY2024-25 Annual Report; industry supply-chain evidence
JIS JIS SUS316,Steel,High,High,Established supplier ecosystem; exact supplier list should be verified for the required grade/region,Low,Mature Indian and global supply chain,B,Mahindra Accelo FY2024-25 Annual Report; industry supply-chain evidence
JIS JIS SUS316L,Steel,High,High,Established supplier ecosystem; exact supplier list should be verified for the required grade/region,Low,Mature Indian and global supply chain,B,Mahindra Accelo FY2024-25 Annual Report; industry supply-chain evidence
JIS JIS SUS321,Steel,High,High,Established supplier ecosystem; exact supplier list should be verified for the required grade/region,Low,Mature Indian and global supply chain,B,Mahindra Accelo FY2024-25 Annual Report; industry supply-chain evidence
JIS JIS SUS304L,Steel,High,High,Established supplier ecosystem; exact supplier list should be verified for the required grade/region,Low,Mature Indian and global supply chain,B,Mahindra Accelo FY2024-25 Annual Report; industry supply-chain evidence
JIS JIS SUS3093,Steel,High,High,Established supplier ecosystem; exact supplier list should be verified for the required grade/region,Low,Mature Indian and global supply chain,B,Mahindra Accelo FY2024-25 Annual Report; industry supply-chain evidence
JIS JIS SUH1,Steel,High,High,Established supplier ecosystem; exact supplier list should be verified for the required grade/region,Low,Mature Indian and global supply chain,B,Mahindra Accelo FY2024-25 Annual Report; industry supply-chain evidence
JIS JIS SUH330,Steel,High,High,Established supplier ecosystem; exact supplier list should be verified for the required grade/region,Low,Mature Indian and global supply chain,B,Mahindra Accelo FY2024-25 Annual Report; industry supply-chain evidence
JIS JIS SUH310,Steel,High,High,Established supplier ecosystem; exact supplier list should be verified for the required grade/region,Low,Mature Indian and global supply chain,B,Mahindra Accelo FY2024-25 Annual Report; industry supply-chain evidence
JIS JIS SUH35,Steel,High,High,Established supplier ecosystem; exact supplier list should be verified for the required grade/region,Low,Mature Indian and global supply chain,B,Mahindra Accelo FY2024-25 Annual Report; industry supply-chain evidence
JIS Grey cast iron,Cast iron,High,High,Established supplier ecosystem; exact supplier list should be verified for the required grade/region,Low,Mature foundry and automotive supply chain,C,Class-level market assessment; grade-specific supplier verification required
JIS Grey cast iron,Cast iron,High,High,Established supplier ecosystem; exact supplier list should be verified for the required grade/region,Low,Mature foundry and automotive supply chain,C,Class-level market assessment; grade-specific supplier verification required
JIS Grey cast iron,Cast iron,High,High,Established supplier ecosystem; exact supplier list should be verified for the required grade/region,Low,Mature foundry and automotive supply chain,C,Class-level market assessment; grade-specific supplier verification required
JIS Grey cast iron,Cast iron,High,High,Established supplier ecosystem; exact supplier list should be verified for the required grade/region,Low,Mature foundry and automotive supply chain,C,Class-level market assessment; grade-specific supplier verification required
JIS Grey cast iron,Cast iron,High,High,Established supplier ecosystem; exact supplier list should be verified for the required grade/region,Low,Mature foundry and automotive supply chain,C,Class-level market assessment; grade-specific supplier verification required
JIS Nodular cast iron,Cast iron,High,High,Established supplier ecosystem; exact supplier list should be verified for the required grade/region,Low,Mature foundry and automotive supply chain,C,Class-level market assessment; grade-specific supplier verification required
JIS Nodular cast iron,Cast iron,High,High,Established supplier ecosystem; exact supplier list should be verified for the required grade/region,Low,Mature foundry and automotive supply chain,C,Class-level market assessment; grade-specific supplier verification required
JIS Nodular cast iron,Cast iron,High,High,Established supplier ecosystem; exact supplier list should be verified for the required grade/region,Low,Mature foundry and automotive supply chain,C,Class-level market assessment; grade-specific supplier verification required
JIS Nodular cast iron,Cast iron,High,High,Established supplier ecosystem; exact supplier list should be verified for the required grade/region,Low,Mature foundry and automotive supply chain,C,Class-level market assessment; grade-specific supplier verification required
JIS Malleable cast iron,Cast iron,High,High,Established supplier ecosystem; exact supplier list should be verified for the required grade/region,Low,Mature foundry and automotive supply chain,C,Class-level market assessment; grade-specific supplier verification required
JIS Malleable cast iron,Cast iron,High,High,Established supplier ecosystem; exact supplier list should be verified for the required grade/region,Low,Mature foundry and automotive supply chain,C,Class-level market assessment; grade-specific supplier verification required
